accession number,genotype
AF245951,1a
AM265946,1a
AM265945,1a
AM265944,1a
AM265943,1a
AM265942,1a
AM265941,1a
AM265940,1a
AM265939,1a
AM265938,1a
AM265947,1a
AM265937,1a
AM265935,1a
AM265934,1a
AM265933,1a
AM265932,1a
AM265931,1a
AM265930,1a
AM265929,1a
AM265928,1a
AM265927,1a
AM265936,1a
AM265948,1a
AM265949,1a
AM265950,1a
AM265971,1a
AM265970,1a
AM265969,1a
AM265968,1a
AM265967,1a
AM265966,1a
AM265965,1a
AM265964,1a
AM265963,1a
AM265962,1a
AM265961,1a
AM265960,1a
AM265959,1a
AM265958,1a
AM265957,1a
AM265956,1a
AM265955,1a
AM265954,1a
AM265953,1a
AM265952,1a
AM265951,1a
AM265926,1a
AM265925,1a
AM265924,1a
AM265923,1a
AM265897,1a
AM265896,1a
AM265895,1a
AM265894,1a
AM265893,1a
AM265892,1a
AM265891,1a
AM265890,1a
AM265889,1a
AM265887,1a
AM265886,1a
AM265885,1a
AM265884,1a
AM265883,1a
AM265882,1a
AM265881,1a
AM265880,1a
AM265879,1a
AM265878,1a
AM265877,1a
AM265898,1a
AM265972,1a
AM265899,1a
AM265901,1a
AM265922,1a
AM265921,1a
AM265920,1a
AM265919,1a
AM265918,1a
AM265917,1a
AM265916,1a
AM265915,1a
AM265914,1a
AM265913,1a
AM265912,1a
AM265911,1a
AM265910,1a
AM265909,1a
AM265908,1a
AM265907,1a
AM265906,1a
AM265905,1a
AM265904,1a
AM265903,1a
AM265902,1a
AM265900,1a
AM265973,1a
AM265974,1a
AM265975,1a
AM266046,1a
AM266045,1a
AM266044,1a
AM266043,1a
AM266042,1a
AM266041,1a
AM266040,1a
AM266039,1a
AM266038,1a
AM266037,1a
AM266036,1a
AM266035,1a
AM266034,1a
AM266033,1a
AM266032,1a
AM266031,1a
AM266030,1a
AM266029,1a
AM266028,1a
AM266027,1a
AM266026,1a
AM266047,1a
AM266025,1a
AM266048,1a
AM266050,1a
AM266071,1a
AM266070,1a
AM266069,1a
AM266068,1a
AM266067,1a
AM266066,1a
AM266065,1a
AM266064,1a
AM266063,1a
AM266062,1a
AM266061,1a
AM266060,1a
AM266059,1a
AM266058,1a
AM266057,1a
AM266056,1a
AM266055,1a
AM266054,1a
AM266053,1a
AM266052,1a
AM266051,1a
AM266049,1a
AM265876,1a
AM266024,1a
AM266022,1a
AM265996,1a
AM265995,1a
AM265994,1a
AM265993,1a
AM265992,1a
AM265991,1a
AM265990,1a
AM265989,1a
AM265988,1a
AM265987,1a
AM265986,1a
AM265985,1a
AM265984,1a
AM265983,1a
AM265982,1a
AM265981,1a
AM265980,1a
AM265979,1a
AM265978,1a
AM265977,1a
AM265976,1a
AM265997,1a
AM266023,1a
AM265998,1a
AM266000,1a
AM266021,1a
AM266020,1a
AM266019,1a
AM266018,1a
AM266017,1a
AM266016,1a
AM266015,1a
AM266013,1a
AM266012,1a
AM266011,1a
AM266010,1a
AM266009,1a
AM266008,1a
AM266007,1a
AM266006,1a
AM266005,1a
AM266004,1a
AM266003,1a
AM266002,1a
AM266001,1a
AM265999,1a
AM265875,1a
AM265874,1a
AM265873,1a
AM265747,1a
AM265746,1a
AM265745,1a
AM265744,1a
AM265743,1a
AM265742,1a
AM265741,1a
AM265740,1a
AM265739,1a
AM265738,1a
AM265737,1a
AM265736,1a
AM265735,1a
AM265734,1a
AM265733,1a
AM265732,1a
AM265731,1a
AM265730,1a
AM265729,1a
AM265728,1a
AM265727,1a
AM265748,1a
AM265726,1a
AM265749,1a
AM265751,1a
AM265772,1a
AM265771,1a
AM265770,1a
AM265769,1a
AM265768,1a
AM265767,1a
AM265766,1a
AM265765,1a
AM265764,1a
AM265763,1a
AM265762,1a
AM265761,1a
AM265760,1a
AM265759,1a
AM265758,1a
AM265757,1a
AM265756,1a
AM265755,1a
AM265754,1a
AM265753,1a
AM265752,1a
AM265750,1a
AM265773,1a
AM265725,1a
AM265723,1a
AM263284,1a
AM263283,1a
AM263282,1a
AM263281,1a
AM263280,1a
AM263279,1a
AM263275,1a
AM263272,1a
AM263268,1a
AM263265,1a
AM263259,1a
AM263257,1a
AM263256,1a
AM263254,1a
AM263252,1a
AM263230,1a
AM263228,1a
AM263226,1a
AM263220,1a
AM263217,1a
AM114100,1a
AM263285,1a
AM265724,1a
AM263291,1a
AM263296,1a
AM265722,1a
AM265721,1a
AM265720,1a
AM265719,1a
AM265718,1a
AM265717,1a
AM265716,1a
AM265715,1a
AM265714,1a
AM265713,1a
AM265712,1a
AM265711,1a
AM265710,1a
AM265709,1a
AM265708,1a
AM265707,1a
AM265706,1a
AM265705,1a
AM265704,1a
AM265703,1a
AM265702,1a
AM263292,1a
AM266072,1a
AM265774,1a
AM265776,1a
AM265847,1a
AM265846,1a
AM265845,1a
AM265844,1a
AM265843,1a
AM265842,1a
AM265841,1a
AM265840,1a
AM265839,1a
AM265838,1a
AM265837,1a
AM265836,1a
AM265835,1a
AM265834,1a
AM265833,1a
AM265832,1a
AM265831,1a
AM265830,1a
AM265829,1a
AM265828,1a
AM265827,1a
AM265848,1a
AM265826,1a
AM265849,1a
AM265851,1a
AM265872,1a
AM265871,1a
AM265870,1a
AM265869,1a
AM265868,1a
AM265867,1a
AM265866,1a
AM265865,1a
AM265864,1a
AM265863,1a
AM265862,1a
AM265861,1a
AM265860,1a
AM265859,1a
AM265858,1a
AM265857,1a
AM265856,1a
AM265855,1a
AM265854,1a
AM265853,1a
AM265852,1a
AM265850,1a
AM265775,1a
AM265825,1a
AM265823,1a
AM265797,1a
AM265796,1a
AM265795,1a
AM265794,1a
AM265793,1a
AM265792,1a
AM265791,1a
AM265790,1a
AM265789,1a
AM265788,1a
AM265787,1a
AM265786,1a
AM265785,1a
AM265784,1a
AM265783,1a
AM265782,1a
AM265781,1a
AM265780,1a
AM265779,1a
AM265778,1a
AM265777,1a
AM265798,1a
AM265824,1a
AM265799,1a
AM265801,1a
AM265822,1a
AM265821,1a
AM265820,1a
AM265819,1a
AM265818,1a
AM265817,1a
AM265816,1a
AM265815,1a
AM265814,1a
AM265813,1a
AM265812,1a
AM265811,1a
AM265810,1a
AM265809,1a
AM265808,1a
AM265807,1a
AM265806,1a
AM265805,1a
AM265804,1a
AM265803,1a
AM265802,1a
AM265800,1a
AM266073,1a
AM266074,1a
AM266075,1a
AM266347,1a
AM266346,1a
AM266345,1a
AM266344,1a
AM266343,1a
AM266342,1a
AM266341,1a
AM266340,1a
AM266339,1a
AM266338,1a
AM266337,1a
AM266336,1a
AM266335,1a
AM266334,1a
AM266333,1a
AM266332,1a
AM266331,1a
AM266330,1a
AM266329,1a
AM266328,1a
AM266327,1a
AM266348,1a
AM266326,1a
AM266349,1a
AM266372,1a
AM266371,1a
AM266370,1a
AM266369,1a
AM266368,1a
AM266367,1a
AM266366,1a
AM266365,1a
AM266364,1a
AM266363,1a
AM266362,1a
AM266361,1a
AM266360,1a
AM266359,1a
AM266358,1a
AM266357,1a
AM266356,1a
AM266355,1a
AM266354,1a
AM266353,1a
AM266352,1a
AM266350,1a
AM266373,1a
AM266325,1a
AM266323,1a
AM266297,1a
AM266296,1a
AM266295,1a
AM266294,1a
AM266293,1a
AM266292,1a
AM266291,1a
AM266290,1a
AM266289,1a
AM266288,1a
AM266287,1a
AM266286,1a
AM266285,1a
AM266284,1a
AM266283,1a
AM266282,1a
AM266281,1a
AM266280,1a
AM266279,1a
AM266278,1a
AM266277,1a
AM266298,1a
AM266299,1a
AM266301,1a
AM266322,1a
AM266321,1a
AM266320,1a
AM266319,1a
AM266318,1a
AM266317,1a
AM266316,1a
AM266315,1a
AM266314,1a
AM266313,1a
AM266312,1a
AM266311,1a
AM266310,1a
AM266309,1a
AM266308,1a
AM266307,1a
AM266306,1a
AM266305,1a
AM266304,1a
AM266303,1a
AM266302,1a
AM266300,1a
AM266276,1a
AM266374,1a
AM266376,1a
AM266447,1a
AM266446,1a
AM266445,1a
AM266444,1a
AM266443,1a
AM266442,1a
AM266441,1a
AM266440,1a
AM266439,1a
AM266438,1a
AM266437,1a
AM266436,1a
AM266435,1a
AM266434,1a
AM266433,1a
AM266432,1a
AM266431,1a
AM266430,1a
AM266429,1a
AM266428,1a
AM266427,1a
AM266448,1a
AM266426,1a
AM266449,1a
AM266451,1a
AM266472,1a
AM266471,1a
AM266470,1a
AM266469,1a
AM266468,1a
AM266467,1a
AM266466,1a
AM266465,1a
AM266464,1a
AM266463,1a
AM266462,1a
AM266461,1a
AM266460,1a
AM266459,1a
AM266458,1a
AM266457,1a
AM266456,1a
AM266455,1a
AM266454,1a
AM266453,1a
AM266452,1a
AM266450,1a
AM266375,1a
AM266425,1a
AM266423,1a
AM266397,1a
AM266395,1a
AM266394,1a
AM266393,1a
AM266392,1a
AM266391,1a
AM266390,1a
AM266389,1a
AM266388,1a
AM266387,1a
AM266386,1a
AM266385,1a
AM266384,1a
AM266383,1a
AM266382,1a
AM266381,1a
AM266380,1a
AM266379,1a
AM266378,1a
AM266377,1a
AM266398,1a
AM266424,1a
AM266399,1a
AM266401,1a
AM266422,1a
AM266421,1a
AM266420,1a
AM266419,1a
AM266418,1a
AM266417,1a
AM266416,1a
AM266415,1a
AM266414,1a
AM266412,1a
AM266411,1a
AM266410,1a
AM266408,1a
AM266407,1a
AM266406,1a
AM266404,1a
AM266403,1a
AM266402,1a
AM266400,1a
AM075804,1a
AM266275,1a
AM266273,1a
AM266146,1a
AM266145,1a
AM266144,1a
AM266143,1a
AM266142,1a
AM266141,1a
AM266140,1a
AM266139,1a
AM266138,1a
AM266137,1a
AM266136,1a
AM266135,1a
AM266134,1a
AM266133,1a
AM266132,1a
AM266131,1a
AM266130,1a
AM266129,1a
AM266128,1a
AM266127,1a
AM266147,1a
AM266125,1a
AM266148,1a
AM266150,1a
AM266171,1a
AM266170,1a
AM266169,1a
AM266168,1a
AM266167,1a
AM266166,1a
AM266165,1a
AM266164,1a
AM266163,1a
AM266162,1a
AM266161,1a
AM266160,1a
AM266159,1a
AM266158,1a
AM266157,1a
AM266156,1a
AM266155,1a
AM266154,1a
AM266153,1a
AM266152,1a
AM266151,1a
AM266149,1a
AM266172,1a
AM266124,1a
AM266122,1a
AM266096,1a
AM266095,1a
AM266094,1a
AM266093,1a
AM266092,1a
AM266091,1a
AM266090,1a
AM266089,1a
AM266088,1a
AM266087,1a
AM266086,1a
AM266085,1a
AM266084,1a
AM266083,1a
AM266082,1a
AM266081,1a
AM266080,1a
AM266079,1a
AM266078,1a
AM266077,1a
AM266076,1a
AM266097,1a
AM266123,1a
AM266098,1a
AM266100,1a
AM266121,1a
AM266120,1a
AM266119,1a
AM266118,1a
AM266117,1a
AM266116,1a
AM266115,1a
AM266114,1a
AM266113,1a
AM266112,1a
AM266111,1a
AM266110,1a
AM266109,1a
AM266108,1a
AM266107,1a
AM266106,1a
AM266105,1a
AM266104,1a
AM266103,1a
AM266102,1a
AM266101,1a
AM266099,1a
AM266274,1a
AM266173,1a
AM266175,1a
AM266246,1a
AM266245,1a
AM266244,1a
AM266243,1a
AM266242,1a
AM266241,1a
AM266240,1a
AM266239,1a
AM266238,1a
AM266237,1a
AM266236,1a
AM266235,1a
AM266234,1a
AM266233,1a
AM266232,1a
AM266231,1a
AM266230,1a
AM266229,1a
AM266228,1a
AM266227,1a
AM266226,1a
AM266247,1a
AM266225,1a
AM266248,1a
AM266250,1a
AM266272,1a
AM266271,1a
AM266270,1a
AM266269,1a
AM266267,1a
AM266266,1a
AM266265,1a
AM266264,1a
AM266263,1a
AM266262,1a
AM266261,1a
AM266260,1a
AM266259,1a
AM266258,1a
AM266257,1a
AM266256,1a
AM266255,1a
AM266254,1a
AM266253,1a
AM266252,1a
AM266251,1a
AM266249,1a
AM266174,1a
AM266224,1a
AM266222,1a
AM266196,1a
AM266195,1a
AM266194,1a
AM266193,1a
AM266192,1a
AM266191,1a
AM266190,1a
AM266189,1a
AM266188,1a
AM266187,1a
AM266186,1a
AM266185,1a
AM266184,1a
AM266183,1a
AM266182,1a
AM266181,1a
AM266180,1a
AM266179,1a
AM266178,1a
AM266177,1a
AM266176,1a
AM266197,1a
AM266223,1a
AM266198,1a
AM266200,1a
AM266221,1a
AM266220,1a
AM266219,1a
AM266218,1a
AM266217,1a
AM266216,1a
AM266215,1a
AM266214,1a
AM266213,1a
AM266212,1a
AM266211,1a
AM266210,1a
AM266209,1a
AM266208,1a
AM266207,1a
AM266206,1a
AM266205,1a
AM266204,1a
AM266203,1a
AM266202,1a
AM266201,1a
AM266199,1a
AM266473,1a
AM075803,1a
AM075801,1a
AJ511064,1a
AJ511063,1a
AJ511062,1a
AJ511061,1a
AJ511060,1a
AJ511059,1a
AJ511057,1a
AJ511056,1a
AJ511055,1a
AJ511053,1a
AJ511052,1a
AJ511051,1a
AJ511050,1a
AJ511049,1a
AJ511048,1a
AJ511047,1a
AJ511046,1a
AJ511045,1a
AJ511054,1a
AJ511066,1a
AJ511067,1a
AJ511068,1a
AJ511089,1a
AJ511088,1a
AJ511087,1a
AJ511086,1a
AJ511085,1a
AJ511084,1a
AJ511083,1a
AJ511082,1a
AJ511081,1a
AJ511078,1a
AJ511077,1a
AJ511076,1a
AJ511075,1a
AJ511074,1a
AJ511072,1a
AJ511071,1a
AJ511070,1a
AJ511044,1a
AJ511043,1a
AJ511042,1a
AJ511041,1a
AJ510956,1a
AJ510954,1a
AJ510953,1a
AJ510952,1a
AJ510951,1a
AJ510944,1a
AJ510942,1a
AJ510941,1a
AJ510940,1a
AJ511090,1a
AJ510958,1a
AJ511019,1a
AJ511039,1a
AJ511038,1a
AJ511037,1a
AJ511036,1a
AJ511035,1a
AJ511034,1a
AJ511033,1a
AJ511032,1a
AJ511031,1a
AJ511030,1a
AJ511029,1a
AJ511028,1a
AJ511026,1a
AJ511025,1a
AJ511024,1a
AJ511023,1a
AJ511022,1a
AJ511021,1a
AJ511020,1a
AJ511018,1a
AJ511091,1a
AJ511092,1a
AJ511093,1a
AJ560384,1a
AJ560383,1a
AJ560382,1a
AJ560381,1a
AJ560380,1a
AJ560379,1a
AJ560378,1a
AJ560377,1a
AJ560376,1a
AJ560375,1a
AJ560374,1a
AJ560373,1a
AJ560372,1a
AJ560371,1a
AJ560370,1a
AJ560369,1a
AJ560368,1a
AJ560367,1a
AJ560366,1a
AJ560365,1a
AJ560364,1a
AJ560385,1a
AJ560363,1a
AJ560386,1a
AJ560388,1a
AJ560409,1a
AJ560408,1a
AJ560407,1a
AJ560406,1a
AJ560405,1a
AJ560404,1a
AJ560403,1a
AJ560402,1a
AJ560401,1a
AJ560400,1a
AJ560399,1a
AJ560398,1a
AJ560397,1a
AJ560396,1a
AJ560395,1a
AJ560394,1a
AJ560393,1a
AJ560392,1a
AJ560391,1a
AJ560390,1a
AJ560389,1a
AJ560387,1a
AJ560362,1a
AJ560360,1a
AJ560334,1a
AJ560333,1a
AJ557444,1a
AJ557443,1a
AJ511257,1a
AJ511256,1a
AJ511255,1a
AJ511106,1a
AJ511105,1a
AJ511104,1a
AJ511100,1a
AJ511098,1a
AJ511097,1a
AJ511095,1a
AJ511094,1a
AJ560335,1a
AJ560361,1a
AJ560336,1a
AJ560338,1a
AJ560359,1a
AJ560358,1a
AJ560357,1a
AJ560356,1a
AJ560355,1a
AJ560354,1a
AJ560353,1a
AJ560352,1a
AJ560351,1a
AJ560350,1a
AJ560349,1a
AJ560348,1a
AJ560347,1a
AJ560346,1a
AJ560345,1a
AJ560344,1a
AJ560343,1a
AJ560342,1a
AJ560341,1a
AJ560340,1a
AJ560339,1a
AJ560337,1a
AJ510934,1a
AJ510932,1a
AJ225286,1a
AJ133099,1a
AJ133098,1a
AJ133097,1a
AJ006333,1a
AJ006322,1a
AJ006319,1a
AF551719,1a
AF551711,1a
AF551710,1a
AF551709,1a
AF551706,1a
AJ225287,1a
AF551705,1a
AJ225288,1a
AJ225290,1a
AJ291260,1a
AJ291247,1a
AJ278830,1a
AJ231494,1a
AJ231493,1a
AJ231491,1a
AJ231489,1a
AJ225303,1a
AJ225302,1a
AJ225301,1a
AJ225300,1a
AJ225299,1a
AJ225298,1a
AJ225297,1a
AJ225296,1a
AJ225295,1a
AJ225293,1a
AJ225292,1a
AJ510797,1a
AF551676,1a
AF551675,1a
AF551674,1a
AF551673,1a
AF551672,1a
AF551671,1a
AF551668,1a
AF551667,1a
AF551666,1a
AF551664,1a
AF551663,1a
AF551662,1a
AF551661,1a
AF551659,1a
AF551658,1a
AF551657,1a
AF551656,1a
AF551677,1a
AF551678,1a
AF551680,1a
AF551699,1a
AF551693,1a
AF551689,1a
AF551687,1a
AF551686,1a
AF551684,1a
AF551683,1a
AF551681,1a
AF551679,1a
AJ560410,1a
AJ510798,1a
AJ510800,1a
AJ510876,1a
AJ510875,1a
AJ510874,1a
AJ510873,1a
AJ510872,1a
AJ510871,1a
AJ510870,1a
AJ510868,1a
AJ510866,1a
AJ510865,1a
AJ510864,1a
AJ510863,1a
AJ510862,1a
AJ510856,1a
AJ510855,1a
AJ510854,1a
AJ510853,1a
AJ510852,1a
AJ510877,1a
AJ510880,1a
AJ510931,1a
AJ510892,1a
AJ510891,1a
AJ510890,1a
AJ510887,1a
AJ510886,1a
AJ510885,1a
AJ510883,1a
AJ510881,1a
AJ510849,1a
AJ510820,1a
AJ510818,1a
AJ510817,1a
AJ510815,1a
AJ510814,1a
AJ510813,1a
AJ510811,1a
AJ510809,1a
AJ510807,1a
AJ510805,1a
AJ510801,1a
AJ510822,1a
AJ510823,1a
AJ510825,1a
AJ510844,1a
AJ510840,1a
AJ510839,1a
AJ510838,1a
AJ510837,1a
AJ510836,1a
AJ510835,1a
AJ510834,1a
AJ510833,1a
AJ510831,1a
AJ510830,1a
AJ510829,1a
AJ510828,1a
AJ510827,1a
AJ510826,1a
AJ510824,1a
AJ560411,1a
AJ560412,1a
AJ560413,1a
AJ715780,1a
AJ715779,1a
AJ715778,1a
AJ715777,1a
AJ715776,1a
AJ715775,1a
AJ715774,1a
AJ715773,1a
AJ715772,1a
AJ715771,1a
AJ715770,1a
AJ715769,1a
AJ715768,1a
AJ715767,1a
AJ715766,1a
AJ715765,1a
AJ715764,1a
AJ715763,1a
AJ715762,1a
AJ715761,1a
AJ715760,1a
AJ715781,1a
AJ715759,1a
AJ715782,1a
AJ715784,1a
AJ812402,1a
AJ812401,1a
AJ812400,1a
AJ812399,1a
AJ812398,1a
AJ812397,1a
AJ812396,1a
AJ812371,1a
AJ812370,1a
AJ812369,1a
AJ812368,1a
AJ812367,1a
AJ812366,1a
AJ812365,1a
AJ781124,1a
AJ781121,1a
AJ781120,1a
AJ781119,1a
AJ781118,1a
AJ781117,1a
AJ715783,1a
AJ812403,1a
AJ715758,1a
AJ715756,1a
AJ715730,1a
AJ715729,1a
AJ715728,1a
AJ715727,1a
AJ715726,1a
AJ715725,1a
AJ715724,1a
AJ715723,1a
AJ582135,1a
AJ582134,1a
AJ582133,1a
AJ582132,1a
AJ582131,1a
AJ582127,1a
AJ560620,1a
AJ560619,1a
AJ560618,1a
AJ560617,1a
AJ560616,1a
AJ560615,1a
AJ560614,1a
AJ715731,1a
AJ715757,1a
AJ715732,1a
AJ715734,1a
AJ715755,1a
AJ715754,1a
AJ715753,1a
AJ715752,1a
AJ715751,1a
AJ715750,1a
AJ715749,1a
AJ715748,1a
AJ715747,1a
AJ715746,1a
AJ715745,1a
AJ715744,1a
AJ715743,1a
AJ715742,1a
AJ715741,1a
AJ715740,1a
AJ715739,1a
AJ715738,1a
AJ715737,1a
AJ715736,1a
AJ715735,1a
AJ715733,1a
AJ560613,1a
AJ812404,1a
AJ812406,1a
AM055844,1a
AM055842,1a
AM055841,1a
AJ880737,1a
AJ880724,1a
AJ880722,1a
AJ880720,1a
AJ880719,1a
AJ880714,1a
AJ880706,1a
AJ880704,1a
AJ880701,1a
AJ880697,1a
AJ812545,1a
AJ812542,1a
AJ812541,1a
AJ812539,1a
AJ812537,1a
AJ812536,1a
AJ812535,1a
AJ812534,1a
AM055851,1a
AJ812533,1a
AM055854,1a
AM055867,1a
AM075800,1a
AM075799,1a
AM075798,1a
AM075797,1a
AM075796,1a
AM075795,1a
AM075794,1a
AM055922,1a
AM055920,1a
AM055919,1a
AM055907,1a
AM055906,1a
AM055903,1a
AM055896,1a
AM055894,1a
AM055893,1a
AM055881,1a
AM055880,1a
AM055877,1a
AM055870,1a
AM055868,1a
AM055855,1a
AJ812405,1a
AJ812532,1a
AJ812530,1a
AJ812493,1a
AJ812450,1a
AJ812449,1a
AJ812448,1a
AJ812447,1a
AJ812446,1a
AJ812445,1a
AJ812444,1a
AJ812419,1a
AJ812417,1a
AJ812416,1a
AJ812415,1a
AJ812413,1a
AJ812411,1a
AJ812409,1a
AJ812408,1a
AJ812407,1a
AJ812494,1a
AJ812531,1a
AJ812495,1a
AJ812498,1a
AJ812529,1a
AJ812528,1a
AJ812516,1a
AJ812515,1a
AJ812514,1a
AJ812513,1a
AJ812512,1a
AJ812511,1a
AJ812510,1a
AJ812509,1a
AJ812508,1a
AJ812507,1a
AJ812506,1a
AJ812505,1a
AJ812503,1a
AJ812502,1a
AJ812501,1a
AJ812500,1a
AJ812499,1a
AJ812496,1a
AM075802,1a
AJ560612,1a
AJ560610,1a
AJ560484,1a
AJ560483,1a
AJ560482,1a
AJ560481,1a
AJ560480,1a
AJ560479,1a
AJ560478,1a
AJ560477,1a
AJ560476,1a
AJ560475,1a
AJ560474,1a
AJ560473,1a
AJ560472,1a
AJ560471,1a
AJ560470,1a
AJ560469,1a
AJ560468,1a
AJ560467,1a
AJ560466,1a
AJ560465,1a
AJ560464,1a
AJ560485,1a
AJ560463,1a
AJ560486,1a
AJ560488,1a
AJ560509,1a
AJ560508,1a
AJ560507,1a
AJ560506,1a
AJ560505,1a
AJ560504,1a
AJ560503,1a
AJ560502,1a
AJ560501,1a
AJ560500,1a
AJ560499,1a
AJ560498,1a
AJ560497,1a
AJ560496,1a
AJ560495,1a
AJ560494,1a
AJ560493,1a
AJ560492,1a
AJ560491,1a
AJ560490,1a
AJ560489,1a
AJ560487,1a
AJ560510,1a
AJ560462,1a
AJ560460,1a
AJ560434,1a
AJ560433,1a
AJ560432,1a
AJ560431,1a
AJ560430,1a
AJ560429,1a
AJ560428,1a
AJ560427,1a
AJ560426,1a
AJ560425,1a
AJ560424,1a
AJ560423,1a
AJ560422,1a
AJ560421,1a
AJ560420,1a
AJ560419,1a
AJ560418,1a
AJ560417,1a
AJ560416,1a
AJ560415,1a
AJ560414,1a
AJ560435,1a
AJ560461,1a
AJ560436,1a
AJ560438,1a
AJ560459,1a
AJ560458,1a
AJ560457,1a
AJ560456,1a
AJ560455,1a
AJ560454,1a
AJ560453,1a
AJ560452,1a
AJ560451,1a
AJ560450,1a
AJ560449,1a
AJ560448,1a
AJ560447,1a
AJ560446,1a
AJ560445,1a
AJ560444,1a
AJ560443,1a
AJ560442,1a
AJ560441,1a
AJ560440,1a
AJ560439,1a
AJ560437,1a
AJ560611,1a
AJ560511,1a
AJ560513,1a
AJ560584,1a
AJ560583,1a
AJ560582,1a
AJ560581,1a
AJ560580,1a
AJ560579,1a
AJ560578,1a
AJ560577,1a
AJ560576,1a
AJ560575,1a
AJ560574,1a
AJ560573,1a
AJ560572,1a
AJ560571,1a
AJ560570,1a
AJ560569,1a
AJ560568,1a
AJ560567,1a
AJ560566,1a
AJ560565,1a
AJ560564,1a
AJ560585,1a
AJ560563,1a
AJ560586,1a
AJ560588,1a
AJ560609,1a
AJ560608,1a
AJ560607,1a
AJ560606,1a
AJ560605,1a
AJ560604,1a
AJ560603,1a
AJ560602,1a
AJ560601,1a
AJ560600,1a
AJ560598,1a
AJ560597,1a
AJ560596,1a
AJ560595,1a
AJ560594,1a
AJ560593,1a
AJ560592,1a
AJ560591,1a
AJ560590,1a
AJ560589,1a
AJ560587,1a
AJ560512,1a
AJ560562,1a
AJ560560,1a
AJ560534,1a
AJ560533,1a
AJ560532,1a
AJ560531,1a
AJ560530,1a
AJ560529,1a
AJ560528,1a
AJ560527,1a
AJ560526,1a
AJ560525,1a
AJ560524,1a
AJ560523,1a
AJ560522,1a
AJ560521,1a
AJ560520,1a
AJ560519,1a
AJ560518,1a
AJ560517,1a
AJ560516,1a
AJ560515,1a
AJ560514,1a
AJ560535,1a
AJ560561,1a
AJ560536,1a
AJ560538,1a
AJ560559,1a
AJ560558,1a
AJ560557,1a
AJ560556,1a
AJ560555,1a
AJ560554,1a
AJ560553,1a
AJ560552,1a
AJ560551,1a
AJ560550,1a
AJ560549,1a
AJ560548,1a
AJ560547,1a
AJ560546,1a
AJ560545,1a
AJ560544,1a
AJ560543,1a
AJ560542,1a
AJ560541,1a
AJ560540,1a
AJ560539,1a
AJ560537,1a
AF551655,1a
AM266474,1a
AM266476,1a
AM273699,1a
AM273698,1a
AM273697,1a
AM273696,1a
AM273695,1a
AM273694,1a
AM273693,1a
AM273692,1a
AM273691,1a
AM273700,1a
AM273690,1a
AM273688,1a
AM273687,1a
AM273686,1a
AM273685,1a
AM273684,1a
AM273683,1a
AM273682,1a
AM273681,1a
AM273680,1a
AM273689,1a
AM273701,1a
AM273702,1a
AM273703,1a
AM273740,1a
AM273739,1a
AM273738,1a
AM273737,1a
AM273736,1a
AM273735,1a
AM273734,1a
AM273733,1a
AM273716,1a
AM273715,1a
AM273714,1a
AM273713,1a
AM273712,1a
AM273711,1a
AM273710,1a
AM273709,1a
AM273708,1a
AM273707,1a
AM273706,1a
AM273705,1a
AM273704,1a
AM273679,1a
AM273678,1a
AM273677,1a
AM273676,1a
AM273650,1a
AM273649,1a
AM273648,1a
AM273647,1a
AM273646,1a
AM273645,1a
AM273644,1a
AM273643,1a
AM273642,1a
AM273641,1a
AM273640,1a
AM273639,1a
AM273638,1a
AM273637,1a
AM273636,1a
AM273635,1a
AM273634,1a
AM273633,1a
AM273632,1a
AM273631,1a
AM273630,1a
AM273651,1a
AM273741,1a
AM273652,1a
AM273654,1a
AM273675,1a
AM273674,1a
AM273673,1a
AM273672,1a
AM273671,1a
AM273670,1a
AM273669,1a
AM273668,1a
AM273667,1a
AM273666,1a
AM273665,1a
AM273663,1a
AM273662,1a
AM273661,1a
AM273660,1a
AM273659,1a
AM273658,1a
AM273657,1a
AM273656,1a
AM273655,1a
AM273653,1a
AM273742,1a
AM273743,1a
AM273744,1a
AM273927,1a
AM273926,1a
AM273925,1a
AM273924,1a
AM273923,1a
AM273922,1a
AM273921,1a
AM273920,1a
AM273919,1a
AM273918,1a
AM273917,1a
AM273916,1a
AM273915,1a
AM273914,1a
AM273913,1a
AM273912,1a
AM273911,1a
AM273910,1a
AM273909,1a
AM273908,1a
AM273907,1a
AM273928,1a
AM273906,1a
AM273929,1a
AM273931,1a
AM273952,1a
AM273951,1a
AM273950,1a
AM273949,1a
AM273948,1a
AM273947,1a
AM273946,1a
AM273945,1a
AM273944,1a
AM273943,1a
AM273942,1a
AM273941,1a
AM273940,1a
AM273939,1a
AM273938,1a
AM273937,1a
AM273936,1a
AM273935,1a
AM273934,1a
AM273933,1a
AM273932,1a
AM273930,1a
AM273629,1a
AM273905,1a
AM273903,1a
AM273765,1a
AM273764,1a
AM273763,1a
AM273762,1a
AM273761,1a
AM273760,1a
AM273759,1a
AM273758,1a
AM273757,1a
AM273756,1a
AM273755,1a
AM273754,1a
AM273753,1a
AM273752,1a
AM273751,1a
AM273750,1a
AM273749,1a
AM273748,1a
AM273747,1a
AM273746,1a
AM273745,1a
AM273766,1a
AM273904,1a
AM273767,1a
AM273769,1a
AM273902,1a
AM273901,1a
AM273900,1a
AM273899,1a
AM273898,1a
AM273897,1a
AM273896,1a
AM273895,1a
AM273894,1a
AM273893,1a
AM273892,1a
AM273891,1a
AM273890,1a
AM273889,1a
AM273888,1a
AM273774,1a
AM273772,1a
AM273771,1a
AM273770,1a
AM273768,1a
AM273628,1a
AM273627,1a
AM273626,1a
AM273405,1a
AM273404,1a
AM273403,1a
AM273402,1a
AM273401,1a
AM273400,1a
AM273399,1a
AM273398,1a
AM273397,1a
AM273396,1a
AM273395,1a
AM273394,1a
AM273393,1a
AM273392,1a
AM273391,1a
AM273390,1a
AM273389,1a
AM273388,1a
AM273387,1a
AM273386,1a
AM273385,1a
AM273406,1a
AM273384,1a
AM273407,1a
AM273409,1a
AM273525,1a
AM273524,1a
AM273523,1a
AM273522,1a
AM273521,1a
AM273520,1a
AM273519,1a
AM273518,1a
AM273517,1a
AM273516,1a
AM273515,1a
AM273514,1a
AM273418,1a
AM273417,1a
AM273416,1a
AM273415,1a
AM273414,1a
AM273413,1a
AM273412,1a
AM273411,1a
AM273410,1a
AM273408,1a
AM273526,1a
AM273383,1a
AM273381,1a
AM273355,1a
AM273354,1a
AM273353,1a
AM273352,1a
AM273351,1a
AM273350,1a
AM273349,1a
AM273348,1a
AM273347,1a
AM273346,1a
AM273345,1a
AM273344,1a
AM273343,1a
AM273342,1a
AM273341,1a
AM273340,1a
AM273339,1a
AM273338,1a
AM273337,1a
AM273336,1a
AM273335,1a
AM273356,1a
AM273382,1a
AM273357,1a
AM273359,1a
AM273380,1a
AM273379,1a
AM273378,1a
AM273377,1a
AM273376,1a
AM273375,1a
AM273374,1a
AM273373,1a
AM273372,1a
AM273371,1a
AM273370,1a
AM273369,1a
AM273368,1a
AM273367,1a
AM273366,1a
AM273365,1a
AM273364,1a
AM273363,1a
AM273362,1a
AM273361,1a
AM273360,1a
AM273358,1a
AM273953,1a
AM273527,1a
AM273529,1a
AM273600,1a
AM273599,1a
AM273598,1a
AM273597,1a
AM273596,1a
AM273595,1a
AM273594,1a
AM273593,1a
AM273592,1a
AM273591,1a
AM273590,1a
AM273589,1a
AM273588,1a
AM273587,1a
AM273586,1a
AM273585,1a
AM273584,1a
AM273583,1a
AM273582,1a
AM273581,1a
AM273580,1a
AM273601,1a
AM273602,1a
AM273604,1a
AM273625,1a
AM273624,1a
AM273623,1a
AM273622,1a
AM273621,1a
AM273620,1a
AM273619,1a
AM273618,1a
AM273617,1a
AM273616,1a
AM273615,1a
AM273614,1a
AM273613,1a
AM273612,1a
AM273611,1a
AM273610,1a
AM273609,1a
AM273608,1a
AM273607,1a
AM273606,1a
AM273605,1a
AM273603,1a
AM273528,1a
AM273578,1a
AM273576,1a
AM273550,1a
AM273549,1a
AM273548,1a
AM273547,1a
AM273546,1a
AM273545,1a
AM273544,1a
AM273543,1a
AM273542,1a
AM273541,1a
AM273540,1a
AM273539,1a
AM273538,1a
AM273537,1a
AM273536,1a
AM273535,1a
AM273534,1a
AM273533,1a
AM273532,1a
AM273531,1a
AM273530,1a
AM273551,1a
AM273577,1a
AM273552,1a
AM273554,1a
AM273575,1a
AM273574,1a
AM273573,1a
AM273572,1a
AM273571,1a
AM273570,1a
AM273569,1a
AM273568,1a
AM273567,1a
AM273566,1a
AM273565,1a
AM273564,1a
AM273563,1a
AM273562,1a
AM273561,1a
AM273560,1a
AM273559,1a
AM273558,1a
AM273557,1a
AM273556,1a
AM273555,1a
AM273553,1a
AM273954,1a
AM273955,1a
AM273956,1a
AM279829,1a
AM279828,1a
AM279827,1a
AM279826,1a
AM279825,1a
AM279824,1a
AM279823,1a
AM279822,1a
AM279821,1a
AM279820,1a
AM279819,1a
AM279818,1a
AM279817,1a
AM279816,1a
AM279815,1a
AM279814,1a
AM279813,1a
AM279812,1a
AM279830,1a
AM279831,1a
AM279833,1a
AM279930,1a
AM279929,1a
AM279928,1a
AM279927,1a
AM279926,1a
AM279925,1a
AM279924,1a
AM279923,1a
AM279922,1a
AM279921,1a
AM279920,1a
AM279843,1a
AM279842,1a
AM279841,1a
AM279840,1a
AM279839,1a
AM279838,1a
AM279837,1a
AM279836,1a
AM279835,1a
AM279834,1a
AM279832,1a
AM279931,1a
AM275245,1a
AM275244,1a
AM275243,1a
AM275242,1a
AM275241,1a
AM275240,1a
AM275239,1a
AM275238,1a
AM275237,1a
AM275236,1a
AM275235,1a
AM275234,1a
AM275233,1a
AM275232,1a
AM275231,1a
AM275230,1a
AM275229,1a
AM275228,1a
AM275227,1a
AM275226,1a
AM275225,1a
AM275246,1a
AM275247,1a
AM275249,1a
AM279712,1a
AM275266,1a
AM275265,1a
AM275264,1a
AM275263,1a
AM275262,1a
AM275261,1a
AM275260,1a
AM275259,1a
AM275258,1a
AM275257,1a
AM275256,1a
AM275255,1a
AM275254,1a
AM275253,1a
AM275252,1a
AM275251,1a
AM275250,1a
AM275248,1a
AM275224,1a
AM279932,1a
AM279934,1a
AM280005,1a
AM280004,1a
AM280003,1a
AM280002,1a
AM280001,1a
AM280000,1a
AM279999,1a
AM279998,1a
AM279997,1a
AM279996,1a
AM279995,1a
AM279994,1a
AM279993,1a
AM279992,1a
AM279991,1a
AM279990,1a
AM279989,1a
AM279988,1a
AM279987,1a
AM279986,1a
AM279985,1a
AM280006,1a
AM279984,1a
AM280007,1a
AM280009,1a
AM280250,1a
AM280249,1a
AM280248,1a
AM280247,1a
AM280246,1a
AM280245,1a
AM280244,1a
AM280243,1a
AM280242,1a
AM280241,1a
AM280240,1a
AM280239,1a
AM280018,1a
AM280017,1a
AM280016,1a
AM280015,1a
AM280014,1a
AM280013,1a
AM280012,1a
AM280011,1a
AM280010,1a
AM280008,1a
AM279933,1a
AM279983,1a
AM279981,1a
AM279955,1a
AM279954,1a
AM279953,1a
AM279952,1a
AM279951,1a
AM279950,1a
AM279949,1a
AM279948,1a
AM279947,1a
AM279946,1a
AM279945,1a
AM279944,1a
AM279943,1a
AM279942,1a
AM279941,1a
AM279940,1a
AM279939,1a
AM279938,1a
AM279937,1a
AM279936,1a
AM279935,1a
AM279956,1a
AM279982,1a
AM279957,1a
AM279959,1a
AM279980,1a
AM279979,1a
AM279978,1a
AM279977,1a
AM279976,1a
AM279975,1a
AM279974,1a
AM279973,1a
AM279972,1a
AM279971,1a
AM279970,1a
AM279969,1a
AM279968,1a
AM279967,1a
AM279966,1a
AM279965,1a
AM279964,1a
AM279963,1a
AM279962,1a
AM279961,1a
AM279960,1a
AM279958,1a
AM273334,1a
AM275223,1a
AM275221,1a
AM274204,1a
AM274203,1a
AM274202,1a
AM274201,1a
AM274200,1a
AM274199,1a
AM274198,1a
AM274197,1a
AM274196,1a
AM274195,1a
AM274194,1a
AM274193,1a
AM274192,1a
AM274191,1a
AM274190,1a
AM274189,1a
AM274188,1a
AM274187,1a
AM274186,1a
AM274104,1a
AM274103,1a
AM274205,1a
AM274102,1a
AM274206,1a
AM274208,1a
AM274448,1a
AM274447,1a
AM274446,1a
AM274445,1a
AM274444,1a
AM274443,1a
AM274442,1a
AM274441,1a
AM274440,1a
AM274439,1a
AM274438,1a
AM274437,1a
AM274436,1a
AM274435,1a
AM274434,1a
AM274433,1a
AM274432,1a
AM274212,1a
AM274211,1a
AM274209,1a
AM274207,1a
AM274449,1a
AM274101,1a
AM274099,1a
AM274073,1a
AM274072,1a
AM274071,1a
AM274070,1a
AM274069,1a
AM274068,1a
AM274067,1a
AM274066,1a
AM274065,1a
AM274064,1a
AM274063,1a
AM274062,1a
AM273965,1a
AM273964,1a
AM273963,1a
AM273962,1a
AM273961,1a
AM273960,1a
AM273959,1a
AM273958,1a
AM273957,1a
AM274074,1a
AM274100,1a
AM274075,1a
AM274077,1a
AM274098,1a
AM274097,1a
AM274096,1a
AM274095,1a
AM274094,1a
AM274093,1a
AM274092,1a
AM274091,1a
AM274090,1a
AM274089,1a
AM274088,1a
AM274087,1a
AM274086,1a
AM274085,1a
AM274084,1a
AM274083,1a
AM274082,1a
AM274081,1a
AM274080,1a
AM274079,1a
AM274078,1a
AM274076,1a
AM275222,1a
AM274450,1a
AM274452,1a
AM275016,1a
AM275015,1a
AM275014,1a
AM275013,1a
AM275012,1a
AM275011,1a
AM275010,1a
AM275009,1a
AM275008,1a
AM275007,1a
AM275006,1a
AM275005,1a
AM275004,1a
AM275003,1a
AM275002,1a
AM275001,1a
AM275000,1a
AM274999,1a
AM274998,1a
AM274997,1a
AM274996,1a
AM275017,1a
AM274995,1a
AM275018,1a
AM275020,1a
AM275220,1a
AM275219,1a
AM275218,1a
AM275217,1a
AM275216,1a
AM275215,1a
AM275214,1a
AM275213,1a
AM275212,1a
AM275211,1a
AM275210,1a
AM275209,1a
AM275208,1a
AM275207,1a
AM275206,1a
AM275205,1a
AM275025,1a
AM275024,1a
AM275023,1a
AM275022,1a
AM275021,1a
AM275019,1a
AM274451,1a
AM274994,1a
AM274992,1a
AM274966,1a
AM274965,1a
AM274964,1a
AM274963,1a
AM274962,1a
AM274466,1a
AM274465,1a
AM274464,1a
AM274463,1a
AM274462,1a
AM274461,1a
AM274460,1a
AM274459,1a
AM274458,1a
AM274457,1a
AM274456,1a
AM274455,1a
AM274454,1a
AM274453,1a
AM274967,1a
AM274993,1a
AM274968,1a
AM274970,1a
AM274991,1a
AM274990,1a
AM274989,1a
AM274988,1a
AM274987,1a
AM274986,1a
AM274985,1a
AM274984,1a
AM274983,1a
AM274982,1a
AM274981,1a
AM274980,1a
AM274979,1a
AM274978,1a
AM274977,1a
AM274976,1a
AM274975,1a
AM274974,1a
AM274973,1a
AM274972,1a
AM274971,1a
AM274969,1a
AM266475,1a
AM273333,1a
AM273170,1a
AM271664,1a
AM271663,1a
AM271662,1a
AM271661,1a
AM271660,1a
AM271659,1a
AM271658,1a
AM271657,1a
AM271656,1a
AM271665,1a
AM271655,1a
AM271653,1a
AM271652,1a
AM271651,1a
AM271650,1a
AM271649,1a
AM271648,1a
AM271647,1a
AM271646,1a
AM271645,1a
AM271654,1a
AM271666,1a
AM271667,1a
AM271668,1a
AM271792,1a
AM271791,1a
AM271790,1a
AM271789,1a
AM271788,1a
AM271787,1a
AM271786,1a
AM271785,1a
AM271784,1a
AM271783,1a
AM271782,1a
AM271781,1a
AM271780,1a
AM271779,1a
AM271778,1a
AM271777,1a
AM271673,1a
AM271672,1a
AM271671,1a
AM271670,1a
AM271669,1a
AM271644,1a
AM271643,1a
AM271642,1a
AM271641,1a
AM271615,1a
AM271614,1a
AM271613,1a
AM271612,1a
AM271611,1a
AM271610,1a
AM271609,1a
AM271608,1a
AM271607,1a
AM271606,1a
AM271605,1a
AM271604,1a
AM271603,1a
AM271602,1a
AM271601,1a
AM271600,1a
AM271599,1a
AM271598,1a
AM271597,1a
AM271596,1a
AM271595,1a
AM271616,1a
AM271793,1a
AM271617,1a
AM271619,1a
AM271640,1a
AM271639,1a
AM271638,1a
AM271637,1a
AM271636,1a
AM271635,1a
AM271634,1a
AM271633,1a
AM271632,1a
AM271631,1a
AM271630,1a
AM271629,1a
AM271628,1a
AM271627,1a
AM271626,1a
AM271625,1a
AM271624,1a
AM271623,1a
AM271622,1a
AM271621,1a
AM271620,1a
AM271618,1a
AM271794,1a
AM271795,1a
AM271796,1a
AM271867,1a
AM271866,1a
AM271865,1a
AM271864,1a
AM271863,1a
AM271862,1a
AM271861,1a
AM271860,1a
AM271859,1a
AM271858,1a
AM271857,1a
AM271856,1a
AM271855,1a
AM271854,1a
AM271853,1a
AM271852,1a
AM271851,1a
AM271850,1a
AM271849,1a
AM271848,1a
AM271847,1a
AM271868,1a
AM271846,1a
AM271869,1a
AM271871,1a
AM271892,1a
AM271891,1a
AM271890,1a
AM271889,1a
AM271888,1a
AM271887,1a
AM271886,1a
AM271885,1a
AM271884,1a
AM271883,1a
AM271882,1a
AM271881,1a
AM271880,1a
AM271879,1a
AM271878,1a
AM271877,1a
AM271876,1a
AM271875,1a
AM271874,1a
AM271873,1a
AM271872,1a
AM271870,1a
AM271594,1a
AM271845,1a
AM271843,1a
AM271817,1a
AM271816,1a
AM271815,1a
AM271814,1a
AM271813,1a
AM271812,1a
AM271811,1a
AM271810,1a
AM271809,1a
AM271808,1a
AM271807,1a
AM271806,1a
AM271805,1a
AM271804,1a
AM271803,1a
AM271802,1a
AM271801,1a
AM271800,1a
AM271799,1a
AM271798,1a
AM271797,1a
AM271818,1a
AM271844,1a
AM271819,1a
AM271821,1a
AM271842,1a
AM271841,1a
AM271840,1a
AM271839,1a
AM271838,1a
AM271837,1a
AM271836,1a
AM271835,1a
AM271834,1a
AM271833,1a
AM271832,1a
AM271831,1a
AM271830,1a
AM271829,1a
AM271828,1a
AM271827,1a
AM271826,1a
AM271825,1a
AM271824,1a
AM271823,1a
AM271822,1a
AM271820,1a
AM271593,1a
AM271592,1a
AM271591,1a
AM266547,1a
AM266546,1a
AM266545,1a
AM266544,1a
AM266543,1a
AM266542,1a
AM266541,1a
AM266540,1a
AM266539,1a
AM266538,1a
AM266537,1a
AM266536,1a
AM266535,1a
AM266534,1a
AM266533,1a
AM266532,1a
AM266531,1a
AM266530,1a
AM266529,1a
AM266528,1a
AM266527,1a
AM266548,1a
AM266526,1a
AM266549,1a
AM266551,1a
AM266572,1a
AM266571,1a
AM266570,1a
AM266569,1a
AM266568,1a
AM266567,1a
AM266566,1a
AM266565,1a
AM266564,1a
AM266563,1a
AM266562,1a
AM266561,1a
AM266560,1a
AM266558,1a
AM266557,1a
AM266556,1a
AM266555,1a
AM266554,1a
AM266553,1a
AM266552,1a
AM266550,1a
AM266573,1a
AM266525,1a
AM266523,1a
AM266497,1a
AM266496,1a
AM266495,1a
AM266494,1a
AM266493,1a
AM266492,1a
AM266491,1a
AM266490,1a
AM266489,1a
AM266488,1a
AM266487,1a
AM266486,1a
AM266485,1a
AM266484,1a
AM266483,1a
AM266482,1a
AM266481,1a
AM266480,1a
AM266479,1a
AM266478,1a
AM266477,1a
AM266498,1a
AM266524,1a
AM266499,1a
AM266501,1a
AM266522,1a
AM266521,1a
AM266520,1a
AM266519,1a
AM266518,1a
AM266517,1a
AM266516,1a
AM266515,1a
AM266514,1a
AM266513,1a
AM266512,1a
AM266511,1a
AM266510,1a
AM266509,1a
AM266508,1a
AM266507,1a
AM266506,1a
AM266505,1a
AM266504,1a
AM266503,1a
AM266502,1a
AM266500,1a
AM271893,1a
AM266574,1a
AM266576,1a
AM271301,1a
AM271300,1a
AM271299,1a
AM271298,1a
AM271297,1a
AM271296,1a
AM271295,1a
AM271294,1a
AM271293,1a
AM271292,1a
AM271291,1a
AM271290,1a
AM271289,1a
AM271288,1a
AM271287,1a
AM271286,1a
AM271285,1a
AM271284,1a
AM271283,1a
AM271282,1a
AM271281,1a
AM271302,1a
AM271280,1a
AM271303,1a
AM271305,1a
AM271590,1a
AM271589,1a
AM271588,1a
AM271587,1a
AM271322,1a
AM271321,1a
AM271320,1a
AM271319,1a
AM271318,1a
AM271317,1a
AM271316,1a
AM271315,1a
AM271314,1a
AM271313,1a
AM271312,1a
AM271311,1a
AM271310,1a
AM271309,1a
AM271308,1a
AM271307,1a
AM271306,1a
AM271304,1a
AM266575,1a
AM271279,1a
AM271277,1a
AM271214,1a
AM271213,1a
AM271212,1a
AM271211,1a
AM271210,1a
AM271209,1a
AM271208,1a
AM271207,1a
AM271206,1a
AM271205,1a
AM271204,1a
AM266586,1a
AM266585,1a
AM266584,1a
AM266583,1a
AM266582,1a
AM266581,1a
AM266580,1a
AM266579,1a
AM266578,1a
AM266577,1a
AM271252,1a
AM271278,1a
AM271253,1a
AM271255,1a
AM271276,1a
AM271275,1a
AM271274,1a
AM271273,1a
AM271272,1a
AM271271,1a
AM271270,1a
AM271269,1a
AM271268,1a
AM271267,1a
AM271266,1a
AM271265,1a
AM271264,1a
AM271263,1a
AM271262,1a
AM271261,1a
AM271260,1a
AM271259,1a
AM271258,1a
AM271257,1a
AM271256,1a
AM271254,1a
AM271894,1a
AM271895,1a
AM271896,1a
AM272658,1a
AM272657,1a
AM272656,1a
AM272655,1a
AM272654,1a
AM272653,1a
AM272652,1a
AM272651,1a
AM272650,1a
AM272649,1a
AM272648,1a
AM272647,1a
AM272646,1a
AM272645,1a
AM272644,1a
AM272643,1a
AM272642,1a
AM272641,1a
AM272640,1a
AM272639,1a
AM272638,1a
AM272659,1a
AM272637,1a
AM272660,1a
AM272662,1a
AM272683,1a
AM272682,1a
AM272681,1a
AM272680,1a
AM272679,1a
AM272678,1a
AM272677,1a
AM272676,1a
AM272675,1a
AM272674,1a
AM272673,1a
AM272672,1a
AM272671,1a
AM272670,1a
AM272669,1a
AM272668,1a
AM272667,1a
AM272666,1a
AM272665,1a
AM272664,1a
AM272663,1a
AM272661,1a
AM272684,1a
AM272636,1a
AM272634,1a
AM272608,1a
AM272607,1a
AM272606,1a
AM272605,1a
AM272604,1a
AM272603,1a
AM272602,1a
AM272601,1a
AM272600,1a
AM272599,1a
AM272598,1a
AM272597,1a
AM272596,1a
AM272595,1a
AM272594,1a
AM272593,1a
AM272592,1a
AM272591,1a
AM272483,1a
AM272482,1a
AM272481,1a
AM272609,1a
AM272635,1a
AM272610,1a
AM272612,1a
AM272633,1a
AM272632,1a
AM272631,1a
AM272630,1a
AM272629,1a
AM272628,1a
AM272627,1a
AM272626,1a
AM272625,1a
AM272624,1a
AM272623,1a
AM272622,1a
AM272621,1a
AM272620,1a
AM272619,1a
AM272618,1a
AM272617,1a
AM272616,1a
AM272615,1a
AM272614,1a
AM272613,1a
AM272611,1a
AM272480,1a
AM272685,1a
AM272687,1a
AM272978,1a
AM272977,1a
AM272976,1a
AM272975,1a
AM272974,1a
AM272973,1a
AM272972,1a
AM272971,1a
AM272970,1a
AM272969,1a
AM272968,1a
AM272967,1a
AM272966,1a
AM272965,1a
AM272964,1a
AM272963,1a
AM272962,1a
AM272961,1a
AM272960,1a
AM272959,1a
AM272958,1a
AM272979,1a
AM272957,1a
AM272980,1a
AM272982,1a
AM273169,1a
AM273168,1a
AM273167,1a
AM273166,1a
AM273165,1a
AM273164,1a
AM273163,1a
AM273162,1a
AM273161,1a
AM273160,1a
AM273159,1a
AM273158,1a
AM273157,1a
AM273156,1a
AM273155,1a
AM273154,1a
AM272987,1a
AM272986,1a
AM272985,1a
AM272984,1a
AM272983,1a
AM272981,1a
AM272686,1a
AM272956,1a
AM272954,1a
AM272928,1a
AM272927,1a
AM272926,1a
AM272925,1a
AM272924,1a
AM272923,1a
AM272922,1a
AM272921,1a
AM272920,1a
AM272919,1a
AM272698,1a
AM272697,1a
AM272696,1a
AM272695,1a
AM272694,1a
AM272693,1a
AM272692,1a
AM272691,1a
AM272690,1a
AM272689,1a
AM272688,1a
AM272929,1a
AM272955,1a
AM272930,1a
AM272932,1a
AM272953,1a
AM272952,1a
AM272951,1a
AM272950,1a
AM272949,1a
AM272948,1a
AM272947,1a
AM272946,1a
AM272945,1a
AM272944,1a
AM272943,1a
AM272942,1a
AM272941,1a
AM272940,1a
AM272939,1a
AM272938,1a
AM272937,1a
AM272936,1a
AM272935,1a
AM272934,1a
AM272933,1a
AM272931,1a
AM273171,1a
AM272479,1a
AM272477,1a
AM272279,1a
AM272278,1a
AM272277,1a
AM272276,1a
AM272275,1a
AM272274,1a
AM272273,1a
AM272272,1a
AM272271,1a
AM272270,1a
AM272269,1a
AM272268,1a
AM272267,1a
AM272266,1a
AM272265,1a
AM272264,1a
AM272263,1a
AM272262,1a
AM272261,1a
AM272260,1a
AM272259,1a
AM272280,1a
AM272258,1a
AM272281,1a
AM272283,1a
AM272304,1a
AM272303,1a
AM272302,1a
AM272301,1a
AM272300,1a
AM272299,1a
AM272298,1a
AM272297,1a
AM272296,1a
AM272295,1a
AM272294,1a
AM272293,1a
AM272292,1a
AM272291,1a
AM272290,1a
AM272289,1a
AM272288,1a
AM272287,1a
AM272286,1a
AM272285,1a
AM272284,1a
AM272282,1a
AM272305,1a
AM272257,1a
AM272255,1a
AM272229,1a
AM272228,1a
AM271915,1a
AM271914,1a
AM271913,1a
AM271912,1a
AM271911,1a
AM271910,1a
AM271909,1a
AM271908,1a
AM271907,1a
AM271906,1a
AM271905,1a
AM271904,1a
AM271903,1a
AM271902,1a
AM271901,1a
AM271900,1a
AM271899,1a
AM271898,1a
AM271897,1a
AM272230,1a
AM272256,1a
AM272231,1a
AM272233,1a
AM272254,1a
AM272253,1a
AM272252,1a
AM272251,1a
AM272250,1a
AM272249,1a
AM272248,1a
AM272247,1a
AM272246,1a
AM272245,1a
AM272244,1a
AM272243,1a
AM272242,1a
AM272241,1a
AM272240,1a
AM272239,1a
AM272238,1a
AM272237,1a
AM272236,1a
AM272235,1a
AM272234,1a
AM272232,1a
AM272478,1a
AM272306,1a
AM272308,1a
AM272451,1a
AM272450,1a
AM272449,1a
AM272448,1a
AM272447,1a
AM272446,1a
AM272445,1a
AM272444,1a
AM272443,1a
AM272442,1a
AM272441,1a
AM272440,1a
AM272439,1a
AM272438,1a
AM272437,1a
AM272436,1a
AM272435,1a
AM272434,1a
AM272433,1a
AM272432,1a
AM272431,1a
AM272452,1a
AM272430,1a
AM272453,1a
AM272455,1a
AM272476,1a
AM272475,1a
AM272472,1a
AM272471,1a
AM272470,1a
AM272469,1a
AM272468,1a
AM272467,1a
AM272466,1a
AM272465,1a
AM272464,1a
AM272463,1a
AM272462,1a
AM272461,1a
AM272459,1a
AM272458,1a
AM272457,1a
AM272456,1a
AM272454,1a
AM272307,1a
AM272429,1a
AM272427,1a
AM272401,1a
AM272400,1a
AM272399,1a
AM272398,1a
AM272397,1a
AM272396,1a
AM272395,1a
AM272394,1a
AM272393,1a
AM272392,1a
AM272391,1a
AM272390,1a
AM272389,1a
AM272316,1a
AM272315,1a
AM272314,1a
AM272313,1a
AM272312,1a
AM272311,1a
AM272310,1a
AM272309,1a
AM272402,1a
AM272428,1a
AM272403,1a
AM272405,1a
AM272426,1a
AM272425,1a
AM272424,1a
AM272423,1a
AM272422,1a
AM272421,1a
AM272420,1a
AM272419,1a
AM272418,1a
AM272417,1a
AM272416,1a
AM272415,1a
AM272414,1a
AM272413,1a
AM272412,1a
AM272411,1a
AM272410,1a
AM272409,1a
AM272408,1a
AM272407,1a
AM272406,1a
AM272404,1a
AM280251,1a
AF551654,1a
AF100278,1a
AF100277,1a
AF100276,1a
AF100275,1a
AF100274,1a
AF100273,1a
AF100272,1a
AF100271,1a
AF100270,1a
AF100279,1a
AF100269,1a
AF100267,1a
AF100266,1a
AF100265,1a
AF100264,1a
AF100263,1a
AF100262,1a
AF100261,1a
AF100260,1a
AF100259,1a
AF100268,1a
AF100280,1a
AF100281,1a
AF100282,1a
AF118591,1a
AF118590,1a
AF118589,1a
AF118588,1a
AF118587,1a
AF118586,1a
AF118585,1a
AF118584,1a
AF118579,1a
AF118578,1a
AF118577,1a
AF118576,1a
AF118575,1a
AF118574,1a
AF118573,1a
AF118572,1a
AF118570,1a
AF100285,1a
AF100284,1a
AF100283,1a
AF100258,1a
AF100257,1a
AF100256,1a
AF100255,1a
AF100229,1a
AF100228,1a
AF100227,1a
AF100226,1a
AF100225,1a
AF100224,1a
AF100223,1a
AF100222,1a
AF100221,1a
AF100220,1a
AF100219,1a
AF100218,1a
AF100217,1a
AF100216,1a
AF100211,1a
AF100210,1a
AF100230,1a
AF118592,1a
AF100231,1a
AF100233,1a
AF100253,1a
AF100252,1a
AF100251,1a
AF100250,1a
AF100249,1a
AF100248,1a
AF100247,1a
AF100246,1a
AF100245,1a
AF100243,1a
AF100242,1a
AF100241,1a
AF100240,1a
AF100239,1a
AF100238,1a
AF100237,1a
AF100236,1a
AF100235,1a
AF100232,1a
AF118593,1a
AF118594,1a
AF118595,1a
AF206392,1a
AF206391,1a
AF206390,1a
AF206389,1a
AF206388,1a
AF206387,1a
AF206386,1a
AF206385,1a
AF206383,1a
AF206382,1a
AF206381,1a
AF206380,1a
AF206379,1a
AF206378,1a
AF206377,1a
AF206376,1a
AF206375,1a
AF206374,1a
AF206372,1a
AF206364,1a
AF206393,1a
AF206362,1a
AF206396,1a
AF206445,1a
AF206444,1a
AF206443,1a
AF206442,1a
AF206441,1a
AF206440,1a
AF206439,1a
AF206428,1a
AF206427,1a
AF206426,1a
AF206425,1a
AF206424,1a
AF206415,1a
AF206414,1a
AF206413,1a
AF206412,1a
AF206401,1a
AF206400,1a
AF206399,1a
AF206398,1a
AF206397,1a
AF206395,1a
AF206359,1a
AF206357,1a
AF118616,1a
AF118615,1a
AF118614,1a
AF118613,1a
AF118612,1a
AF118611,1a
AF118610,1a
AF118609,1a
AF118608,1a
AF118607,1a
AF118606,1a
AF118605,1a
AF118604,1a
AF118603,1a
AF118602,1a
AF118601,1a
AF118600,1a
AF118599,1a
AF118598,1a
AF118597,1a
AF118596,1a
AF118617,1a
AF206358,1a
AF118618,1a
AF118620,1a
AF206356,1a
AF206345,1a
AF206344,1a
AF206343,1a
AF206342,1a
AF206341,1a
AF206340,1a
AF206339,1a
AF206338,1a
AF158612,1a
AF158609,1a
AF158606,1a
AF134747,1a
AF134739,1a
AF134734,1a
AF118629,1a
AF118628,1a
AF118627,1a
AF118626,1a
AF118625,1a
AF118621,1a
AF118619,1a
AF073176,1a
AF073175,1a
AF073049,1a
AF073048,1a
AF073047,1a
AF073046,1a
AF073045,1a
AF073044,1a
AF073025,1a
AF073024,1a
AF073023,1a
AF073022,1a
AF073021,1a
AF073020,1a
AF071986,1a
AF071985,1a
AF071983,1a
AF071982,1a
AF071981,1a
AF071980,1a
AF071979,1a
AF071975,1a
AF073050,1a
AF071974,1a
AF073051,1a
AF073053,1a
AF073074,1a
AF073073,1a
AF073071,1a
AF073070,1a
AF073069,1a
AF073068,1a
AF073067,1a
AF073065,1a
AF073064,1a
AF073063,1a
AF073062,1a
AF073061,1a
AF073059,1a
AF073057,1a
AF073056,1a
AF073055,1a
AF073054,1a
AF073052,1a
AF073075,1a
AF071968,1a
AF071965,1a
AF035147,1a
AF035146,1a
AF035145,1a
AF035144,1a
AF035143,1a
AF035142,1a
AF035141,1a
AF035140,1a
AF035139,1a
AF035138,1a
AF035137,1a
AF035136,1a
AF035135,1a
AF035134,1a
AF035133,1a
AF035132,1a
AF035131,1a
AF035130,1a
AF035129,1a
AF035128,1a
AF035127,1a
AF035148,1a
AF071966,1a
AF035149,1a
AF041269,1a
AF071964,1a
AF071963,1a
AF071961,1a
AF071960,1a
AF071959,1a
AF071958,1a
AF071955,1a
AF071953,1a
AF055305,1a
AF055304,1a
AF055303,1a
AF055302,1a
AF055301,1a
AF054287,1a
AF041325,1a
AF041322,1a
AF041320,1a
AF041317,1a
AF041316,1a
AF041303,1a
AF041294,1a
AF035150,1a
AF206446,1a
AF073076,1a
AF073078,1a
AF073149,1a
AF073148,1a
AF073147,1a
AF073146,1a
AF073145,1a
AF073144,1a
AF073143,1a
AF073141,1a
AF073140,1a
AF073139,1a
AF073138,1a
AF073137,1a
AF073136,1a
AF073135,1a
AF073134,1a
AF073133,1a
AF073132,1a
AF073131,1a
AF073130,1a
AF073129,1a
AF073150,1a
AF073128,1a
AF073151,1a
AF073153,1a
AF073174,1a
AF073173,1a
AF073172,1a
AF073171,1a
AF073170,1a
AF073169,1a
AF073168,1a
AF073167,1a
AF073166,1a
AF073165,1a
AF073164,1a
AF073163,1a
AF073162,1a
AF073160,1a
AF073159,1a
AF073158,1a
AF073157,1a
AF073156,1a
AF073155,1a
AF073154,1a
AF073152,1a
AF073077,1a
AF073127,1a
AF073125,1a
AF073099,1a
AF073098,1a
AF073097,1a
AF073096,1a
AF073095,1a
AF073094,1a
AF073093,1a
AF073092,1a
AF073091,1a
AF073090,1a
AF073088,1a
AF073087,1a
AF073086,1a
AF073085,1a
AF073084,1a
AF073083,1a
AF073082,1a
AF073081,1a
AF073080,1a
AF073079,1a
AF073126,1a
AF073103,1a
AF073124,1a
AF073123,1a
AF073122,1a
AF073121,1a
AF073120,1a
AF073119,1a
AF073118,1a
AF073117,1a
AF073116,1a
AF073114,1a
AF073113,1a
AF073112,1a
AF073111,1a
AF073110,1a
AF073109,1a
AF073108,1a
AF073107,1a
AF073106,1a
AF073105,1a
AF073104,1a
AF073102,1a
AF206447,1a
AF217293,1a
AF217294,1a
AF265025,1a
AF265024,1a
AF265023,1a
AF265022,1a
AF265021,1a
AF265020,1a
AF265019,1a
AF265018,1a
AF265017,1a
AF265016,1a
AF265015,1a
AF265014,1a
AF265013,1a
AF265012,1a
AF265011,1a
AF265010,1a
AF265009,1a
AF265008,1a
AF265007,1a
AF265006,1a
AF265005,1a
AF265026,1a
AF265004,1a
AF265027,1a
AF265029,1a
AF265050,1a
AF265049,1a
AF265048,1a
AF265047,1a
AF265046,1a
AF265045,1a
AF265044,1a
AF265043,1a
AF265042,1a
AF265041,1a
AF265040,1a
AF265039,1a
AF265038,1a
AF265037,1a
AF265036,1a
AF265035,1a
AF265034,1a
AF265033,1a
AF265032,1a
AF265031,1a
AF265030,1a
AF265028,1a
AF265051,1a
AF265003,1a
AF265001,1a
AF264954,1a
AF264953,1a
AF245990,1a
AF245989,1a
AF245988,1a
AF245987,1a
AF245986,1a
AF245985,1a
AF245984,1a
AF245983,1a
AF245982,1a
AF245981,1a
AF245980,1a
AF245979,1a
AF245978,1a
AF245977,1a
AF245976,1a
AF245975,1a
AF245974,1a
AF245973,1a
AF245972,1a
AF264955,1a
AF265002,1a
AF264958,1a
AF265000,1a
AF264999,1a
AF264998,1a
AF264997,1a
AF264996,1a
AF264995,1a
AF264984,1a
AF264983,1a
AF264982,1a
AF264981,1a
AF264979,1a
AF264978,1a
AF264977,1a
AF264969,1a
AF264964,1a
AF264963,1a
AF264962,1a
AF264961,1a
AF264960,1a
AF264959,1a
AF264957,1a
AF245958,1a
AF265054,1a
AF265125,1a
AF265124,1a
AF265123,1a
AF265122,1a
AF265120,1a
AF265119,1a
AF265118,1a
AF265117,1a
AF265116,1a
AF265115,1a
AF265114,1a
AF265113,1a
AF265112,1a
AF265111,1a
AF265110,1a
AF265109,1a
AF265108,1a
AF265107,1a
AF265106,1a
AF265105,1a
AF265126,1a
AF265104,1a
AF265127,1a
AF265129,1a
AF268577,1a
AF268576,1a
AF268575,1a
AF268574,1a
AF268573,1a
AF268572,1a
AF268571,1a
AF268570,1a
AF268569,1a
AF265141,1a
AF265140,1a
AF265139,1a
AF265138,1a
AF265137,1a
AF265136,1a
AF265135,1a
AF265134,1a
AF265133,1a
AF265132,1a
AF265131,1a
AF265130,1a
AF265103,1a
AF265075,1a
AF265074,1a
AF265073,1a
AF265072,1a
AF265071,1a
AF265070,1a
AF265069,1a
AF265068,1a
AF265067,1a
AF265066,1a
AF265065,1a
AF265064,1a
AF265063,1a
AF265062,1a
AF265061,1a
AF265060,1a
AF265058,1a
AF265057,1a
AF265076,1a
AF265077,1a
AF265098,1a
AF265091,1a
AF035126,1a
AF245957,1a
AF245955,1a
AF230458,1a
AF230457,1a
AF230456,1a
AF230455,1a
AF230454,1a
AF230453,1a
AF230452,1a
AF230451,1a
AF230450,1a
AF230449,1a
AF230448,1a
AF230447,1a
AF230446,1a
AF230445,1a
AF230444,1a
AF230443,1a
AF230441,1a
AF230440,1a
AF230438,1a
AF230459,1a
AF230437,1a
AF233693,1a
AF233701,1a
AF245749,1a
AF245748,1a
AF245747,1a
AF245746,1a
AF245745,1a
AF245744,1a
AF245743,1a
AF245742,1a
AF245741,1a
AF245740,1a
AF245739,1a
AF245738,1a
AF245737,1a
AF245736,1a
AF245735,1a
AF245734,1a
AF245283,1a
AF245282,1a
AF233712,1a
AF233711,1a
AF233702,1a
AF233694,1a
AF245750,1a
AF230436,1a
AF227779,1a
AF227778,1a
AF227776,1a
AF227772,1a
AF227771,1a
AF227770,1a
AF227769,1a
AF227768,1a
AF227767,1a
AF227766,1a
AF227765,1a
AF227764,1a
AF227763,1a
AF218873,1a
AF217297,1a
AF217296,1a
AF217295,1a
AF227780,1a
AF227781,1a
AF230433,1a
AF230432,1a
AF230431,1a
AF230430,1a
AF230428,1a
AF230426,1a
AF230425,1a
AF230424,1a
AF230423,1a
AF230422,1a
AF230421,1a
AF230420,1a
AF230419,1a
AF230418,1a
AF230417,1a
AF227786,1a
AF227784,1a
AF227782,1a
AF245956,1a
AF245751,1a
AF245753,1a
AF245873,1a
AF245872,1a
AF245871,1a
AF245870,1a
AF245869,1a
AF245868,1a
AF245867,1a
AF245866,1a
AF245865,1a
AF245841,1a
AF245835,1a
AF245834,1a
AF245833,1a
AF245821,1a
AF245820,1a
AF245819,1a
AF245818,1a
AF245817,1a
AF245816,1a
AF245814,1a
AF245874,1a
AF245875,1a
AF245877,1a
AF245954,1a
AF245953,1a
AF245952,1a
AF245950,1a
AF245949,1a
AF245893,1a
AF245892,1a
AF245891,1a
AF245888,1a
AF245886,1a
AF245885,1a
AF245884,1a
AF245883,1a
AF245882,1a
AF245881,1a
AF245880,1a
AF245879,1a
AF245878,1a
AF245876,1a
AF245752,1a
AF245812,1a
AF245810,1a
AF245774,1a
AF245773,1a
AF245772,1a
AF245771,1a
AF245770,1a
AF245769,1a
AF245768,1a
AF245767,1a
AF245766,1a
AF245765,1a
AF245764,1a
AF245763,1a
AF245762,1a
AF245761,1a
AF245760,1a
AF245758,1a
AF245757,1a
AF245756,1a
AF245755,1a
AF245754,1a
AF245775,1a
AF245811,1a
AF245776,1a
AF245788,1a
AF245809,1a
AF245807,1a
AF245806,1a
AF245805,1a
AF245804,1a
AF245803,1a
AF245802,1a
AF245801,1a
AF245800,1a
AF245799,1a
AF245798,1a
AF245797,1a
AF245796,1a
AF245795,1a
AF245794,1a
AF245793,1a
AF245792,1a
AF245791,1a
AF245790,1a
AF245789,1a
AF245787,1a
AF268578,1a
AF035125,1a
AF035123,1a
AB245742,1a
AB245741,1a
AB245740,1a
AB245739,1a
AB245738,1a
AB245737,1a
AB245736,1a
AB245735,1a
AB245743,1a
AB245733,1a
AB245731,1a
AB245730,1a
AB245729,1a
AB245728,1a
AB245727,1a
AB245725,1a
AB245724,1a
AB245723,1a
AB245732,1a
AB245744,1a
AB245745,1a
AB245746,1a
AB245767,1a
AB245766,1a
AB245764,1a
AB245762,1a
AB245761,1a
AB245760,1a
AB245759,1a
AB245758,1a
AB245757,1a
AB245756,1a
AB245755,1a
AB245754,1a
AB245753,1a
AB245752,1a
AB245751,1a
AB245750,1a
AB245749,1a
AB245748,1a
AB245747,1a
AB245722,1a
AB245721,1a
AB245720,1a
AB245719,1a
AB245693,1a
AB245692,1a
AB245691,1a
AB245690,1a
AB245689,1a
AB245688,1a
AB245687,1a
AB245686,1a
AB245684,1a
AB245683,1a
AB245682,1a
AB245681,1a
AB245680,1a
AB245678,1a
AB245677,1a
AB245676,1a
AB245675,1a
AB245674,1a
AB245673,1a
AB245768,1a
AB245697,1a
AB245718,1a
AB245717,1a
AB245716,1a
AB245715,1a
AB245714,1a
AB245713,1a
AB245712,1a
AB245711,1a
AB245710,1a
AB245709,1a
AB245708,1a
AB245707,1a
AB245706,1a
AB245705,1a
AB245704,1a
AB245703,1a
AB245702,1a
AB245701,1a
AB245700,1a
AB245698,1a
AB245696,1a
AB245769,1a
AB245770,1a
AB245842,1a
AB245841,1a
AB245840,1a
AB245839,1a
AB245838,1a
AB245837,1a
AB245836,1a
AB245835,1a
AB245834,1a
AB245833,1a
AB245832,1a
AB245831,1a
AB245830,1a
AB245829,1a
AB245828,1a
AB245827,1a
AB245826,1a
AB245824,1a
AB245823,1a
AB245822,1a
AB245843,1a
AB245821,1a
AB245844,1a
AB245846,1a
AB245867,1a
AB245866,1a
AB245864,1a
AB245863,1a
AB245862,1a
AB245861,1a
AB245860,1a
AB245859,1a
AB245858,1a
AB245857,1a
AB245856,1a
AB245855,1a
AB245852,1a
AB245850,1a
AB245848,1a
AB245847,1a
AB245845,1a
AB245672,1a
AB245820,1a
AB245792,1a
AB245790,1a
AB245789,1a
AB245787,1a
AB245786,1a
AB245785,1a
AB245784,1a
AB245783,1a
AB245782,1a
AB245781,1a
AB245779,1a
AB245778,1a
AB245777,1a
AB245776,1a
AB245775,1a
AB245774,1a
AB245773,1a
AB245819,1a
AB245794,1a
AB245796,1a
AB245817,1a
AB245816,1a
AB245815,1a
AB245814,1a
AB245813,1a
AB245812,1a
AB245811,1a
AB245810,1a
AB245809,1a
AB245808,1a
AB245807,1a
AB245806,1a
AB245805,1a
AB245804,1a
AB245803,1a
AB245802,1a
AB245801,1a
AB245800,1a
AB245799,1a
AB245798,1a
AB245671,1a
AB245670,1a
AB245669,1a
AB204643,1a
AB204642,1a
AB204641,1a
AB204640,1a
AB204639,1a
AB204638,1a
AB204637,1a
AB204636,1a
AB204635,1a
AB204634,1a
AB204633,1a
AB204632,1a
AB204631,1a
AB204630,1a
AB204629,1a
AB204628,1a
AB204627,1a
AB204626,1a
AB204625,1a
AB162882,1a
AB162862,1a
AB204644,1a
AB092962,1a
AB204645,1a
AB204647,1a
AB245568,1a
AB245567,1a
AB245566,1a
AB245565,1a
AB245563,1a
AB245562,1a
AB245561,1a
AB245560,1a
AB245558,1a
AB245557,1a
AB204654,1a
AB204653,1a
AB204652,1a
AB204651,1a
AB204650,1a
AB204649,1a
AB204648,1a
AB204646,1a
AB245569,1a
AB081068,1a
AB079722,1a
AB079696,1a
AB079695,1a
AB079694,1a
AB079693,1a
AB079092,1a
AB079091,1a
AB079090,1a
AB079089,1a
AB079088,1a
AB079087,1a
AB079086,1a
AB079085,1a
AB079084,1a
AB079083,1a
AB079082,1a
AB079081,1a
AB079080,1a
AB079079,1a
AB079078,1a
AB079077,1a
AB079076,1a
AB079697,1a
AB079723,1a
AB079698,1a
AB079700,1a
AB079721,1a
AB079720,1a
AB079719,1a
AB079718,1a
AB079717,1a
AB079716,1a
AB079715,1a
AB079714,1a
AB079713,1a
AB079712,1a
AB079711,1a
AB079710,1a
AB079708,1a
AB079706,1a
AB079705,1a
AB079704,1a
AB079703,1a
AB079702,1a
AB079701,1a
AB079699,1a
AB245868,1a
AB245570,1a
AB245572,1a
AB245643,1a
AB245642,1a
AB245641,1a
AB245640,1a
AB245639,1a
AB245638,1a
AB245637,1a
AB245636,1a
AB245635,1a
AB245634,1a
AB245633,1a
AB245632,1a
AB245630,1a
AB245629,1a
AB245628,1a
AB245627,1a
AB245626,1a
AB245625,1a
AB245624,1a
AB245623,1a
AB245644,1a
AB245622,1a
AB245645,1a
AB245647,1a
AB245668,1a
AB245667,1a
AB245666,1a
AB245665,1a
AB245664,1a
AB245663,1a
AB245662,1a
AB245661,1a
AB245660,1a
AB245659,1a
AB245658,1a
AB245657,1a
AB245656,1a
AB245655,1a
AB245654,1a
AB245653,1a
AB245652,1a
AB245651,1a
AB245650,1a
AB245649,1a
AB245648,1a
AB245646,1a
AB245571,1a
AB245621,1a
AB245619,1a
AB245593,1a
AB245592,1a
AB245591,1a
AB245590,1a
AB245589,1a
AB245588,1a
AB245587,1a
AB245586,1a
AB245585,1a
AB245584,1a
AB245583,1a
AB245582,1a
AB245581,1a
AB245579,1a
AB245578,1a
AB245577,1a
AB245576,1a
AB245575,1a
AB245574,1a
AB245573,1a
AB245594,1a
AB245620,1a
AB245597,1a
AB245618,1a
AB245616,1a
AB245615,1a
AB245613,1a
AB245612,1a
AB245610,1a
AB245609,1a
AB245608,1a
AB245606,1a
AB245605,1a
AB245604,1a
AB245603,1a
AB245602,1a
AB245601,1a
AB245600,1a
AB245599,1a
AB245598,1a
AB245596,1a
AB245870,1a
AB245871,1a
AB523356,1a
AB523355,1a
AB523350,1a
AB523342,1a
AB523338,1a
AB523336,1a
AB523335,1a
AB523329,1a
AB523328,1a
AB523327,1a
AB523325,1a
AB523316,1a
AB523315,1a
AB523308,1a
AB523306,1a
AB523303,1a
AB523295,1a
AB523293,1a
AB523291,1a
AB523358,1a
AB523283,1a
AB523359,1a
AB523361,1a
AB714161,1a
AB714159,1a
AB714158,1a
AB714157,1a
AB714156,1a
AB714155,1a
AB714154,1a
AB714153,1a
AB714152,1a
AB714151,1a
AB714150,1a
AB714149,1a
AB714148,1a
AB714147,1a
AB705379,1a
AB587139,1a
AB587137,1a
AB587136,1a
AB587134,1a
AB587133,1a
AB587132,1a
AB714162,1a
AB523282,1a
AB523226,1a
AB523225,1a
AB523224,1a
AB523220,1a
AB523219,1a
AB523218,1a
AB523216,1a
AB523215,1a
AB523213,1a
AB523212,1a
AB523211,1a
AB523210,1a
AB523209,1a
AB523207,1a
AB523205,1a
AB523202,1a
AB523201,1a
AB523200,1a
AB523198,1a
AB523194,1a
AB523279,1a
AB523228,1a
AB523231,1a
AB523275,1a
AB523274,1a
AB523273,1a
AB523268,1a
AB523266,1a
AB523263,1a
AB523258,1a
AB523253,1a
AB523250,1a
AB523249,1a
AB523247,1a
AB523245,1a
AB523243,1a
AB523235,1a
AB523234,1a
AB523229,1a
AB523193,1a
AB714163,1a
AB714168,1a
AB714240,1a
AB714239,1a
AB714238,1a
AB714237,1a
AB714235,1a
AB714234,1a
AB714233,1a
AB714232,1a
AB714231,1a
AB714230,1a
AB714229,1a
AB714228,1a
AB714227,1a
AB714226,1a
AB714225,1a
AB714224,1a
AB714223,1a
AB714222,1a
AB714221,1a
AB714220,1a
AB714219,1a
AB714241,1a
AB714218,1a
AB714242,1a
AB767305,1a
AF035122,1a
AF021904,1a
AF021903,1a
AF021888,1a
AF011753,1a
AF011752,1a
AF011751,1a
AF009606,1a
AF009077,1a
AF009076,1a
AF009075,1a
AF009074,1a
AF009073,1a
AF009072,1a
AF009071,1a
AF009070,1a
AF009069,1a
AB767307,1a
AB767306,1a
AB767304,1a
AB714167,1a
AB714217,1a
AB714215,1a
AB714189,1a
AB714188,1a
AB714187,1a
AB714186,1a
AB714185,1a
AB714184,1a
AB714183,1a
AB714182,1a
AB714181,1a
AB714180,1a
AB714179,1a
AB714178,1a
AB714177,1a
AB714176,1a
AB714175,1a
AB714174,1a
AB714173,1a
AB714172,1a
AB714171,1a
AB714170,1a
AB714169,1a
AB714190,1a
AB714216,1a
AB714191,1a
AB714193,1a
AB714214,1a
AB714213,1a
AB714212,1a
AB714211,1a
AB714210,1a
AB714209,1a
AB714208,1a
AB714207,1a
AB714206,1a
AB714205,1a
AB714204,1a
AB714203,1a
AB714202,1a
AB714201,1a
AB714200,1a
AB714199,1a
AB714198,1a
AB714197,1a
AB714196,1a
AB714195,1a
AB714194,1a
AB714192,1a
AF035124,1a
AB523187,1a
AB523182,1a
AB281401,1a
AB281396,1a
AB281392,1a
AB281379,1a
AB281378,1a
AB281374,1a
AB281373,1a
AB272225,1a
AB272224,1a
AB272223,1a
AB272222,1a
AB272221,1a
AB272220,1a
AB272219,1a
AB272218,1a
AB272217,1a
AB272216,1a
AB272215,1a
AB272214,1a
AB272213,1a
AB272212,1a
AB281406,1a
AB272211,1a
AB281412,1a
AB284190,1a
AB301733,1a
AB301732,1a
AB301731,1a
AB301730,1a
AB301729,1a
AB301728,1a
AB301727,1a
AB291045,1a
AB290983,1a
AB290981,1a
AB290957,1a
AB287338,1a
AB287334,1a
AB284251,1a
AB284245,1a
AB284242,1a
AB284213,1a
AB284210,1a
AB284199,1a
AB284198,1a
AB284197,1a
AB281414,1a
AB301734,1a
AB272208,1a
AB272182,1a
AB272181,1a
AB272180,1a
AB272179,1a
AB272178,1a
AB272177,1a
AB272176,1a
AB272175,1a
AB272174,1a
AB272173,1a
AB272172,1a
AB272171,1a
AB272170,1a
AB272169,1a
AB272168,1a
AB272167,1a
AB269342,1a
AB269341,1a
AB245873,1a
AB272183,1a
AB272209,1a
AB272184,1a
AB272186,1a
AB272207,1a
AB272206,1a
AB272205,1a
AB272204,1a
AB272202,1a
AB272201,1a
AB272200,1a
AB272199,1a
AB272198,1a
AB272196,1a
AB272195,1a
AB272194,1a
AB272193,1a
AB272192,1a
AB272191,1a
AB272190,1a
AB272189,1a
AB272188,1a
AB272187,1a
AB272185,1a
AB523186,1a
AB301735,1a
AB301737,1a
AB523058,1a
AB523057,1a
AB523052,1a
AB523049,1a
AB523047,1a
AB523042,1a
AB523033,1a
AB523031,1a
AB523028,1a
AB523024,1a
AB523021,1a
AB523016,1a
AB523013,1a
AB523009,1a
AB523006,1a
AB523004,1a
AB522995,1a
AB522986,1a
AB522982,1a
AB523059,1a
AB522981,1a
AB523061,1a
AB523180,1a
AB523173,1a
AB523172,1a
AB523164,1a
AB523162,1a
AB523160,1a
AB523154,1a
AB523140,1a
AB523122,1a
AB523121,1a
AB523103,1a
AB523094,1a
AB523092,1a
AB523085,1a
AB523083,1a
AB523082,1a
AB523078,1a
AB523076,1a
AB523068,1a
AB523062,1a
AB301736,1a
AB522979,1a
AB522976,1a
AB469848,1a
AB444477,1a
AB306399,1a
AB306394,1a
AB306388,1a
AB306385,1a
AB306351,1a
AB306340,1a
AB306339,1a
AB306337,1a
AB306335,1a
AB306332,1a
AB306331,1a
AB306330,1a
AB306329,1a
AB301743,1a
AB301742,1a
AB301741,1a
AB301740,1a
AB301739,1a
AB301738,1a
AB472146,1a
AB522978,1a
AB472147,1a
AB472151,1a
AB520610,1a
AB472185,1a
AB472183,1a
AB472182,1a
AB472181,1a
AB472180,1a
AB472176,1a
AB472173,1a
AB472171,1a
AB472163,1a
AB472162,1a
AB472161,1a
AB472160,1a
AB472159,1a
AB472158,1a
AB472157,1a
AB472156,1a
AB472154,1a
AB472153,1a
AB472152,1a
AB472148,1a
AF268579,1a
AF268581,1a
AF529752,1a
AF529751,1a
AF529750,1a
AF529749,1a
AF529748,1a
AF529747,1a
AF529746,1a
AF529745,1a
AF529744,1a
AF529753,1a
AF529743,1a
AF529741,1a
AF529740,1a
AF529739,1a
AF529738,1a
AF529737,1a
AF529736,1a
AF529735,1a
AF529734,1a
AF529733,1a
AF529742,1a
AF529754,1a
AF529755,1a
AF529756,1a
AF529777,1a
AF529776,1a
AF529775,1a
AF529774,1a
AF529773,1a
AF529772,1a
AF529771,1a
AF529770,1a
AF529769,1a
AF529768,1a
AF529767,1a
AF529766,1a
AF529765,1a
AF529764,1a
AF529763,1a
AF529762,1a
AF529761,1a
AF529760,1a
AF529758,1a
AF529757,1a
AF529732,1a
AF529731,1a
AF529730,1a
AF529729,1a
AF529703,1a
AF529702,1a
AF529701,1a
AF529700,1a
AF529699,1a
AF529698,1a
AF529697,1a
AF529293,1a
AF528323,1a
AF525886,1a
AF525885,1a
AF525884,1a
AF525883,1a
AF516395,1a
AF516394,1a
AF516393,1a
AF516392,1a
AF516391,1a
AF516390,1a
AF529704,1a
AF529778,1a
AF529705,1a
AF529707,1a
AF529728,1a
AF529727,1a
AF529726,1a
AF529725,1a
AF529724,1a
AF529723,1a
AF529722,1a
AF529721,1a
AF529720,1a
AF529719,1a
AF529718,1a
AF529717,1a
AF529716,1a
AF529715,1a
AF529714,1a
AF529713,1a
AF529712,1a
AF529711,1a
AF529710,1a
AF529709,1a
AF529708,1a
AF529706,1a
AF529779,1a
AF529780,1a
AF529781,1a
AF547473,1a
AF547472,1a
AF547471,1a
AF547470,1a
AF547469,1a
AF547468,1a
AF547467,1a
AF547466,1a
AF547465,1a
AF547464,1a
AF547463,1a
AF547462,1a
AF547461,1a
AF547460,1a
AF547459,1a
AF547457,1a
AF547456,1a
AF547455,1a
AF547454,1a
AF547453,1a
AF547474,1a
AF547452,1a
AF547475,1a
AF547477,1a
AF547498,1a
AF547497,1a
AF547496,1a
AF547495,1a
AF547494,1a
AF547493,1a
AF547492,1a
AF547491,1a
AF547490,1a
AF547489,1a
AF547488,1a
AF547487,1a
AF547486,1a
AF547485,1a
AF547484,1a
AF547483,1a
AF547482,1a
AF547481,1a
AF547480,1a
AF547479,1a
AF547478,1a
AF547476,1a
AF516389,1a
AF547451,1a
AF547449,1a
AF529802,1a
AF529801,1a
AF529800,1a
AF529799,1a
AF529798,1a
AF529797,1a
AF529796,1a
AF529795,1a
AF529794,1a
AF529793,1a
AF529792,1a
AF529791,1a
AF529790,1a
AF529789,1a
AF529788,1a
AF529787,1a
AF529786,1a
AF529785,1a
AF529784,1a
AF529783,1a
AF529782,1a
AF529803,1a
AF547450,1a
AF529804,1a
AF529806,1a
AF547448,1a
AF547447,1a
AF547446,1a
AF547445,1a
AF547444,1a
AF547443,1a
AF547442,1a
AF547441,1a
AF547440,1a
AF547439,1a
AF547438,1a
AF547437,1a
AF547436,1a
AF529814,1a
AF529813,1a
AF529812,1a
AF529811,1a
AF529810,1a
AF529809,1a
AF529808,1a
AF529807,1a
AF529805,1a
AF516388,1a
AF516387,1a
AF516386,1a
AF511826,1a
AF511825,1a
AF511824,1a
AF511823,1a
AF511822,1a
AF511821,1a
AF511820,1a
AF511819,1a
AF511818,1a
AF511817,1a
AF511816,1a
AF511815,1a
AF511814,1a
AF511813,1a
AF511803,1a
AF511802,1a
AF511801,1a
AF511800,1a
AF511799,1a
AF511798,1a
AF511797,1a
AF511827,1a
AF511796,1a
AF511828,1a
AF511830,1a
AF511883,1a
AF511882,1a
AF511881,1a
AF511880,1a
AF511879,1a
AF511878,1a
AF511877,1a
AF511876,1a
AF511875,1a
AF511874,1a
AF511873,1a
AF511872,1a
AF511871,1a
AF511870,1a
AF511869,1a
AF511868,1a
AF511835,1a
AF511834,1a
AF511833,1a
AF511832,1a
AF511831,1a
AF511829,1a
AF511884,1a
AF511795,1a
AF511793,1a
AF511767,1a
AF511766,1a
AF511757,1a
AF511756,1a
AF511755,1a
AF511754,1a
AF511753,1a
AF511752,1a
AF511751,1a
AF511750,1a
AF511749,1a
AF511748,1a
AF511747,1a
AF511746,1a
AF511745,1a
AF511744,1a
AF511743,1a
AF511742,1a
AF511741,1a
AF511740,1a
AF511739,1a
AF511768,1a
AF511794,1a
AF511771,1a
AF511792,1a
AF511791,1a
AF511790,1a
AF511789,1a
AF511788,1a
AF511787,1a
AF511786,1a
AF511785,1a
AF511784,1a
AF511783,1a
AF511782,1a
AF511781,1a
AF511780,1a
AF511779,1a
AF511778,1a
AF511777,1a
AF511776,1a
AF511775,1a
AF511774,1a
AF511773,1a
AF511772,1a
AF511770,1a
AF547500,1a
AF511885,1a
AF511887,1a
AF515933,1a
AF515927,1a
AF515910,1a
AF515909,1a
AF515908,1a
AF515907,1a
AF515905,1a
AF515900,1a
AF515898,1a
AF515876,1a
AF515875,1a
AF515852,1a
AF515851,1a
AF515850,1a
AF515849,1a
AF512996,1a
AF511950,1a
AF511949,1a
AF511948,1a
AF511947,1a
AF511946,1a
AF515934,1a
AF511945,1a
AF515949,1a
AF515958,1a
AF516385,1a
AF516384,1a
AF516383,1a
AF516382,1a
AF516063,1a
AF516058,1a
AF516043,1a
AF516042,1a
AF516036,1a
AF516019,1a
AF516018,1a
AF516017,1a
AF516016,1a
AF516014,1a
AF516009,1a
AF516007,1a
AF515985,1a
AF515984,1a
AF515961,1a
AF515960,1a
AF515959,1a
AF515954,1a
AF511886,1a
AF511944,1a
AF511942,1a
AF511916,1a
AF511907,1a
AF511906,1a
AF511905,1a
AF511904,1a
AF511903,1a
AF511902,1a
AF511901,1a
AF511900,1a
AF511899,1a
AF511898,1a
AF511897,1a
AF511896,1a
AF511895,1a
AF511894,1a
AF511893,1a
AF511892,1a
AF511891,1a
AF511890,1a
AF511889,1a
AF511888,1a
AF511917,1a
AF511943,1a
AF511918,1a
AF511920,1a
AF511940,1a
AF511939,1a
AF511938,1a
AF511937,1a
AF511936,1a
AF511935,1a
AF511934,1a
AF511933,1a
AF511932,1a
AF511931,1a
AF511930,1a
AF511929,1a
AF511928,1a
AF511927,1a
AF511926,1a
AF511925,1a
AF511924,1a
AF511923,1a
AF511922,1a
AF511921,1a
AF511919,1a
AF547501,1a
AF547502,1a
AF547503,1a
AF551526,1a
AF551525,1a
AF551524,1a
AF551523,1a
AF551522,1a
AF551520,1a
AF551517,1a
AF551514,1a
AF551511,1a
AF551510,1a
AF551508,1a
AF551506,1a
AF551527,1a
AF551505,1a
AF551528,1a
AF551530,1a
AF551551,1a
AF551549,1a
AF551545,1a
AF551544,1a
AF551539,1a
AF551538,1a
AF551537,1a
AF551536,1a
AF551535,1a
AF551533,1a
AF551504,1a
AF551502,1a
AF551476,1a
AF551475,1a
AF551474,1a
AF551473,1a
AF551472,1a
AF551471,1a
AF551470,1a
AF551469,1a
AF551465,1a
AF551463,1a
AF551461,1a
AF551460,1a
AF551459,1a
AF551458,1a
AF551457,1a
AF551480,1a
AF551495,1a
AF551494,1a
AF551492,1a
AF551490,1a
AF551485,1a
AF551484,1a
AF551479,1a
AF551555,1a
AF551626,1a
AF551625,1a
AF551624,1a
AF551623,1a
AF551618,1a
AF551617,1a
AF551615,1a
AF551611,1a
AF551610,1a
AF551607,1a
AF551606,1a
AF551605,1a
AF551648,1a
AF551647,1a
AF551646,1a
AF551642,1a
AF551640,1a
AF551636,1a
AF551632,1a
AF551629,1a
AF551554,1a
AF551602,1a
AF551576,1a
AF551573,1a
AF551569,1a
AF551568,1a
AF551567,1a
AF551564,1a
AF551563,1a
AF551559,1a
AF551558,1a
AF551577,1a
AF551603,1a
AF551597,1a
AF551595,1a
AF551593,1a
AF551587,1a
AF551586,1a
AF551585,1a
AF551584,1a
AF551581,1a
AF511738,1a
AF551452,1a
AF547576,1a
AF547575,1a
AF547574,1a
AF547573,1a
AF547572,1a
AF547571,1a
AF547570,1a
AF547569,1a
AF547568,1a
AF547567,1a
AF547566,1a
AF547565,1a
AF547564,1a
AF547563,1a
AF547562,1a
AF547561,1a
AF547560,1a
AF547559,1a
AF547558,1a
AF547557,1a
AF547556,1a
AF547577,1a
AF547555,1a
AF547578,1a
AF547580,1a
AF551350,1a
AF551349,1a
AF551348,1a
AF551347,1a
AF551342,1a
AF551339,1a
AF551338,1a
AF551337,1a
AF551335,1a
AF547584,1a
AF547583,1a
AF547582,1a
AF547581,1a
AF547579,1a
AF551352,1a
AF547554,1a
AF547552,1a
AF547526,1a
AF547525,1a
AF547524,1a
AF547521,1a
AF547520,1a
AF547519,1a
AF547518,1a
AF547517,1a
AF547516,1a
AF547515,1a
AF547514,1a
AF547513,1a
AF547512,1a
AF547511,1a
AF547510,1a
AF547508,1a
AF547507,1a
AF547506,1a
AF547505,1a
AF547504,1a
AF547527,1a
AF547553,1a
AF547528,1a
AF547530,1a
AF547551,1a
AF547550,1a
AF547549,1a
AF547548,1a
AF547547,1a
AF547546,1a
AF547545,1a
AF547544,1a
AF547543,1a
AF547542,1a
AF547541,1a
AF547540,1a
AF547539,1a
AF547538,1a
AF547537,1a
AF547536,1a
AF547535,1a
AF547534,1a
AF547533,1a
AF547532,1a
AF547531,1a
AF547529,1a
AF551453,1a
AF551426,1a
AF551425,1a
AF551424,1a
AF551423,1a
AF551417,1a
AF551416,1a
AF551414,1a
AF551410,1a
AF551430,1a
AF551447,1a
AF551446,1a
AF551442,1a
AF551441,1a
AF551440,1a
AF551439,1a
AF551437,1a
AF551434,1a
AF551432,1a
AF551404,1a
AF551376,1a
AF551375,1a
AF551366,1a
AF551364,1a
AF551359,1a
AF551357,1a
AF551380,1a
AF551400,1a
AF551399,1a
AF551396,1a
AF551394,1a
AF551393,1a
AF551391,1a
AF551386,1a
AF551385,1a
AF268580,1a
AF511737,1a
AF511735,1a
AF345120,1a
AF345119,1a
AF345118,1a
AF345117,1a
AF345116,1a
AF345115,1a
AF345114,1a
AF345113,1a
AF345112,1a
AF345121,1a
AF345111,1a
AF345109,1a
AF345108,1a
AF345107,1a
AF345106,1a
AF345105,1a
AF345104,1a
AF345103,1a
AF345102,1a
AF345101,1a
AF345110,1a
AF345122,1a
AF345123,1a
AF345124,1a
AF345145,1a
AF345144,1a
AF345143,1a
AF345142,1a
AF345141,1a
AF345140,1a
AF345139,1a
AF345138,1a
AF345137,1a
AF345136,1a
AF345135,1a
AF345134,1a
AF345133,1a
AF345132,1a
AF345131,1a
AF345130,1a
AF345129,1a
AF345128,1a
AF345127,1a
AF345126,1a
AF345125,1a
AF345100,1a
AF345099,1a
AF345098,1a
AF345097,1a
AF345071,1a
AF345070,1a
AF345069,1a
AF345068,1a
AF345067,1a
AF345066,1a
AF345065,1a
AF345064,1a
AF345063,1a
AF345062,1a
AF345061,1a
AF345060,1a
AF345059,1a
AF345058,1a
AF345057,1a
AF345056,1a
AF345055,1a
AF345054,1a
AF345053,1a
AF345052,1a
AF345051,1a
AF345072,1a
AF345146,1a
AF345073,1a
AF345075,1a
AF345096,1a
AF345095,1a
AF345094,1a
AF345093,1a
AF345092,1a
AF345091,1a
AF345090,1a
AF345089,1a
AF345088,1a
AF345087,1a
AF345086,1a
AF345085,1a
AF345084,1a
AF345083,1a
AF345082,1a
AF345080,1a
AF345079,1a
AF345078,1a
AF345077,1a
AF345076,1a
AF345074,1a
AF345147,1a
AF345148,1a
AF345149,1a
AF369226,1a
AF369225,1a
AF369224,1a
AF369223,1a
AF369222,1a
AF369221,1a
AF369220,1a
AF369219,1a
AF369218,1a
AF369217,1a
AF369216,1a
AF369215,1a
AF369214,1a
AF359354,1a
AF359353,1a
AF359352,1a
AF359351,1a
AF359350,1a
AF359349,1a
AF359348,1a
AF359347,1a
AF369227,1a
AF369228,1a
AF369230,1a
AF373854,1a
AF373853,1a
AF373852,1a
AF373851,1a
AF373849,1a
AF373848,1a
AF369245,1a
AF369244,1a
AF369243,1a
AF369242,1a
AF369241,1a
AF369240,1a
AF369239,1a
AF369238,1a
AF369237,1a
AF369236,1a
AF369235,1a
AF369234,1a
AF369233,1a
AF369232,1a
AF369231,1a
AF369229,1a
AF345050,1a
AF350919,1a
AF345170,1a
AF345169,1a
AF345168,1a
AF345167,1a
AF345166,1a
AF345165,1a
AF345164,1a
AF345162,1a
AF345161,1a
AF345160,1a
AF345159,1a
AF345158,1a
AF345157,1a
AF345156,1a
AF345155,1a
AF345154,1a
AF345153,1a
AF345152,1a
AF345151,1a
AF345150,1a
AF345171,1a
AF350920,1a
AF345172,1a
AF345174,1a
AF350918,1a
AF348704,1a
AF345193,1a
AF345192,1a
AF345191,1a
AF345190,1a
AF345189,1a
AF345188,1a
AF345187,1a
AF345186,1a
AF345185,1a
AF345184,1a
AF345183,1a
AF345182,1a
AF345181,1a
AF345180,1a
AF345179,1a
AF345178,1a
AF345177,1a
AF345176,1a
AF345175,1a
AF345173,1a
AF345049,1a
AF345048,1a
AF345047,1a
AF344921,1a
AF344920,1a
AF344919,1a
AF344918,1a
AF344917,1a
AF344916,1a
AF344915,1a
AF344914,1a
AF344913,1a
AF344912,1a
AF344911,1a
AF344910,1a
AF344909,1a
AF344908,1a
AF344907,1a
AF344906,1a
AF344905,1a
AF344904,1a
AF344903,1a
AF344902,1a
AF344901,1a
AF344922,1a
AF344900,1a
AF344923,1a
AF344925,1a
AF344946,1a
AF344945,1a
AF344944,1a
AF344943,1a
AF344942,1a
AF344941,1a
AF344940,1a
AF344939,1a
AF344938,1a
AF344937,1a
AF344936,1a
AF344935,1a
AF344934,1a
AF344933,1a
AF344932,1a
AF344931,1a
AF344930,1a
AF344929,1a
AF344928,1a
AF344927,1a
AF344926,1a
AF344924,1a
AF344947,1a
AF344899,1a
AF344897,1a
AF282644,1a
AF282643,1a
AF282642,1a
AF282634,1a
AF282633,1a
AF282632,1a
AF282631,1a
AF271818,1a
AF271817,1a
AF271632,1a
AF268592,1a
AF268591,1a
AF282645,1a
AF344898,1a
AF282646,1a
AF282648,1a
AF344896,1a
AF344895,1a
AF344894,1a
AF344893,1a
AF344892,1a
AF344891,1a
AF344890,1a
AF344889,1a
AF344888,1a
AF344887,1a
AF290978,1a
AF282674,1a
AF282673,1a
AF282672,1a
AF282671,1a
AF282670,1a
AF282669,1a
AF282652,1a
AF282651,1a
AF282650,1a
AF282649,1a
AF282647,1a
AF373855,1a
AF344948,1a
AF344950,1a
AF345021,1a
AF345020,1a
AF345019,1a
AF345018,1a
AF345017,1a
AF345016,1a
AF345015,1a
AF345014,1a
AF345013,1a
AF345012,1a
AF345011,1a
AF345010,1a
AF345009,1a
AF345008,1a
AF345007,1a
AF345006,1a
AF345005,1a
AF345004,1a
AF345003,1a
AF345002,1a
AF345001,1a
AF345022,1a
AF345000,1a
AF345023,1a
AF345025,1a
AF345046,1a
AF345045,1a
AF345044,1a
AF345043,1a
AF345042,1a
AF345041,1a
AF345040,1a
AF345039,1a
AF345038,1a
AF345037,1a
AF345036,1a
AF345034,1a
AF345033,1a
AF345032,1a
AF345031,1a
AF345030,1a
AF345029,1a
AF345028,1a
AF345027,1a
AF345026,1a
AF345024,1a
AF344949,1a
AF344999,1a
AF344997,1a
AF344971,1a
AF344970,1a
AF344969,1a
AF344968,1a
AF344967,1a
AF344966,1a
AF344965,1a
AF344964,1a
AF344963,1a
AF344962,1a
AF344961,1a
AF344960,1a
AF344959,1a
AF344958,1a
AF344957,1a
AF344956,1a
AF344955,1a
AF344954,1a
AF344953,1a
AF344952,1a
AF344951,1a
AF344972,1a
AF344998,1a
AF344973,1a
AF344975,1a
AF344996,1a
AF344995,1a
AF344994,1a
AF344993,1a
AF344992,1a
AF344991,1a
AF344990,1a
AF344989,1a
AF344988,1a
AF344987,1a
AF344986,1a
AF344985,1a
AF344984,1a
AF344983,1a
AF344982,1a
AF344981,1a
AF344980,1a
AF344979,1a
AF344978,1a
AF344977,1a
AF344976,1a
AF344974,1a
AF373856,1a
AF373857,1a
AF373858,1a
AF463491,1a
AF463468,1a
AF463467,1a
AF463466,1a
AF463465,1a
AF463464,1a
AF463463,1a
AF463462,1a
AF462282,1a
AF462281,1a
AF462280,1a
AF462279,1a
AF462278,1a
AF462277,1a
AF462276,1a
AF462275,1a
AF431888,1a
AF431887,1a
AF431886,1a
AF431885,1a
AF431884,1a
AF482730,1a
AF484969,1a
AF484971,1a
AF497282,1a
AF497281,1a
AF497280,1a
AF497279,1a
AF497278,1a
AF497277,1a
AF497276,1a
AF497275,1a
AF497274,1a
AF497273,1a
AF497272,1a
AF497271,1a
AF497270,1a
AF497269,1a
AF497268,1a
AF497267,1a
AF497266,1a
AF497265,1a
AF484978,1a
AF484973,1a
AF484972,1a
AF484970,1a
AF497283,1a
AF431882,1a
AF431880,1a
AF431827,1a
AF431826,1a
AF431825,1a
AF431824,1a
AF431823,1a
AF431822,1a
AF431821,1a
AF431820,1a
AF431818,1a
AF431817,1a
AF426602,1a
AF426601,1a
AF426600,1a
AF426599,1a
AF426598,1a
AF426597,1a
AF426596,1a
AF426595,1a
AF426594,1a
AF431828,1a
AF431829,1a
AF431831,1a
AF431852,1a
AF431851,1a
AF431850,1a
AF431849,1a
AF431848,1a
AF431847,1a
AF431846,1a
AF431845,1a
AF431844,1a
AF431843,1a
AF431842,1a
AF431841,1a
AF431840,1a
AF431839,1a
AF431838,1a
AF431837,1a
AF431836,1a
AF431834,1a
AF431833,1a
AF431832,1a
AF431830,1a
AF497284,1a
AF497286,1a
AF497397,1a
AF497395,1a
AF497384,1a
AF497383,1a
AF497382,1a
AF497381,1a
AF497380,1a
AF497379,1a
AF497378,1a
AF497374,1a
AF497373,1a
AF497372,1a
AF497371,1a
AF497370,1a
AF497369,1a
AF497368,1a
AF497398,1a
AF497367,1a
AF497399,1a
AF497401,1a
AF511734,1a
AF511733,1a
AF511732,1a
AF511731,1a
AF511730,1a
AF511729,1a
AF511728,1a
AF511727,1a
AF506811,1a
AF506810,1a
AF506809,1a
AF506808,1a
AF506807,1a
AF506806,1a
AF497408,1a
AF497407,1a
AF497406,1a
AF497405,1a
AF497404,1a
AF497403,1a
AF497402,1a
AF497400,1a
AF497285,1a
AF497366,1a
AF497364,1a
AF497318,1a
AF497317,1a
AF497316,1a
AF497315,1a
AF497314,1a
AF497313,1a
AF497312,1a
AF497311,1a
AF497310,1a
AF497309,1a
AF497308,1a
AF497307,1a
AF497295,1a
AF497294,1a
AF497293,1a
AF497292,1a
AF497291,1a
AF497290,1a
AF497289,1a
AF497288,1a
AF497287,1a
AF497319,1a
AF497365,1a
AF497320,1a
AF497322,1a
AF497363,1a
AF497362,1a
AF497361,1a
AF497340,1a
AF497339,1a
AF497338,1a
AF497337,1a
AF497336,1a
AF497335,1a
AF497334,1a
AF497333,1a
AF497332,1a
AF497331,1a
AF497330,1a
AF497329,1a
AF497328,1a
AF497327,1a
AF497326,1a
AF497325,1a
AF497324,1a
AF497323,1a
AF497321,1a
AF511736,1a
AF426592,1a
AF426590,1a
AF422292,1a
AF422288,1a
AF422286,1a
AF422284,1a
AF422283,1a
AF422282,1a
AF422281,1a
AF422280,1a
AF422279,1a
AF422278,1a
AF422277,1a
AF422276,1a
AF422275,1a
AF422274,1a
AF422273,1a
AF422272,1a
AF422293,1a
AF422271,1a
AF422294,1a
AF422296,1a
AF422336,1a
AF422335,1a
AF422314,1a
AF422313,1a
AF422312,1a
AF422311,1a
AF422310,1a
AF422309,1a
AF422308,1a
AF422307,1a
AF422306,1a
AF422305,1a
AF422304,1a
AF422303,1a
AF422302,1a
AF422301,1a
AF422299,1a
AF422298,1a
AF422295,1a
AF422337,1a
AF422270,1a
AF422268,1a
AF416537,1a
AF416536,1a
AF416535,1a
AF416534,1a
AF416533,1a
AF416531,1a
AF416530,1a
AF416529,1a
AF416528,1a
AF416527,1a
AF416526,1a
AF416525,1a
AF416512,1a
AF416511,1a
AF388435,1a
AF388434,1a
AF388433,1a
AF388432,1a
AF381138,1a
AF381137,1a
AF373859,1a
AF416541,1a
AF422269,1a
AF416549,1a
AF422246,1a
AF422266,1a
AF422265,1a
AF422264,1a
AF422262,1a
AF422260,1a
AF422259,1a
AF422258,1a
AF422257,1a
AF422256,1a
AF422255,1a
AF422254,1a
AF422253,1a
AF422252,1a
AF422251,1a
AF422250,1a
AF422249,1a
AF422248,1a
AF422247,1a
AF416551,1a
AF426591,1a
AF422338,1a
AF422340,1a
AF422481,1a
AF422480,1a
AF422479,1a
AF422475,1a
AF422470,1a
AF422469,1a
AF422467,1a
AF422435,1a
AF422434,1a
AF422432,1a
AF422431,1a
AF422430,1a
AF422486,1a
AF426589,1a
AF426588,1a
AF426587,1a
AF426585,1a
AF426584,1a
AF426583,1a
AF426582,1a
AF426580,1a
AF426579,1a
AF426578,1a
AF426577,1a
AF426576,1a
AF426575,1a
AF426574,1a
AF422490,1a
AF422489,1a
AF422487,1a
AF422485,1a
AF422339,1a
AF422429,1a
AF422427,1a
AF422360,1a
AF422359,1a
AF422357,1a
AF422356,1a
AF422354,1a
AF422353,1a
AF422352,1a
AF422351,1a
AF422350,1a
AF422349,1a
AF422348,1a
AF422347,1a
AF422346,1a
AF422345,1a
AF422344,1a
AF422342,1a
AF422362,1a
AF422428,1a
AF422363,1a
AF422365,1a
AF422425,1a
AF422422,1a
AF422421,1a
AF422420,1a
AF422419,1a
AF422418,1a
AF422417,1a
AF422416,1a
AF422415,1a
AF422414,1a
AF422413,1a
AF422412,1a
AF422411,1a
AF422410,1a
AF422369,1a
AF422368,1a
AF422366,1a
AF422364,1a
AM280252,1a
AM266268,1a
AM280254,1a
AY194677,1a
AY194676,1a
AY194674,1a
AY194672,1a
AY194671,1a
AY194670,1a
AY194669,1a
AY194668,1a
AY194667,1a
AY194665,1a
AY194663,1a
AY194662,1a
AY194661,1a
AY194660,1a
AY194659,1a
AY194658,1a
AY194657,1a
AY194656,1a
AY194655,1a
AY194653,1a
AY194651,1a
AY194650,1a
AY194681,1a
AY194708,1a
AY194707,1a
AY194706,1a
AY194705,1a
AY194704,1a
AY194703,1a
AY194702,1a
AY194700,1a
AY194699,1a
AY194698,1a
AY194697,1a
AY194696,1a
AY194695,1a
AY194694,1a
AY194693,1a
AY194692,1a
AY194691,1a
AY194690,1a
AY194689,1a
AY194688,1a
AY194687,1a
AY194684,1a
AY194683,1a
AY194649,1a
AY194614,1a
AY194612,1a
AY194611,1a
AY194609,1a
AY194608,1a
AY194607,1a
AY194605,1a
AY194604,1a
AY194603,1a
AY194602,1a
AY194239,1a
AY190919,1a
AY190918,1a
AY190917,1a
AY190916,1a
AY190915,1a
AY190914,1a
AY190913,1a
AY190912,1a
AY190911,1a
AY190910,1a
AY190909,1a
AY190907,1a
AY194615,1a
AY194618,1a
AY194645,1a
AY194644,1a
AY194642,1a
AY194641,1a
AY194640,1a
AY194638,1a
AY194637,1a
AY194634,1a
AY194709,1a
AY194630,1a
AY194629,1a
AY194628,1a
AY194627,1a
AY194626,1a
AY194625,1a
AY194624,1a
AY194623,1a
AY194622,1a
AY194621,1a
AY194620,1a
AY194619,1a
AY194710,1a
AY194711,1a
AY194712,1a
AY272064,1a
AY272063,1a
AY272062,1a
AY272061,1a
AY265432,1a
AY257455,1a
AY257453,1a
AY257451,1a
AY257428,1a
AY236390,1a
AY231582,1a
AY194791,1a
AY194790,1a
AY194789,1a
AY194787,1a
AY194786,1a
AY194784,1a
AY194783,1a
AY194782,1a
AY194781,1a
AY194780,1a
AY194779,1a
AY194778,1a
AY194776,1a
AY272065,1a
AY272067,1a
AY272096,1a
AY272094,1a
AY272093,1a
AY272091,1a
AY272090,1a
AY272089,1a
AY194775,1a
AY272083,1a
AY272080,1a
AY272078,1a
AY272077,1a
AY272075,1a
AY272074,1a
AY272071,1a
AY272069,1a
AY190906,1a
AY194739,1a
AY194738,1a
AY194737,1a
AY194736,1a
AY194735,1a
AY194734,1a
AY194733,1a
AY194732,1a
AY194731,1a
AY194730,1a
AY194729,1a
AY194728,1a
AY194727,1a
AY194726,1a
AY194725,1a
AY194724,1a
AY194722,1a
AY194721,1a
AY194720,1a
AY194719,1a
AY194718,1a
AY194715,1a
AY194714,1a
AY194740,1a
AY194741,1a
AY194742,1a
AY194771,1a
AY194770,1a
AY194769,1a
AY194768,1a
AY194767,1a
AY194765,1a
AY194764,1a
AY194763,1a
AY194761,1a
AY194760,1a
AY194759,1a
AY194758,1a
AY194756,1a
AY194755,1a
AY194754,1a
AY194753,1a
AY194752,1a
AY194751,1a
AY194750,1a
AY194747,1a
AY194746,1a
AY194745,1a
AY194744,1a
AY194757,1a
AY272097,1a
AY190905,1a
AY190903,1a
AY131433,1a
AY131432,1a
AY131430,1a
AY131425,1a
AY131421,1a
AY131420,1a
AY131419,1a
AY131417,1a
AY131416,1a
AY131412,1a
AY131411,1a
AY131410,1a
AY131406,1a
AY131405,1a
AY131404,1a
AY131403,1a
AY131402,1a
AY131400,1a
AY131397,1a
AY131396,1a
AY131392,1a
AY131387,1a
AY131386,1a
AY131383,1a
AY131382,1a
AY131381,1a
AY131380,1a
AY131435,1a
AY131378,1a
AY149692,1a
AY149698,1a
AY177834,1a
AY177833,1a
AY177832,1a
AY177831,1a
AY177830,1a
AY177829,1a
AY177828,1a
AY177827,1a
AY177826,1a
AY177825,1a
AY177824,1a
AY177823,1a
AY177822,1a
AY177821,1a
AY177820,1a
AY177818,1a
AY177817,1a
AY177816,1a
AY172640,1a
AY149726,1a
AY149721,1a
AY149713,1a
AY149710,1a
AY149704,1a
AY149701,1a
AY149700,1a
AY149694,1a
AY131377,1a
AY131375,1a
AY131374,1a
AY100169,1a
AY100168,1a
AY100167,1a
AY100166,1a
AY100165,1a
AY100164,1a
AY100163,1a
AY100162,1a
AY100161,1a
AY100160,1a
AY100159,1a
AY100158,1a
AY100157,1a
AY100156,1a
AY100155,1a
AY100154,1a
AY100153,1a
AY100152,1a
AY100151,1a
AY100150,1a
AY100149,1a
AY100148,1a
AY100147,1a
AY100146,1a
AY100145,1a
AY100144,1a
AY100143,1a
AY100170,1a
AY100171,1a
AY100172,1a
AY100173,1a
AY131370,1a
AY131367,1a
AY131366,1a
AY131362,1a
AY131361,1a
AY131350,1a
AY131346,1a
AY131345,1a
AY100193,1a
AY100192,1a
AY100191,1a
AY100190,1a
AY100189,1a
AY177835,1a
AY100188,1a
AY100186,1a
AY100185,1a
AY100184,1a
AY100183,1a
AY100182,1a
AY100181,1a
AY100180,1a
AY100179,1a
AY100178,1a
AY100177,1a
AY100176,1a
AY100175,1a
AY100174,1a
AY100187,1a
AY177836,1a
AY177837,1a
AY177838,1a
AY190870,1a
AY190863,1a
AY190861,1a
AY190860,1a
AY190859,1a
AY190858,1a
AY190857,1a
AY190856,1a
AY190855,1a
AY190854,1a
AY190853,1a
AY190852,1a
AY190851,1a
AY190850,1a
AY190849,1a
AY190848,1a
AY190847,1a
AY190846,1a
AY190844,1a
AY190902,1a
AY190901,1a
AY190900,1a
AY190899,1a
AY190898,1a
AY190897,1a
AY190896,1a
AY190895,1a
AY190894,1a
AY190893,1a
AY190892,1a
AY190891,1a
AY190890,1a
AY190843,1a
AY190889,1a
AY190887,1a
AY190886,1a
AY190885,1a
AY190883,1a
AY190882,1a
AY190881,1a
AY190880,1a
AY190879,1a
AY190888,1a
AY190904,1a
AY190842,1a
AY190840,1a
AY188152,1a
AY188149,1a
AY188147,1a
AY188146,1a
AY188145,1a
AY188143,1a
AY188141,1a
AY188140,1a
AY188139,1a
AY177845,1a
AY177844,1a
AY177843,1a
AY177842,1a
AY177841,1a
AY177840,1a
AY177839,1a
AY188154,1a
AY188155,1a
AY190839,1a
AY190838,1a
AY190837,1a
AY190836,1a
AY190835,1a
AY190834,1a
AY190833,1a
AY190832,1a
AY190831,1a
AY190830,1a
AY190502,1a
AY190484,1a
AY190482,1a
AY190841,1a
AY190373,1a
AY190369,1a
AY190351,1a
AY190341,1a
AY190334,1a
AY188164,1a
AY188163,1a
AY188158,1a
AY188157,1a
AY190391,1a
AY272098,1a
AY272099,1a
AY307519,1a
AY307518,1a
AY307517,1a
AY307516,1a
AY307515,1a
AY307514,1a
AY307513,1a
AY307512,1a
AY307511,1a
AY307510,1a
AY307509,1a
AY307508,1a
AY307507,1a
AY307506,1a
AY307505,1a
AY307504,1a
AY307503,1a
AY307502,1a
AY307501,1a
AY307500,1a
AY307499,1a
AY307498,1a
AY307497,1a
AY307496,1a
AY307495,1a
AY307494,1a
AY307493,1a
AY307520,1a
AY307492,1a
AY307521,1a
AY307523,1a
AY307549,1a
AY307548,1a
AY307547,1a
AY307546,1a
AY307545,1a
AY307544,1a
AY307542,1a
AY307541,1a
AY307539,1a
AY307538,1a
AY307535,1a
AY307534,1a
AY307533,1a
AY307532,1a
AY307531,1a
AY307530,1a
AY307529,1a
AY307528,1a
AY307527,1a
AY307526,1a
AY307525,1a
AY307524,1a
AY307522,1a
AY307491,1a
AY307490,1a
AY307489,1a
AY307456,1a
AY307455,1a
AY307454,1a
AY307451,1a
AY307450,1a
AY306298,1a
AY306297,1a
AY306296,1a
AY306295,1a
AY306293,1a
AY306289,1a
AY306285,1a
AY306282,1a
AY306280,1a
AY307457,1a
AY307458,1a
AY307459,1a
AY307460,1a
AY307488,1a
AY307487,1a
AY307486,1a
AY307485,1a
AY307484,1a
AY307483,1a
AY307482,1a
AY307481,1a
AY307480,1a
AY307479,1a
AY307478,1a
AY307477,1a
AY307476,1a
AY307473,1a
AY307471,1a
AY307470,1a
AY307469,1a
AY307468,1a
AY307467,1a
AY307466,1a
AY307465,1a
AY307464,1a
AY307463,1a
AY307462,1a
AY307461,1a
AY307474,1a
AY307552,1a
AY307553,1a
AY307554,1a
AY307644,1a
AY307643,1a
AY307642,1a
AY307641,1a
AY307640,1a
AY307639,1a
AY307638,1a
AY307637,1a
AY307636,1a
AY307635,1a
AY307634,1a
AY307633,1a
AY307632,1a
AY307629,1a
AY307628,1a
AY307627,1a
AY307625,1a
AY307623,1a
AY307622,1a
AY307621,1a
AY307620,1a
AY307619,1a
AY307618,1a
AY307645,1a
AY307646,1a
AY307647,1a
AY307648,1a
AY307677,1a
AY307676,1a
AY307675,1a
AY307674,1a
AY307668,1a
AY307667,1a
AY307665,1a
AY307661,1a
AY307659,1a
AY307657,1a
AY307656,1a
AY307655,1a
AY307652,1a
AY307651,1a
AY307650,1a
AY307649,1a
AY307662,1a
AY307616,1a
AY307581,1a
AY307580,1a
AY307579,1a
AY307578,1a
AY307571,1a
AY307568,1a
AY307567,1a
AY307566,1a
AY307564,1a
AY307562,1a
AY307561,1a
AY307559,1a
AY307558,1a
AY307557,1a
AY307556,1a
AY307583,1a
AY307584,1a
AY307612,1a
AY307610,1a
AY307609,1a
AY307608,1a
AY307607,1a
AY307606,1a
AY307605,1a
AY307604,1a
AY307601,1a
AY307615,1a
AY307597,1a
AY307596,1a
AY307595,1a
AY307594,1a
AY307593,1a
AY307591,1a
AY307589,1a
AY307587,1a
AY307599,1a
AY272190,1a
AY272189,1a
AY272188,1a
AY272184,1a
AY272183,1a
AY272180,1a
AY272179,1a
AY272177,1a
AY272174,1a
AY272172,1a
AY272171,1a
AY272170,1a
AY272168,1a
AY272167,1a
AY272166,1a
AY272192,1a
AY272193,1a
AY272222,1a
AY272221,1a
AY272220,1a
AY272217,1a
AY272216,1a
AY272215,1a
AY272213,1a
AY272212,1a
AY272210,1a
AY272163,1a
AY272209,1a
AY272207,1a
AY272205,1a
AY272204,1a
AY272203,1a
AY272202,1a
AY272201,1a
AY272198,1a
AY272197,1a
AY272195,1a
AY272162,1a
AY272126,1a
AY272125,1a
AY272123,1a
AY272121,1a
AY272119,1a
AY272117,1a
AY272113,1a
AY272112,1a
AY272109,1a
AY272108,1a
AY272107,1a
AY272106,1a
AY272104,1a
AY272103,1a
AY272159,1a
AY272158,1a
AY272154,1a
AY272148,1a
AY272144,1a
AY272143,1a
AY100142,1a
AY272226,1a
AY272406,1a
AY272405,1a
AY272404,1a
AY272399,1a
AY272397,1a
AY272395,1a
AY272394,1a
AY272392,1a
AY272391,1a
AY272389,1a
AY272385,1a
AY272384,1a
AY272383,1a
AY272382,1a
AY272410,1a
AY306274,1a
AY306271,1a
AY272434,1a
AY272432,1a
AY272429,1a
AY272428,1a
AY272427,1a
AY272426,1a
AY272379,1a
AY272425,1a
AY272423,1a
AY272421,1a
AY272420,1a
AY272419,1a
AY272418,1a
AY272417,1a
AY272416,1a
AY272415,1a
AY272412,1a
AY272424,1a
AY272378,1a
AY272343,1a
AY272341,1a
AY272340,1a
AY272339,1a
AY272245,1a
AY272243,1a
AY272241,1a
AY272239,1a
AY272238,1a
AY272231,1a
AY272230,1a
AY272344,1a
AY272346,1a
AY272347,1a
AY272371,1a
AY272368,1a
AY272367,1a
AY272364,1a
AY272363,1a
AY272359,1a
AY272356,1a
AY272354,1a
AY272351,1a
AY272348,1a
AY272361,1a
AY307678,1a
AY100141,1a
AY100139,1a
AM707775,1a
AM707773,1a
AM707772,1a
AM707768,1a
AM707757,1a
AM707755,1a
AM707753,1a
AM707750,1a
AM707749,1a
AM707779,1a
AM707805,1a
AM707804,1a
AM707803,1a
AM707800,1a
AM707798,1a
AM707795,1a
AM707794,1a
AM707792,1a
AM707791,1a
AM707790,1a
AM707789,1a
AM707786,1a
AM707784,1a
AM707783,1a
AM707782,1a
AM707781,1a
AM707780,1a
AM707702,1a
AM707691,1a
AM707715,1a
AM707739,1a
AM707737,1a
AM707736,1a
AM707807,1a
AM707728,1a
AM707727,1a
AM707725,1a
AM707808,1a
AM707809,1a
AM707810,1a
AM707900,1a
AM707899,1a
AM707898,1a
AM707897,1a
AM707896,1a
AM707895,1a
AM707894,1a
AM707893,1a
AM707892,1a
AM707891,1a
AM707890,1a
AM707889,1a
AM707888,1a
AM707887,1a
AM707886,1a
AM707885,1a
AM707884,1a
AM707883,1a
AM707881,1a
AM707880,1a
AM707878,1a
AM707876,1a
AM707875,1a
AM707874,1a
AM707901,1a
AM707902,1a
AM707903,1a
AM707904,1a
AM707931,1a
AM707930,1a
AM707929,1a
AM707928,1a
AM707927,1a
AM707925,1a
AM707924,1a
AM707923,1a
AM707921,1a
AM707920,1a
AM707919,1a
AM707916,1a
AM707914,1a
AM707912,1a
AM707910,1a
AM707909,1a
AM707907,1a
AM707906,1a
AM707905,1a
AM707870,1a
AM707835,1a
AM707833,1a
AM707832,1a
AM707831,1a
AM707830,1a
AM707829,1a
AM707828,1a
AM707827,1a
AM707826,1a
AM707825,1a
AM707824,1a
AM707822,1a
AM707821,1a
AM707818,1a
AM707817,1a
AM707816,1a
AM707813,1a
AM707811,1a
AM707838,1a
AM707840,1a
AM707841,1a
AM707869,1a
AM707867,1a
AM707866,1a
AM707865,1a
AM707864,1a
AM707863,1a
AM707862,1a
AM707861,1a
AM707860,1a
AM707859,1a
AM707858,1a
AM707857,1a
AM707871,1a
AM707849,1a
AM707847,1a
AM707845,1a
AM707933,1a
AM707524,1a
AM707523,1a
AM707522,1a
AM707521,1a
AM707520,1a
AM707519,1a
AM707518,1a
AM707517,1a
AM707516,1a
AM707515,1a
AM707512,1a
AM707511,1a
AM707510,1a
AM707509,1a
AM707508,1a
AM707507,1a
AM707506,1a
AM707505,1a
AM707504,1a
AM707501,1a
AM707499,1a
AM707498,1a
AM707525,1a
AM707526,1a
AM707554,1a
AM707552,1a
AM707551,1a
AM707550,1a
AM707549,1a
AM707547,1a
AM707546,1a
AM707545,1a
AM707544,1a
AM707543,1a
AM707542,1a
AM707541,1a
AM707539,1a
AM707538,1a
AM707534,1a
AM707532,1a
AM707531,1a
AM707530,1a
AM707529,1a
AM707527,1a
AM707496,1a
AM707494,1a
AM707348,1a
AM707347,1a
AM707346,1a
AM707345,1a
AM707344,1a
AM707343,1a
AM707342,1a
AM707341,1a
AM707340,1a
AM707339,1a
AM707338,1a
AM707337,1a
AM707336,1a
AM707335,1a
AM707334,1a
AM707333,1a
AM707332,1a
AM707331,1a
AM707330,1a
AM707329,1a
AM707328,1a
AM707326,1a
AM707325,1a
AM707324,1a
AM707323,1a
AM707322,1a
AM707350,1a
AM707351,1a
AM707352,1a
AM707493,1a
AM707492,1a
AM707491,1a
AM707490,1a
AM707488,1a
AM707487,1a
AM707485,1a
AM707484,1a
AM707482,1a
AM707556,1a
AM707478,1a
AM707364,1a
AM707363,1a
AM707362,1a
AM707361,1a
AM707360,1a
AM707359,1a
AM707358,1a
AM707357,1a
AM707356,1a
AM707355,1a
AM707354,1a
AM707479,1a
AM707558,1a
AM707559,1a
AM707649,1a
AM707648,1a
AM707647,1a
AM707646,1a
AM707645,1a
AM707644,1a
AM707643,1a
AM707642,1a
AM707641,1a
AM707639,1a
AM707638,1a
AM707636,1a
AM707634,1a
AM707632,1a
AM707631,1a
AM707629,1a
AM707628,1a
AM707626,1a
AM707625,1a
AM707623,1a
AM707650,1a
AM707678,1a
AM707676,1a
AM707675,1a
AM707674,1a
AM707673,1a
AM707672,1a
AM707670,1a
AM707668,1a
AM707663,1a
AM707662,1a
AM707661,1a
AM707659,1a
AM707658,1a
AM707657,1a
AM707656,1a
AM707655,1a
AM707654,1a
AM707619,1a
AM707586,1a
AM707585,1a
AM707584,1a
AM707582,1a
AM707580,1a
AM707579,1a
AM707578,1a
AM707577,1a
AM707573,1a
AM707571,1a
AM707569,1a
AM707567,1a
AM707565,1a
AM707562,1a
AM707561,1a
AM707560,1a
AM707587,1a
AM707588,1a
AM707589,1a
AM707590,1a
AM707618,1a
AM707616,1a
AM707615,1a
AM707614,1a
AM707611,1a
AM707608,1a
AM707607,1a
AM707603,1a
AM707602,1a
AM707601,1a
AM707600,1a
AM707598,1a
AM707597,1a
AM707596,1a
AM707594,1a
AM707592,1a
AM707591,1a
AM707934,1a
AM707935,1a
AM707936,1a
AM885635,1a
AM885634,1a
AM885633,1a
AM885632,1a
AM885631,1a
AM885629,1a
AM885628,1a
AM885627,1a
AM885626,1a
AM885625,1a
AM885624,1a
AM885622,1a
AM885621,1a
AM885486,1a
AM885485,1a
AM885484,1a
AM885483,1a
AM885481,1a
AM885480,1a
AM885479,1a
AM885478,1a
AM885477,1a
AM885476,1a
AM885475,1a
AM885636,1a
AM885637,1a
AM885639,1a
AM885809,1a
AM885808,1a
AM885807,1a
AM885806,1a
AM885805,1a
AM885661,1a
AM885660,1a
AM885659,1a
AM885658,1a
AM885657,1a
AM885656,1a
AM885655,1a
AM885654,1a
AM885653,1a
AM885652,1a
AM885651,1a
AM885650,1a
AM885649,1a
AM885648,1a
AM885647,1a
AM885646,1a
AM885645,1a
AM885644,1a
AM885643,1a
AM885642,1a
AM885641,1a
AM885640,1a
AM885638,1a
AM885471,1a
AM885438,1a
AM885437,1a
AM885381,1a
AM885380,1a
AM885379,1a
AM885378,1a
AM885377,1a
AM885376,1a
AM885375,1a
AM885374,1a
AM885373,1a
AM885372,1a
AM885371,1a
AM885370,1a
AM885369,1a
AM885368,1a
AM885367,1a
AM885365,1a
AM885362,1a
AM885359,1a
AM885358,1a
AM885357,1a
AM885439,1a
AM885440,1a
AM885441,1a
AM885442,1a
AM885469,1a
AM885468,1a
AM885467,1a
AM885465,1a
AM885464,1a
AM885463,1a
AM885462,1a
AM885461,1a
AM885460,1a
AM885459,1a
AM885458,1a
AM885810,1a
AM885457,1a
AM885455,1a
AM885454,1a
AM885453,1a
AM885452,1a
AM885451,1a
AM885450,1a
AM885449,1a
AM885448,1a
AM885447,1a
AM885446,1a
AM885445,1a
AM885444,1a
AM885443,1a
AM885456,1a
AM885811,1a
AM885812,1a
AM885813,1a
AY089761,1a
AY089760,1a
AY070211,1a
AY004023,1a
AY004022,1a
AY004021,1a
AY004020,1a
AY004019,1a
AY004000,1a
AY003999,1a
AY003998,1a
AY003997,1a
AY003996,1a
AY003995,1a
AY003988,1a
AY003987,1a
AY003986,1a
AY003985,1a
AY003984,1a
AY003983,1a
AY003982,1a
AY003981,1a
AY003980,1a
AY003952,1a
AY003951,1a
AY003950,1a
AY089762,1a
AY089765,1a
AY089766,1a
AY089767,1a
AY100138,1a
AY100137,1a
AY100136,1a
AY100135,1a
AY100134,1a
AY100133,1a
AY100132,1a
AY100131,1a
AY100130,1a
AY100129,1a
AY100128,1a
AY100127,1a
AY100126,1a
AY003949,1a
AY100125,1a
AY100123,1a
AY100122,1a
AY100121,1a
AY100120,1a
AY100119,1a
AY100118,1a
AY100117,1a
AY100116,1a
AY100115,1a
AY100114,1a
AY089771,1a
AY089770,1a
AY089768,1a
AY100124,1a
AY003948,1a
AY003928,1a
AM885840,1a
AM885839,1a
AM885836,1a
AM885835,1a
AM885834,1a
AM885833,1a
AM885832,1a
AM885831,1a
AM885830,1a
AM885829,1a
AM885828,1a
AM885827,1a
AM885826,1a
AM885825,1a
AM885823,1a
AM885819,1a
AM885818,1a
AM885817,1a
AM885816,1a
AM885815,1a
AM885814,1a
AM885841,1a
AM885842,1a
AM885843,1a
AY003927,1a
AY003926,1a
AM280253,1a
AY003925,1a
AY003924,1a
AY003923,1a
AY003922,1a
AY003921,1a
AM885864,1a
AY003947,1a
AM885859,1a
AM885857,1a
AM885856,1a
AM885845,1a
AM885355,1a
AM885329,1a
AM885328,1a
AM885144,1a
AM885143,1a
AM885141,1a
AM885140,1a
AM885134,1a
AM885129,1a
AM712653,1a
AM712651,1a
AM712642,1a
AM712638,1a
AM712637,1a
AM712636,1a
AM712235,1a
AM712234,1a
AM712233,1a
AM712232,1a
AM885176,1a
AM885175,1a
AM885174,1a
AM885173,1a
AM885172,1a
AM885171,1a
AM885170,1a
AM885169,1a
AM885168,1a
AM885167,1a
AM885166,1a
AM885165,1a
AM885164,1a
AM712231,1a
AM885163,1a
AM885161,1a
AM885160,1a
AM885159,1a
AM885158,1a
AM885157,1a
AM885156,1a
AM885155,1a
AM885154,1a
AM885153,1a
AM885162,1a
AM885177,1a
AM712230,1a
AM712228,1a
AM707963,1a
AM707962,1a
AM707961,1a
AM707960,1a
AM707959,1a
AM707958,1a
AM707957,1a
AM707956,1a
AM707955,1a
AM707954,1a
AM707953,1a
AM707952,1a
AM707951,1a
AM707950,1a
AM707948,1a
AM707947,1a
AM707946,1a
AM707943,1a
AM707942,1a
AM707939,1a
AM707965,1a
AM707966,1a
AM707967,1a
AM712227,1a
AM712226,1a
AM712225,1a
AM712224,1a
AM712223,1a
AM712222,1a
AM712221,1a
AM712219,1a
AM712218,1a
AM712216,1a
AM712215,1a
AM712212,1a
AM712211,1a
AM707978,1a
AM707975,1a
AM707974,1a
AM707973,1a
AM707972,1a
AM707971,1a
AM707970,1a
AY100140,1a
AM885178,1a
AM885180,1a
AM885295,1a
AM885294,1a
AM885293,1a
AM885292,1a
AM885291,1a
AM885290,1a
AM885289,1a
AM885288,1a
AM885287,1a
AM885286,1a
AM885285,1a
AM885283,1a
AM885282,1a
AM885280,1a
AM885279,1a
AM885278,1a
AM885276,1a
AM885250,1a
AM885249,1a
AM885248,1a
AM885247,1a
AM885246,1a
AM885245,1a
AM885296,1a
AM885298,1a
AM885299,1a
AM885326,1a
AM885323,1a
AM885320,1a
AM885319,1a
AM885316,1a
AM885315,1a
AM885243,1a
AM885314,1a
AM885309,1a
AM885308,1a
AM885306,1a
AM885305,1a
AM885304,1a
AM885303,1a
AM885302,1a
AM885301,1a
AM885300,1a
AM885242,1a
AM885240,1a
AM885207,1a
AM885206,1a
AM885205,1a
AM885204,1a
AM885203,1a
AM885202,1a
AM885201,1a
AM885200,1a
AM885199,1a
AM885197,1a
AM885196,1a
AM885195,1a
AM885194,1a
AM885193,1a
AM885192,1a
AM885191,1a
AM885190,1a
AM885189,1a
AM885188,1a
AM885187,1a
AM885186,1a
AM885185,1a
AM885184,1a
AM885182,1a
AM885208,1a
AM885239,1a
AM885238,1a
AM885236,1a
AM885235,1a
AM885234,1a
AM885233,1a
AM885232,1a
AM885231,1a
AM885230,1a
AM885229,1a
AM885228,1a
AM885241,1a
AM885226,1a
AM885224,1a
AM885223,1a
AM885222,1a
AM885221,1a
AM885220,1a
AM885219,1a
AM885218,1a
AM885217,1a
AM885216,1a
AM885212,1a
AM885225,1a
AY307679,1a
AY307681,1a
AM700625,1a
AM700626,1a
AM700627,1a
AM700629,1a
AM700630,1a
AM700632,1a
AM700633,1a
AM700634,1a
AM700635,1a
AM700637,1a
AM700642,1a
AM700646,1a
AM700650,1a
AM700651,1a
AM700624,1a
AM700623,1a
AM700621,1a
AM700594,1a
AM700595,1a
AM700596,1a
AM700597,1a
AM700598,1a
AM700599,1a
AM700600,1a
AM700601,1a
AM700602,1a
AM700603,1a
AM700604,1a
AM700605,1a
AM700606,1a
AM700607,1a
AM700608,1a
AM700609,1a
AM700610,1a
AM700611,1a
AM700612,1a
AM700613,1a
AM700614,1a
AM700615,1a
AM700616,1a
AM700617,1a
AM700618,1a
AM700619,1a
AM700620,1a
AM700622,1a
AM700653,1a
AM700688,1a
AM700689,1a
AM700690,1a
AM700691,1a
AM700692,1a
AM700693,1a
AM700694,1a
AM700695,1a
AM700696,1a
AM700697,1a
AM700698,1a
AM700699,1a
AM700700,1a
AM700701,1a
AM700702,1a
AM700703,1a
AM700704,1a
AM700705,1a
AM700706,1a
AM700707,1a
AM700708,1a
AM700709,1a
AM700710,1a
AM700711,1a
AM700712,1a
AM700713,1a
AM700714,1a
AM700687,1a
AM700686,1a
AM700685,1a
AM700684,1a
AM700657,1a
AM700658,1a
AM700659,1a
AM700660,1a
AM700661,1a
AM700662,1a
AM700663,1a
AM700664,1a
AM700665,1a
AM700666,1a
AM700667,1a
AM700668,1a
AM700593,1a
AM700669,1a
AM700671,1a
AM700672,1a
AM700673,1a
AM700674,1a
AM700675,1a
AM700676,1a
AM700677,1a
AM700678,1a
AM700679,1a
AM700680,1a
AM700681,1a
AM700682,1a
AM700683,1a
AM700670,1a
AM700592,1a
AM600956,1a
AM600955,1a
AM282375,1a
AM282426,1a
AM282427,1a
AM282428,1a
AM282429,1a
AM282430,1a
AM282431,1a
AM282432,1a
AM282433,1a
AM282434,1a
AM282435,1a
AM282436,1a
AM282437,1a
AM282438,1a
AM282439,1a
AM282440,1a
AM282441,1a
AM282442,1a
AM282443,1a
AM282444,1a
AM282445,1a
AM282446,1a
AM282447,1a
AM282448,1a
AM282449,1a
AM282450,1a
AM282451,1a
AM282374,1a
AM282373,1a
AM282372,1a
AM282371,1a
AM282215,1a
AM282216,1a
AM282217,1a
AM282218,1a
AM282219,1a
AM282220,1a
AM282221,1a
AM282222,1a
AM282223,1a
AM282224,1a
AM282225,1a
AM282226,1a
AM282227,1a
AM282452,1a
AM282228,1a
AM282230,1a
AM282231,1a
AM282232,1a
AM282361,1a
AM282362,1a
AM282363,1a
AM282364,1a
AM282365,1a
AM282366,1a
AM282367,1a
AM282368,1a
AM282369,1a
AM282370,1a
AM282229,1a
AM700715,1a
AM489460,1a
AM600928,1a
AM600929,1a
AM600930,1a
AM600931,1a
AM600932,1a
AM600933,1a
AM600934,1a
AM600935,1a
AM600936,1a
AM600937,1a
AM600938,1a
AM600939,1a
AM600940,1a
AM600941,1a
AM600942,1a
AM600943,1a
AM600944,1a
AM600945,1a
AM600946,1a
AM600947,1a
AM600948,1a
AM600949,1a
AM600950,1a
AM600951,1a
AM600952,1a
AM600953,1a
AM600954,1a
AM600927,1a
AM600926,1a
AM600924,1a
AM489463,1a
AM489464,1a
AM489465,1a
AM489466,1a
AM489467,1a
AM489470,1a
AM489471,1a
AM489472,1a
AM489473,1a
AM489478,1a
AM489479,1a
AM489481,1a
AM489482,1a
AM489456,1a
AM489483,1a
AM494576,1a
AM600912,1a
AM600913,1a
AM600914,1a
AM600915,1a
AM600916,1a
AM600917,1a
AM600918,1a
AM600919,1a
AM600920,1a
AM600921,1a
AM600922,1a
AM600923,1a
AM494561,1a
AM700716,1a
AM700717,1a
AM700718,1a
AM700877,1a
AM700878,1a
AM700879,1a
AM700880,1a
AM700881,1a
AM700882,1a
AM700883,1a
AM700884,1a
AM700885,1a
AM700886,1a
AM700887,1a
AM700888,1a
AM700889,1a
AM700890,1a
AM700891,1a
AM700892,1a
AM700893,1a
AM700894,1a
AM700895,1a
AM700896,1a
AM700897,1a
AM700898,1a
AM700900,1a
AM700901,1a
AM700902,1a
AM700903,1a
AM700876,1a
AM700875,1a
AM700874,1a
AM700873,1a
AM700845,1a
AM700846,1a
AM700847,1a
AM700848,1a
AM700851,1a
AM700852,1a
AM700853,1a
AM700854,1a
AM700855,1a
AM700856,1a
AM700857,1a
AM700904,1a
AM700858,1a
AM700860,1a
AM700861,1a
AM700862,1a
AM700863,1a
AM700864,1a
AM700865,1a
AM700866,1a
AM700867,1a
AM700868,1a
AM700869,1a
AM700870,1a
AM700871,1a
AM700872,1a
AM700859,1a
AM700844,1a
AM700905,1a
AM700907,1a
AM700940,1a
AM700941,1a
AM700942,1a
AM700943,1a
AM700944,1a
AM700945,1a
AM700946,1a
AM700947,1a
AM700948,1a
AM700949,1a
AM700950,1a
AM700951,1a
AM700952,1a
AM700954,1a
AM700955,1a
AM700956,1a
AM700957,1a
AY307680,1a
AM700959,1a
AM700960,1a
AM700961,1a
AM700962,1a
AM700963,1a
AM707040,1a
AM707041,1a
AM707042,1a
AM700939,1a
AM700938,1a
AM700937,1a
AM700936,1a
AM700909,1a
AM700910,1a
AM700911,1a
AM700912,1a
AM700913,1a
AM700915,1a
AM700916,1a
AM700917,1a
AM700918,1a
AM700919,1a
AM700920,1a
AM700906,1a
AM700921,1a
AM700923,1a
AM700925,1a
AM700926,1a
AM700927,1a
AM700928,1a
AM700929,1a
AM700930,1a
AM700931,1a
AM700932,1a
AM700935,1a
AM700922,1a
AM282214,1a
AM700843,1a
AM700841,1a
AM700751,1a
AM700752,1a
AM700753,1a
AM700754,1a
AM700756,1a
AM700759,1a
AM700764,1a
AM700769,1a
AM700750,1a
AM700749,1a
AM700748,1a
AM700747,1a
AM700719,1a
AM700720,1a
AM700721,1a
AM700722,1a
AM700723,1a
AM700724,1a
AM700725,1a
AM700726,1a
AM700727,1a
AM700728,1a
AM700729,1a
AM700731,1a
AM700732,1a
AM700734,1a
AM700735,1a
AM700736,1a
AM700737,1a
AM700738,1a
AM700741,1a
AM700742,1a
AM700743,1a
AM700744,1a
AM700733,1a
AM700842,1a
AM700817,1a
AM700822,1a
AM700823,1a
AM700824,1a
AM700825,1a
AM700827,1a
AM700829,1a
AM700830,1a
AM700832,1a
AM700833,1a
AM700835,1a
AM700836,1a
AM700837,1a
AM700838,1a
AM700839,1a
AM700840,1a
AM700794,1a
AM700805,1a
AM707043,1a
AM282213,1a
AM282211,1a
AM280816,1a
AM280817,1a
AM280818,1a
AM280819,1a
AM280820,1a
AM280821,1a
AM280822,1a
AM280823,1a
AM280824,1a
AM280825,1a
AM280934,1a
AM280935,1a
AM280936,1a
AM280937,1a
AM280938,1a
AM280939,1a
AM280940,1a
AM280941,1a
AM280942,1a
AM280943,1a
AM281008,1a
AM281009,1a
AM281010,1a
AM281011,1a
AM281012,1a
AM281013,1a
AM281014,1a
AM280815,1a
AM281015,1a
AM280814,1a
AM280812,1a
AM280660,1a
AM280661,1a
AM280662,1a
AM280663,1a
AM280664,1a
AM280665,1a
AM280666,1a
AM280667,1a
AM280668,1a
AM280669,1a
AM280670,1a
AM280671,1a
AM280672,1a
AM280673,1a
AM280813,1a
AM281016,1a
AM281017,1a
AM281018,1a
AM281051,1a
AM281052,1a
AM281053,1a
AM281054,1a
AM281055,1a
AM281056,1a
AM281057,1a
AM281058,1a
AM281059,1a
AM281060,1a
AM281061,1a
AM281062,1a
AM281063,1a
AM281064,1a
AM281065,1a
AM281066,1a
AM281067,1a
AM281068,1a
AM281069,1a
AM281070,1a
AM281071,1a
AM281072,1a
AM281073,1a
AM281074,1a
AM281075,1a
AM281076,1a
AM281077,1a
AM281050,1a
AM281049,1a
AM281048,1a
AM281047,1a
AM281019,1a
AM281020,1a
AM281021,1a
AM281022,1a
AM281023,1a
AM281024,1a
AM281025,1a
AM281026,1a
AM281027,1a
AM281028,1a
AM281029,1a
AM281030,1a
AM281031,1a
AM281032,1a
AM281034,1a
AM281035,1a
AM281036,1a
AM281037,1a
AM281038,1a
AM281039,1a
AM281040,1a
AM281041,1a
AM281042,1a
AM281043,1a
AM281044,1a
AM281045,1a
AM281046,1a
AM281033,1a
AM280307,1a
AM280308,1a
AM280309,1a
AM280310,1a
AM280311,1a
AM280312,1a
AM280313,1a
AM280314,1a
AM280315,1a
AM280316,1a
AM280317,1a
AM280318,1a
AM280319,1a
AM280320,1a
AM280321,1a
AM280322,1a
AM280323,1a
AM280324,1a
AM280325,1a
AM280326,1a
AM280327,1a
AM280328,1a
AM280329,1a
AM280330,1a
AM280331,1a
AM280332,1a
AM280333,1a
AM280306,1a
AM280305,1a
AM280304,1a
AM280303,1a
AM280255,1a
AM280256,1a
AM280257,1a
AM280258,1a
AM280259,1a
AM280260,1a
AM280261,1a
AM280262,1a
AM280263,1a
AM280264,1a
AM280265,1a
AM280266,1a
AM280267,1a
AM280334,1a
AM280288,1a
AM280290,1a
AM280291,1a
AM280292,1a
AM280293,1a
AM280294,1a
AM280295,1a
AM280296,1a
AM280297,1a
AM280298,1a
AM280299,1a
AM280300,1a
AM280301,1a
AM280302,1a
AM280289,1a
AM281078,1a
AM280335,1a
AM280338,1a
AM280339,1a
AM280340,1a
AM280341,1a
AM280344,1a
AM280345,1a
AM280346,1a
AM280347,1a
AM280348,1a
AM280357,1a
AM280498,1a
AM280499,1a
AM280500,1a
AM280501,1a
AM281079,1a
AM281080,1a
AM281081,1a
AM281725,1a
AM282007,1a
AM282008,1a
AM282009,1a
AM282010,1a
AM282011,1a
AM282012,1a
AM282013,1a
AM282014,1a
AM282015,1a
AM282016,1a
AM282017,1a
AM282018,1a
AM282019,1a
AM282020,1a
AM282021,1a
AM282022,1a
AM282023,1a
AM282024,1a
AM282025,1a
AM282026,1a
AM282027,1a
AM282028,1a
AM282029,1a
AM282030,1a
AM282031,1a
AM282032,1a
AM281724,1a
AM281723,1a
AM281722,1a
AM281497,1a
AM281383,1a
AM281384,1a
AM281385,1a
AM281386,1a
AM281387,1a
AM281388,1a
AM281389,1a
AM281390,1a
AM281391,1a
AM281441,1a
AM281442,1a
AM281443,1a
AM281444,1a
AM282033,1a
AM281445,1a
AM281447,1a
AM281448,1a
AM281449,1a
AM281450,1a
AM281451,1a
AM281452,1a
AM281453,1a
AM281454,1a
AM281455,1a
AM281456,1a
AM281494,1a
AM281495,1a
AM281496,1a
AM281446,1a
AM281382,1a
AM282034,1a
AM282036,1a
AM282069,1a
AM282070,1a
AM282186,1a
AM282187,1a
AM282188,1a
AM282189,1a
AM282190,1a
AM282191,1a
AM282192,1a
AM282193,1a
AM282194,1a
AM282195,1a
AM282196,1a
AM282197,1a
AM282198,1a
AM282199,1a
AM282200,1a
AM282201,1a
AM282202,1a
AM282203,1a
AM282204,1a
AM282205,1a
AM282206,1a
AM282207,1a
AM282208,1a
AM282209,1a
AM282210,1a
AM282068,1a
AM282067,1a
AM282066,1a
AM282065,1a
AM282037,1a
AM282038,1a
AM282039,1a
AM282040,1a
AM282041,1a
AM282042,1a
AM282043,1a
AM282044,1a
AM282045,1a
AM282046,1a
AM282047,1a
AM282048,1a
AM282049,1a
AM282035,1a
AM282050,1a
AM282052,1a
AM282053,1a
AM282054,1a
AM282055,1a
AM282056,1a
AM282057,1a
AM282058,1a
AM282059,1a
AM282060,1a
AM282061,1a
AM282062,1a
AM282063,1a
AM282064,1a
AM282051,1a
AM282212,1a
AM281381,1a
AM281379,1a
AM281114,1a
AM281115,1a
AM281116,1a
AM281117,1a
AM281118,1a
AM281119,1a
AM281120,1a
AM281121,1a
AM281122,1a
AM281123,1a
AM281124,1a
AM281125,1a
AM281126,1a
AM281127,1a
AM281128,1a
AM281129,1a
AM281130,1a
AM281131,1a
AM281132,1a
AM281133,1a
AM281134,1a
AM281135,1a
AM281136,1a
AM281137,1a
AM281138,1a
AM281139,1a
AM281140,1a
AM281113,1a
AM281112,1a
AM281111,1a
AM281110,1a
AM281082,1a
AM281083,1a
AM281084,1a
AM281085,1a
AM281086,1a
AM281087,1a
AM281088,1a
AM281089,1a
AM281090,1a
AM281091,1a
AM281092,1a
AM281093,1a
AM281094,1a
AM281141,1a
AM281095,1a
AM281097,1a
AM281098,1a
AM281099,1a
AM281100,1a
AM281101,1a
AM281102,1a
AM281103,1a
AM281104,1a
AM281105,1a
AM281106,1a
AM281107,1a
AM281108,1a
AM281109,1a
AM281096,1a
AM281380,1a
AM281142,1a
AM281144,1a
AM281352,1a
AM281353,1a
AM281354,1a
AM281355,1a
AM281356,1a
AM281357,1a
AM281358,1a
AM281359,1a
AM281360,1a
AM281361,1a
AM281362,1a
AM281363,1a
AM281364,1a
AM281365,1a
AM281366,1a
AM281367,1a
AM281368,1a
AM281369,1a
AM281370,1a
AM281371,1a
AM281372,1a
AM281373,1a
AM281374,1a
AM281375,1a
AM281376,1a
AM281377,1a
AM281378,1a
AM281351,1a
AM281350,1a
AM281349,1a
AM281217,1a
AM281145,1a
AM281190,1a
AM281191,1a
AM281192,1a
AM281193,1a
AM281194,1a
AM281195,1a
AM281196,1a
AM281197,1a
AM281198,1a
AM281199,1a
AM281200,1a
AM281201,1a
AM281143,1a
AM281202,1a
AM281204,1a
AM281205,1a
AM281206,1a
AM281207,1a
AM281208,1a
AM281209,1a
AM281210,1a
AM281211,1a
AM281212,1a
AM281213,1a
AM281214,1a
AM281215,1a
AM281216,1a
AM281203,1a
AM707044,1a
AM707046,1a
AY342443,1a
AY342444,1a
AY342445,1a
AY342446,1a
AY342447,1a
AY342448,1a
AY342449,1a
AY342450,1a
AY342451,1a
AY342452,1a
AY342453,1a
AY342454,1a
AY342455,1a
AY342456,1a
AY342457,1a
AY342442,1a
AY342458,1a
AY342441,1a
AY342439,1a
AY314964,1a
AY314965,1a
AY314967,1a
AY314968,1a
AY314969,1a
AY342430,1a
AY342431,1a
AY342432,1a
AY342433,1a
AY342434,1a
AY342435,1a
AY342436,1a
AY342437,1a
AY342438,1a
AY342440,1a
AY342459,1a
AY342460,1a
AY342461,1a
AY342482,1a
AY342483,1a
AY342484,1a
AY342485,1a
AY342486,1a
AY342487,1a
AY342488,1a
AY342489,1a
AY342490,1a
AY342491,1a
AY342492,1a
AY342493,1a
AY342494,1a
AY342495,1a
AY342496,1a
AY342481,1a
AY342480,1a
AY342479,1a
AY342478,1a
AY342462,1a
AY342463,1a
AY342464,1a
AY342465,1a
AY342466,1a
AY342467,1a
AY342468,1a
AY314963,1a
AY342469,1a
AY342471,1a
AY342472,1a
AY342473,1a
AY342474,1a
AY342475,1a
AY342476,1a
AY342477,1a
AY342470,1a
AY342497,1a
AY307770,1a
AY307714,1a
AY307715,1a
AY307716,1a
AY307717,1a
AY307718,1a
AY307719,1a
AY307720,1a
AY307721,1a
AY307722,1a
AY307723,1a
AY307724,1a
AY307725,1a
AY307726,1a
AY307727,1a
AY307728,1a
AY307713,1a
AY307729,1a
AY307712,1a
AY307694,1a
AY307695,1a
AY307696,1a
AY307697,1a
AY307698,1a
AY307699,1a
AY307700,1a
AY307701,1a
AY307702,1a
AY307703,1a
AY307704,1a
AY307705,1a
AY307706,1a
AY307707,1a
AY307708,1a
AY307711,1a
AY307730,1a
AY307731,1a
AY307732,1a
AY307753,1a
AY307754,1a
AY307755,1a
AY307756,1a
AY307757,1a
AY307758,1a
AY307759,1a
AY307760,1a
AY307761,1a
AY307762,1a
AY307763,1a
AY307764,1a
AY307765,1a
AY307766,1a
AY307767,1a
AY307752,1a
AY307751,1a
AY307750,1a
AY307749,1a
AY307733,1a
AY307734,1a
AY307735,1a
AY307736,1a
AY307737,1a
AY307739,1a
AY307740,1a
AY307742,1a
AY307743,1a
AY307744,1a
AY307745,1a
AY307746,1a
AY307748,1a
AY307741,1a
AY342498,1a
AY342500,1a
AY342596,1a
AY342597,1a
AY342598,1a
AY342599,1a
AY342600,1a
AY342601,1a
AY342602,1a
AY342603,1a
AY342604,1a
AY342605,1a
AY342606,1a
AY342607,1a
AY342608,1a
AY342609,1a
AY342610,1a
AY342595,1a
AY342611,1a
AY342594,1a
AY342592,1a
AY342577,1a
AY342578,1a
AY342579,1a
AY342580,1a
AY342581,1a
AY342582,1a
AY342583,1a
AY342584,1a
AY342585,1a
AY342586,1a
AY342587,1a
AY342588,1a
AY342589,1a
AY342590,1a
AY342591,1a
AY342593,1a
AY342612,1a
AY342613,1a
AY344025,1a
AY366575,1a
AY366576,1a
AY366577,1a
AY366578,1a
AY366579,1a
AY366580,1a
AY366581,1a
AY366582,1a
AY366585,1a
AY366586,1a
AY366587,1a
AY366573,1a
AY344026,1a
AY344027,1a
AY344032,1a
AY344038,1a
AY344039,1a
AY344040,1a
AY344041,1a
AY342576,1a
AY365214,1a
AY366566,1a
AY342499,1a
AY342575,1a
AY342573,1a
AY342520,1a
AY342521,1a
AY342522,1a
AY342523,1a
AY342524,1a
AY342525,1a
AY342526,1a
AY342527,1a
AY342528,1a
AY342529,1a
AY342530,1a
AY342531,1a
AY342532,1a
AY342533,1a
AY342534,1a
AY342519,1a
AY342535,1a
AY342518,1a
AY342516,1a
AY342501,1a
AY342502,1a
AY342503,1a
AY342504,1a
AY342505,1a
AY342506,1a
AY342507,1a
AY342508,1a
AY342509,1a
AY342510,1a
AY342511,1a
AY342512,1a
AY342513,1a
AY342514,1a
AY342515,1a
AY342517,1a
AY342536,1a
AY342537,1a
AY342538,1a
AY342558,1a
AY342559,1a
AY342560,1a
AY342561,1a
AY342562,1a
AY342563,1a
AY342564,1a
AY342565,1a
AY342566,1a
AY342567,1a
AY342568,1a
AY342569,1a
AY342570,1a
AY342571,1a
AY342572,1a
AY342557,1a
AY342556,1a
AY342555,1a
AY342554,1a
AY342539,1a
AY342540,1a
AY342541,1a
AY342542,1a
AY342543,1a
AY342544,1a
AY342545,1a
AY342574,1a
AY342546,1a
AY342548,1a
AM707045,1a
AY342549,1a
AY342551,1a
AY342552,1a
AY342553,1a
AY342547,1a
AY307709,1a
AM707182,1a
AM707143,1a
AM707144,1a
AM707145,1a
AM707147,1a
AM707149,1a
AM707151,1a
AM707152,1a
AM707153,1a
AM707154,1a
AM707155,1a
AM707156,1a
AM707157,1a
AM707158,1a
AM707141,1a
AM707139,1a
AM707125,1a
AM707126,1a
AM707127,1a
AM707129,1a
AM707130,1a
AM707131,1a
AM707132,1a
AM707133,1a
AM707134,1a
AM707135,1a
AM707136,1a
AM707137,1a
AM707138,1a
AM707140,1a
AM707159,1a
AM707160,1a
AM707161,1a
AY307691,1a
AM707184,1a
AM707185,1a
AM707186,1a
AM707188,1a
AM707190,1a
AM707191,1a
AM707192,1a
AM707193,1a
AM707195,1a
AM707196,1a
AM707181,1a
AM707180,1a
AM707179,1a
AM707178,1a
AM707162,1a
AM707163,1a
AM707164,1a
AM707165,1a
AM707166,1a
AM707168,1a
AM707123,1a
AM707169,1a
AM707171,1a
AM707173,1a
AM707174,1a
AM707175,1a
AM707176,1a
AM707177,1a
AM707170,1a
AM707120,1a
AM707066,1a
AM707067,1a
AM707068,1a
AM707069,1a
AM707072,1a
AM707073,1a
AM707074,1a
AM707075,1a
AM707076,1a
AM707077,1a
AM707078,1a
AM707079,1a
AM707080,1a
AM707065,1a
AM707081,1a
AM707064,1a
AM707062,1a
AM707047,1a
AM707048,1a
AM707050,1a
AM707051,1a
AM707052,1a
AM707053,1a
AM707055,1a
AM707056,1a
AM707058,1a
AM707059,1a
AM707060,1a
AM707063,1a
AM707082,1a
AM707083,1a
AM707084,1a
AM707106,1a
AM707109,1a
AM707110,1a
AM707111,1a
AM707112,1a
AM707113,1a
AM707114,1a
AM707115,1a
AM707117,1a
AM707118,1a
AM707119,1a
AM707104,1a
AM707102,1a
AM707101,1a
AM707086,1a
AM707087,1a
AM707088,1a
AM707090,1a
AM707097,1a
AM707098,1a
AM707100,1a
AM707093,1a
AM707197,1a
AM707201,1a
AM707296,1a
AM707295,1a
AM707294,1a
AM707293,1a
AM707292,1a
AM707291,1a
AM707290,1a
AM707289,1a
AM707288,1a
AM707287,1a
AM707286,1a
AM707285,1a
AM707283,1a
AM707282,1a
AM707281,1a
AM707280,1a
AM707279,1a
AM707200,1a
AM707276,1a
AM707275,1a
AM707274,1a
AM707273,1a
AM707272,1a
AM707271,1a
AM707270,1a
AM707269,1a
AM707268,1a
AM707298,1a
AM707299,1a
AM707300,1a
AY307689,1a
AY307688,1a
AY307687,1a
AY307683,1a
AY307682,1a
AM707321,1a
AM707320,1a
AM707319,1a
AM707318,1a
AM707317,1a
AM707267,1a
AM707316,1a
AM707313,1a
AM707312,1a
AM707311,1a
AM707309,1a
AM707308,1a
AM707307,1a
AM707305,1a
AM707303,1a
AM707302,1a
AM707301,1a
AM707266,1a
AM707278,1a
AM707264,1a
AM707230,1a
AM707229,1a
AM707227,1a
AM707226,1a
AM707225,1a
AM707224,1a
AM707223,1a
AM707222,1a
AM707221,1a
AM707220,1a
AM707218,1a
AM707217,1a
AM707216,1a
AM707215,1a
AM707213,1a
AM707211,1a
AM707210,1a
AM707209,1a
AM707208,1a
AM707205,1a
AM707204,1a
AM707202,1a
AM707231,1a
AM707232,1a
AM707234,1a
AM707256,1a
AM707257,1a
AM707259,1a
AM707260,1a
AM707262,1a
AM707233,1a
AM707263,1a
AM707255,1a
AM707254,1a
AM707253,1a
AM707248,1a
AM707235,1a
AM707236,1a
AM707240,1a
AM707241,1a
AM707249,1a
AM707243,1a
AM707246,1a
AB719596,1b
AB719597,1b
AB719598,1b
AB719599,1b
AB719576,1b
AB719575,1b
AB719600,1b
AB719577,1b
AB719579,1b
AB719595,1b
AB719594,1b
AB719593,1b
AB719592,1b
AB719591,1b
AB719590,1b
AB719588,1b
AB719587,1b
AB719586,1b
AB719585,1b
AB719584,1b
AB719583,1b
AB719582,1b
AB719581,1b
AB719580,1b
AB719578,1b
AB719601,1b
AB719629,1b
AB719603,1b
AB719609,1b
AB719610,1b
AB719611,1b
AB719612,1b
AB719613,1b
AB719614,1b
AB719574,1b
AB719615,1b
AB719616,1b
AB719617,1b
AB719618,1b
AB719619,1b
AB719602,1b
AB719620,1b
AB719622,1b
AB719623,1b
AB719624,1b
AB719625,1b
AB719626,1b
AB719627,1b
AB719628,1b
AB719608,1b
AB719607,1b
AB719606,1b
AB719605,1b
AB719604,1b
AB719621,1b
AB719573,1b
AB709780,1b
AB719571,1b
AB709661,1b
AB709662,1b
AB709663,1b
AB709664,1b
AB709665,1b
AB709666,1b
AB709667,1b
AB709668,1b
AB709669,1b
AB709670,1b
AB709671,1b
AB709672,1b
AB709673,1b
AB709674,1b
AB709675,1b
AB709676,1b
AB709677,1b
AB709678,1b
AB709679,1b
AB709660,1b
AB709680,1b
AB709659,1b
AB709657,1b
AB709638,1b
AB709639,1b
AB709640,1b
AB709641,1b
AB709642,1b
AB709643,1b
AB709644,1b
AB709645,1b
AB709646,1b
AB709647,1b
AB709648,1b
AB709649,1b
AB709650,1b
AB709651,1b
AB709652,1b
AB709653,1b
AB709654,1b
AB709655,1b
AB709656,1b
AB709658,1b
AB709681,1b
AB709682,1b
AB709683,1b
AB709708,1b
AB709709,1b
AB709710,1b
AB709711,1b
AB709712,1b
AB709713,1b
AB709714,1b
AB709715,1b
AB709716,1b
AB709717,1b
AB709718,1b
AB709719,1b
AB709720,1b
AB709721,1b
AB709722,1b
AB709723,1b
AB709724,1b
AB709725,1b
AB709726,1b
AB709707,1b
AB709706,1b
AB709705,1b
AB709704,1b
AB709684,1b
AB709685,1b
AB709686,1b
AB709687,1b
AB709688,1b
AB709689,1b
AB709690,1b
AB709691,1b
AB709692,1b
AB709637,1b
AB709693,1b
AB709695,1b
AB709696,1b
AB709697,1b
AB709698,1b
AB709699,1b
AB709700,1b
AB709701,1b
AB709702,1b
AB709703,1b
AB709694,1b
AB709636,1b
AB709635,1b
AB709634,1b
AB709568,1b
AB709569,1b
AB709570,1b
AB709571,1b
AB709572,1b
AB709573,1b
AB709574,1b
AB709575,1b
AB709576,1b
AB709577,1b
AB709578,1b
AB709579,1b
AB709580,1b
AB709581,1b
AB709582,1b
AB709583,1b
AB709584,1b
AB709585,1b
AB709586,1b
AB709567,1b
AB709566,1b
AB709565,1b
AB709564,1b
AB709544,1b
AB709545,1b
AB709546,1b
AB709547,1b
AB709548,1b
AB709549,1b
AB709550,1b
AB709551,1b
AB709552,1b
AB709587,1b
AB709553,1b
AB709555,1b
AB709556,1b
AB709557,1b
AB709558,1b
AB709559,1b
AB709560,1b
AB709561,1b
AB709562,1b
AB709563,1b
AB709554,1b
AB709727,1b
AB709588,1b
AB709590,1b
AB709615,1b
AB709616,1b
AB709617,1b
AB709618,1b
AB709619,1b
AB709620,1b
AB709621,1b
AB709622,1b
AB709623,1b
AB709624,1b
AB709625,1b
AB709626,1b
AB709627,1b
AB709628,1b
AB709629,1b
AB709630,1b
AB709631,1b
AB709632,1b
AB709633,1b
AB709614,1b
AB709613,1b
AB709612,1b
AB709611,1b
AB709591,1b
AB709592,1b
AB709593,1b
AB709594,1b
AB709595,1b
AB709596,1b
AB709597,1b
AB709598,1b
AB709599,1b
AB709589,1b
AB709600,1b
AB709602,1b
AB709603,1b
AB709604,1b
AB709605,1b
AB709606,1b
AB709607,1b
AB709608,1b
AB709609,1b
AB709610,1b
AB709601,1b
AB709728,1b
AB709729,1b
AB709730,1b
AB719505,1b
AB719506,1b
AB719507,1b
AB719508,1b
AB719509,1b
AB719510,1b
AB719511,1b
AB719512,1b
AB719513,1b
AB719514,1b
AB719515,1b
AB719516,1b
AB719517,1b
AB719518,1b
AB719519,1b
AB719520,1b
AB719521,1b
AB719522,1b
AB719523,1b
AB719504,1b
AB719503,1b
AB719502,1b
AB719501,1b
AB719481,1b
AB719482,1b
AB719483,1b
AB719484,1b
AB719485,1b
AB719486,1b
AB719487,1b
AB719488,1b
AB719489,1b
AB719524,1b
AB719490,1b
AB719492,1b
AB719493,1b
AB719494,1b
AB719495,1b
AB719497,1b
AB719498,1b
AB719499,1b
AB719500,1b
AB719491,1b
AB719480,1b
AB719525,1b
AB719527,1b
AB719552,1b
AB719555,1b
AB719556,1b
AB719557,1b
AB719558,1b
AB719559,1b
AB719560,1b
AB719561,1b
AB719562,1b
AB719563,1b
AB719564,1b
AB719565,1b
AB719567,1b
AB719568,1b
AB719569,1b
AB719570,1b
AB719551,1b
AB719550,1b
AB719549,1b
AB719548,1b
AB719528,1b
AB719529,1b
AB719531,1b
AB719532,1b
AB719533,1b
AB719534,1b
AB719535,1b
AB719536,1b
AB719526,1b
AB719537,1b
AB719539,1b
AB719540,1b
AB719541,1b
AB719542,1b
AB719543,1b
AB719544,1b
AB719545,1b
AB719538,1b
AB719572,1b
AB719479,1b
AB719477,1b
AB709755,1b
AB709756,1b
AB709757,1b
AB709758,1b
AB709759,1b
AB709760,1b
AB709761,1b
AB709762,1b
AB709763,1b
AB709764,1b
AB709765,1b
AB709766,1b
AB709767,1b
AB709768,1b
AB709769,1b
AB709770,1b
AB709771,1b
AB709772,1b
AB709773,1b
AB709754,1b
AB709753,1b
AB709752,1b
AB709751,1b
AB709731,1b
AB709732,1b
AB709733,1b
AB709734,1b
AB709735,1b
AB709736,1b
AB709737,1b
AB709738,1b
AB709739,1b
AB709774,1b
AB709740,1b
AB709742,1b
AB709743,1b
AB709744,1b
AB709745,1b
AB709746,1b
AB709747,1b
AB709748,1b
AB709749,1b
AB709750,1b
AB709741,1b
AB719478,1b
AB709775,1b
AB709777,1b
AB709803,1b
AB714164,1b
AB719460,1b
AB719461,1b
AB719462,1b
AB719463,1b
AB719464,1b
AB719465,1b
AB719466,1b
AB719467,1b
AB719468,1b
AB719469,1b
AB719470,1b
AB719471,1b
AB719472,1b
AB719473,1b
AB719474,1b
AB719475,1b
AB719476,1b
AB709802,1b
AB709801,1b
AB709800,1b
AB709799,1b
AB709778,1b
AB709779,1b
AB709781,1b
AB709782,1b
AB709783,1b
AB709784,1b
AB709785,1b
AB709786,1b
AB709787,1b
AB709776,1b
AB709788,1b
AB709790,1b
AB709791,1b
AB709792,1b
AB709793,1b
AB709794,1b
AB709795,1b
AB709796,1b
AB709797,1b
AB709798,1b
AB709789,1b
AB719630,1b
AF056774,1b
AB719632,1b
AF211110,1b
AF211111,1b
AF211112,1b
AF211113,1b
AF211114,1b
AF211115,1b
AF211116,1b
AF211117,1b
AF211118,1b
AF213648,1b
AF213649,1b
AF213650,1b
AF213651,1b
AF213652,1b
AF213653,1b
AF213654,1b
AF213885,1b
AF211107,1b
AF211106,1b
AF211089,1b
AF211090,1b
AF211092,1b
AF211093,1b
AF213886,1b
AF211095,1b
AF211100,1b
AF211096,1b
AF213887,1b
AF213889,1b
AF221137,1b
AF221140,1b
AF221141,1b
AF221142,1b
AF221143,1b
AF221145,1b
AF221146,1b
AF221147,1b
AF221153,1b
AF221134,1b
AF213890,1b
AF213891,1b
AF213892,1b
AF213893,1b
AF213894,1b
AF213895,1b
AF217298,1b
AF217299,1b
AF213888,1b
AF217300,1b
AF218867,1b
AF218868,1b
AF218869,1b
AF218870,1b
AF218871,1b
AF218872,1b
AF218874,1b
AF218875,1b
AF217301,1b
AF221154,1b
AF211085,1b
AF211021,1b
AF211023,1b
AF211024,1b
AF211025,1b
AF211027,1b
AF211030,1b
AF211031,1b
AF211032,1b
AF211035,1b
AF211036,1b
AF211020,1b
AF211019,1b
AF211018,1b
AF211017,1b
AF210999,1b
AF211000,1b
AF211001,1b
AF211003,1b
AF211004,1b
AF211005,1b
AF211007,1b
AF211009,1b
AF211011,1b
AF211012,1b
AF211013,1b
AF211015,1b
AF211084,1b
AF211039,1b
AF211041,1b
AF211066,1b
AF211069,1b
AF211070,1b
AF211071,1b
AF211073,1b
AF211074,1b
AF211076,1b
AF211077,1b
AF211078,1b
AF211079,1b
AF211080,1b
AF211082,1b
AF211065,1b
AF211064,1b
AF211063,1b
AF211062,1b
AF211042,1b
AF211043,1b
AF211044,1b
AF211045,1b
AF211046,1b
AF211047,1b
AF211048,1b
AF211049,1b
AF211040,1b
AF211052,1b
AF211053,1b
AF211056,1b
AF211057,1b
AF211058,1b
AF211059,1b
AF211060,1b
AF211061,1b
AF211051,1b
AF221267,1b
AF221271,1b
AF221276,1b
AF221278,1b
AF221279,1b
AF221266,1b
AF221264,1b
AF221263,1b
AF221245,1b
AF221246,1b
AF221250,1b
AF221251,1b
AF221252,1b
AF221284,1b
AF221253,1b
AF221255,1b
AF221256,1b
AF221257,1b
AF221258,1b
AF221261,1b
AF221254,1b
AF221244,1b
AF221285,1b
AF221287,1b
AF221310,1b
AF221313,1b
AF221314,1b
AF221315,1b
AF221318,1b
AF221319,1b
AF221323,1b
AF221325,1b
AF221326,1b
AF221309,1b
AF221308,1b
AF221306,1b
AF221289,1b
AF221291,1b
AF221292,1b
AF221293,1b
AF221296,1b
AF221298,1b
AF221299,1b
AF221301,1b
AF221302,1b
AF221303,1b
AF221304,1b
AF221297,1b
AF221180,1b
AF221183,1b
AF221185,1b
AF221186,1b
AF221187,1b
AF221188,1b
AF221189,1b
AF221190,1b
AF221191,1b
AF221192,1b
AF221193,1b
AF221194,1b
AF221195,1b
AF221196,1b
AF221176,1b
AF221159,1b
AF221160,1b
AF221161,1b
AF221162,1b
AF221165,1b
AF221197,1b
AF221166,1b
AF221175,1b
AF221167,1b
AF221198,1b
AF221199,1b
AF221200,1b
AF221223,1b
AF221224,1b
AF221225,1b
AF221226,1b
AF221227,1b
AF221228,1b
AF221229,1b
AF221222,1b
AF221231,1b
AF221233,1b
AF221234,1b
AF221235,1b
AF221236,1b
AF221237,1b
AF221240,1b
AF210998,1b
AF221221,1b
AF221219,1b
AF221201,1b
AF221208,1b
AF221220,1b
AF221209,1b
AF221212,1b
AF221213,1b
AF221214,1b
AF221215,1b
AF221218,1b
AF221210,1b
AF221327,1b
AF210997,1b
AF210995,1b
AF207434,1b
AF207439,1b
AF207441,1b
AF207442,1b
AF207443,1b
AF207445,1b
AF207446,1b
AF207432,1b
AF207431,1b
AF207414,1b
AF207419,1b
AF207426,1b
AF207427,1b
AF207452,1b
AF207477,1b
AF207478,1b
AF207481,1b
AF207475,1b
AF207474,1b
AF207455,1b
AF207457,1b
AF207459,1b
AF207462,1b
AF207453,1b
AF207465,1b
AF207466,1b
AF207467,1b
AF207494,1b
AF207348,1b
AF207349,1b
AF207350,1b
AF207353,1b
AF207354,1b
AF207357,1b
AF207360,1b
AF207361,1b
AF207362,1b
AF207363,1b
AF207347,1b
AF207328,1b
AF207329,1b
AF207333,1b
AF207334,1b
AF207340,1b
AF207391,1b
AF207399,1b
AF207404,1b
AF207406,1b
AF207377,1b
AF207380,1b
AF207381,1b
AF207386,1b
AF207497,1b
AF210936,1b
AF210938,1b
AF210941,1b
AF210943,1b
AF210944,1b
AF210945,1b
AF210947,1b
AF210948,1b
AF210949,1b
AF210950,1b
AF210934,1b
AF210932,1b
AF208460,1b
AF208461,1b
AF208462,1b
AF208463,1b
AF210895,1b
AF210898,1b
AF210900,1b
AF210923,1b
AF210924,1b
AF210925,1b
AF210928,1b
AF210929,1b
AF210930,1b
AF208459,1b
AF210953,1b
AF210955,1b
AF210978,1b
AF210979,1b
AF210980,1b
AF210982,1b
AF210985,1b
AF210986,1b
AF210990,1b
AF210992,1b
AF210993,1b
AF210976,1b
AF210974,1b
AF210959,1b
AF210961,1b
AF210954,1b
AF210964,1b
AF210966,1b
AF210968,1b
AF210971,1b
AF210973,1b
AF210965,1b
AF208457,1b
AF208456,1b
AF208455,1b
AF207752,1b
AF207753,1b
AF207754,1b
AF207755,1b
AF207756,1b
AF207757,1b
AF207758,1b
AF207759,1b
AF207760,1b
AF207761,1b
AF207762,1b
AF207763,1b
AF207764,1b
AF207765,1b
AF207766,1b
AF207767,1b
AF207768,1b
AF207519,1b
AF207516,1b
AF207498,1b
AF207769,1b
AF207770,1b
AF207771,1b
AF207772,1b
AF208089,1b
AF208090,1b
AF208091,1b
AF208092,1b
AF208441,1b
AF208442,1b
AF208443,1b
AF208444,1b
AF208088,1b
AF208445,1b
AF208447,1b
AF208448,1b
AF208449,1b
AF208450,1b
AF208451,1b
AF208452,1b
AF208453,1b
AF208454,1b
AF208446,1b
AF210996,1b
AF208087,1b
AF208085,1b
AF207773,1b
AF207774,1b
AF207995,1b
AF207996,1b
AF207997,1b
AF207998,1b
AF207999,1b
AF208024,1b
AF208086,1b
AF208075,1b
AF208077,1b
AF208078,1b
AF208079,1b
AF208080,1b
AF208081,1b
AF208082,1b
AF208083,1b
AF208084,1b
AF208076,1b
AF221329,1b
AF221330,1b
AF282666,1b
AF282667,1b
AF282668,1b
AF313916,1b
AF333324,1b
AF339167,1b
AF339168,1b
AF339169,1b
AF339170,1b
AF339172,1b
AF339174,1b
AF339175,1b
AF339176,1b
AF339177,1b
AF339178,1b
AF282665,1b
AF282664,1b
AF282663,1b
AF282662,1b
AF265165,1b
AF271819,1b
AF282635,1b
AF282636,1b
AF282637,1b
AF282638,1b
AF282640,1b
AF339179,1b
AF282641,1b
AF282654,1b
AF282655,1b
AF282656,1b
AF282657,1b
AF282658,1b
AF282659,1b
AF282660,1b
AF282661,1b
AF282653,1b
AF265164,1b
AF339180,1b
AF339182,1b
AF339216,1b
AF339217,1b
AF339218,1b
AF339219,1b
AF339220,1b
AF339221,1b
AF339222,1b
AF339223,1b
AF339224,1b
AF339225,1b
AF339226,1b
AF339227,1b
AF339228,1b
AF339229,1b
AF339230,1b
AF339231,1b
AF339232,1b
AF339215,1b
AF339214,1b
AF339213,1b
AF339183,1b
AF339184,1b
AF339185,1b
AF339186,1b
AF339187,1b
AF339188,1b
AF339189,1b
AF339190,1b
AF339191,1b
AF339193,1b
AF339194,1b
AF339196,1b
AF339197,1b
AF339198,1b
AF339199,1b
AF339200,1b
AF339192,1b
AF339233,1b
AF265163,1b
AF265161,1b
AF246101,1b
AF246102,1b
AF246103,1b
AF246104,1b
AF246105,1b
AF246106,1b
AF246107,1b
AF246108,1b
AF246109,1b
AF246110,1b
AF246111,1b
AF246112,1b
AF246113,1b
AF246114,1b
AF246115,1b
AF246116,1b
AF246117,1b
AF246100,1b
AF246099,1b
AF246098,1b
AF246097,1b
AF246079,1b
AF246080,1b
AF246081,1b
AF246082,1b
AF246083,1b
AF246084,1b
AF246085,1b
AF246086,1b
AF246118,1b
AF246087,1b
AF246089,1b
AF246090,1b
AF246091,1b
AF246092,1b
AF246093,1b
AF246094,1b
AF246095,1b
AF246096,1b
AF246088,1b
AF265162,1b
AF246119,1b
AF264965,1b
AF265144,1b
AF265145,1b
AF265146,1b
AF265147,1b
AF265148,1b
AF265149,1b
AF265150,1b
AF265151,1b
AF265152,1b
AF265153,1b
AF265154,1b
AF265155,1b
AF265156,1b
AF265157,1b
AF265158,1b
AF265159,1b
AF265160,1b
AF265143,1b
AF265142,1b
AF264994,1b
AF264993,1b
AF264966,1b
AF264968,1b
AF264970,1b
AF264972,1b
AF264973,1b
AF264974,1b
AF264952,1b
AF264975,1b
AF264986,1b
AF264987,1b
AF264988,1b
AF264989,1b
AF264990,1b
AF264991,1b
AF264992,1b
AF264976,1b
AF339234,1b
AF339235,1b
AF339236,1b
AF369263,1b
AF373850,1b
AF379040,1b
AF379041,1b
AF379042,1b
AF379043,1b
AF379044,1b
AF379045,1b
AF379046,1b
AF379047,1b
AF379048,1b
AF379049,1b
AF379051,1b
AF379052,1b
AF379053,1b
AF379054,1b
AF369262,1b
AF369261,1b
AF369260,1b
AF369259,1b
AF350924,1b
AF356827,1b
AF359412,1b
AF359413,1b
AF359414,1b
AF369246,1b
AF369247,1b
AF369248,1b
AF379055,1b
AF369249,1b
AF369251,1b
AF369252,1b
AF369253,1b
AF369254,1b
AF369255,1b
AF369256,1b
AF369257,1b
AF369258,1b
AF369250,1b
AF350923,1b
AF379056,1b
AF379058,1b
AF379081,1b
AF379082,1b
AF379083,1b
AF379084,1b
AF379085,1b
AF379086,1b
AF379087,1b
AF379088,1b
AF379089,1b
AF379090,1b
AF379091,1b
AF379092,1b
AF379093,1b
AF379095,1b
AF379096,1b
AF379097,1b
AF379080,1b
AF379079,1b
AF379078,1b
AF379059,1b
AF379060,1b
AF379061,1b
AF379063,1b
AF379065,1b
AF379066,1b
AF379057,1b
AF379067,1b
AF379069,1b
AF379070,1b
AF379071,1b
AF379072,1b
AF379073,1b
AF379075,1b
AF379076,1b
AF379068,1b
AF350922,1b
AF350921,1b
AF350917,1b
AF339260,1b
AF339261,1b
AF339262,1b
AF339263,1b
AF339264,1b
AF339265,1b
AF339266,1b
AF339267,1b
AF339268,1b
AF339269,1b
AF339270,1b
AF339271,1b
AF339272,1b
AF339273,1b
AF339274,1b
AF339275,1b
AF339276,1b
AF339259,1b
AF339258,1b
AF339257,1b
AF339256,1b
AF339237,1b
AF339238,1b
AF339239,1b
AF339240,1b
AF339241,1b
AF339242,1b
AF339243,1b
AF339244,1b
AF339277,1b
AF339245,1b
AF339247,1b
AF339248,1b
AF339249,1b
AF339250,1b
AF339251,1b
AF339253,1b
AF339254,1b
AF339255,1b
AF339246,1b
AF339278,1b
AF339279,1b
AF339280,1b
AF339303,1b
AF339304,1b
AF339305,1b
AF339306,1b
AF339307,1b
AF339308,1b
AF339309,1b
AF339310,1b
AF339302,1b
AF339311,1b
AF339313,1b
AF339314,1b
AF348705,1b
AF350912,1b
AF350913,1b
AF350914,1b
AF350915,1b
AF350916,1b
AF339312,1b
AF246078,1b
AF339301,1b
AF339299,1b
AF339281,1b
AF339282,1b
AF339283,1b
AF339284,1b
AF339285,1b
AF339286,1b
AF339287,1b
AF339288,1b
AF339300,1b
AF339289,1b
AF339291,1b
AF339292,1b
AF339293,1b
AF339294,1b
AF339295,1b
AF339296,1b
AF339297,1b
AF339298,1b
AF339290,1b
AF246077,1b
AF246076,1b
AF246075,1b
AF221440,1b
AF221441,1b
AF221442,1b
AF221443,1b
AF221444,1b
AF221445,1b
AF221446,1b
AF233695,1b
AF233696,1b
AF233703,1b
AF233704,1b
AF233713,1b
AF233714,1b
AF245284,1b
AF245285,1b
AF245706,1b
AF245707,1b
AF221439,1b
AF221438,1b
AF221437,1b
AF221436,1b
AF221418,1b
AF221419,1b
AF221420,1b
AF221421,1b
AF245708,1b
AF221428,1b
AF221430,1b
AF221431,1b
AF221432,1b
AF221434,1b
AF221435,1b
AF221427,1b
AF245709,1b
AF245711,1b
AF245822,1b
AF245823,1b
AF245824,1b
AF245825,1b
AF245826,1b
AF245827,1b
AF245828,1b
AF245829,1b
AF245830,1b
AF245831,1b
AF245832,1b
AF245836,1b
AF245837,1b
AF245838,1b
AF245839,1b
AF245840,1b
AF245842,1b
AF245786,1b
AF245785,1b
AF245784,1b
AF245783,1b
AF245712,1b
AF245713,1b
AF245714,1b
AF245715,1b
AF245716,1b
AF245717,1b
AF245718,1b
AF245719,1b
AF245710,1b
AF245720,1b
AF245722,1b
AF245723,1b
AF245777,1b
AF245778,1b
AF245779,1b
AF245780,1b
AF245781,1b
AF245782,1b
AF245721,1b
AF221416,1b
AF221415,1b
AF221414,1b
AF221353,1b
AF221354,1b
AF221356,1b
AF221357,1b
AF221358,1b
AF221359,1b
AF221360,1b
AF221361,1b
AF221362,1b
AF221363,1b
AF221364,1b
AF221365,1b
AF221366,1b
AF221367,1b
AF221368,1b
AF221369,1b
AF221351,1b
AF221350,1b
AF221331,1b
AF221333,1b
AF221334,1b
AF221335,1b
AF221336,1b
AF221337,1b
AF221338,1b
AF221370,1b
AF221339,1b
AF221342,1b
AF221344,1b
AF221345,1b
AF221348,1b
AF221371,1b
AF221373,1b
AF221396,1b
AF221397,1b
AF221399,1b
AF221401,1b
AF221402,1b
AF221395,1b
AF221406,1b
AF221407,1b
AF221412,1b
AF245843,1b
AF221394,1b
AF221393,1b
AF221384,1b
AF221386,1b
AF221387,1b
AF221383,1b
AF245844,1b
AF245846,1b
AF246015,1b
AF246016,1b
AF246017,1b
AF246018,1b
AF246019,1b
AF246020,1b
AF246021,1b
AF246022,1b
AF246023,1b
AF246024,1b
AF246026,1b
AF246027,1b
AF246028,1b
AF246029,1b
AF246030,1b
AF246031,1b
AF246014,1b
AF246013,1b
AF246012,1b
AF246011,1b
AF245993,1b
AF245994,1b
AF245995,1b
AF245996,1b
AF245997,1b
AF245998,1b
AF245999,1b
AF246000,1b
AF246032,1b
AF246001,1b
AF246003,1b
AF246004,1b
AF246005,1b
AF246006,1b
AF246007,1b
AF246008,1b
AF246010,1b
AF246002,1b
AF245992,1b
AF246033,1b
AF246035,1b
AF246058,1b
AF246059,1b
AF246060,1b
AF246061,1b
AF246062,1b
AF246063,1b
AF246064,1b
AF246066,1b
AF246067,1b
AF246068,1b
AF246070,1b
AF246071,1b
AF246072,1b
AF246073,1b
AF246074,1b
AF246056,1b
AF246055,1b
AF246054,1b
AF246036,1b
AF246037,1b
AF246038,1b
AF246039,1b
AF246040,1b
AF246041,1b
AF246042,1b
AF246043,1b
AF246034,1b
AF246044,1b
AF246046,1b
AF246047,1b
AF246048,1b
AF246049,1b
AF246050,1b
AF246051,1b
AF246052,1b
AF246053,1b
AF246045,1b
AF245991,1b
AF245971,1b
AF245970,1b
AF245898,1b
AF245899,1b
AF245900,1b
AF245901,1b
AF245905,1b
AF245908,1b
AF245910,1b
AF245911,1b
AF245912,1b
AF245913,1b
AF245896,1b
AF245894,1b
AF245847,1b
AF245848,1b
AF245849,1b
AF245850,1b
AF245851,1b
AF245852,1b
AF245853,1b
AF245854,1b
AF245915,1b
AF245855,1b
AF245857,1b
AF245858,1b
AF245859,1b
AF245860,1b
AF245861,1b
AF245862,1b
AF245863,1b
AF245864,1b
AF245856,1b
AF245916,1b
AF245917,1b
AF245941,1b
AF245942,1b
AF245943,1b
AF245944,1b
AF245945,1b
AF245946,1b
AF245947,1b
AF245948,1b
AF245940,1b
AF245959,1b
AF245961,1b
AF245962,1b
AF245963,1b
AF245964,1b
AF245965,1b
AF245966,1b
AF245968,1b
AF245969,1b
AF245960,1b
AF245845,1b
AF245939,1b
AF245937,1b
AF245919,1b
AF245920,1b
AF245921,1b
AF245922,1b
AF245923,1b
AF245924,1b
AF245925,1b
AF245926,1b
AF245938,1b
AF245927,1b
AF245929,1b
AF245930,1b
AF245931,1b
AF245932,1b
AF245933,1b
AF245936,1b
AF245928,1b
AB719631,1b
AF207324,1b
AF207322,1b
AF021892,1b
AF021901,1b
AF033358,1b
AF033359,1b
AF033360,1b
AF033361,1b
AF033362,1b
AF033363,1b
AF033364,1b
AF033366,1b
AF033367,1b
AF033368,1b
AF033369,1b
AF033370,1b
AF033371,1b
AF021891,1b
AF018425,1b
AF018404,1b
AF018406,1b
AF018407,1b
AF018408,1b
AF018409,1b
AF018410,1b
AF018411,1b
AF033372,1b
AF018413,1b
AF018419,1b
AF018423,1b
AF018414,1b
AF018403,1b
AF033373,1b
AF033375,1b
AF045906,1b
AF045907,1b
AF045908,1b
AF045909,1b
AF045910,1b
AF045911,1b
AF045912,1b
AF045913,1b
AF045914,1b
AF045915,1b
AF045916,1b
AF045917,1b
AF045918,1b
AF045919,1b
AF045920,1b
AF045921,1b
AF045922,1b
AF045905,1b
AF045904,1b
AF045903,1b
AF045902,1b
AF033376,1b
AF034151,1b
AF040777,1b
AF041284,1b
AF041301,1b
AF041311,1b
AF041315,1b
AF041318,1b
AF033374,1b
AF041319,1b
AF041328,1b
AF042790,1b
AF045897,1b
AF045898,1b
AF045899,1b
AF045900,1b
AF045901,1b
AF041323,1b
AF045923,1b
AF018402,1b
AF018400,1b
AF018340,1b
AF018344,1b
AF018345,1b
AF018346,1b
AF018347,1b
AF018349,1b
AF018350,1b
AF018354,1b
AF018356,1b
AF018339,1b
AF018338,1b
AF018318,1b
AF018319,1b
AF018321,1b
AF018322,1b
AF018323,1b
AF018324,1b
AF018325,1b
AF018357,1b
AF018329,1b
AF018333,1b
AF018334,1b
AF018327,1b
AF018401,1b
AF018358,1b
AF018360,1b
AF018383,1b
AF018384,1b
AF018386,1b
AF018387,1b
AF018388,1b
AF018389,1b
AF018390,1b
AF018391,1b
AF018393,1b
AF018397,1b
AF018398,1b
AF018399,1b
AF018382,1b
AF018381,1b
AF018380,1b
AF018379,1b
AF018362,1b
AF018363,1b
AF018364,1b
AF018365,1b
AF018366,1b
AF018367,1b
AF018368,1b
AF018359,1b
AF018369,1b
AF018371,1b
AF018372,1b
AF018373,1b
AF018374,1b
AF018375,1b
AF018376,1b
AF018377,1b
AF018378,1b
AF018370,1b
AF045924,1b
AF046161,1b
AF046162,1b
AF056761,1b
AF056762,1b
AF056763,1b
AF056764,1b
AF056765,1b
AF056766,1b
AF056767,1b
AF056768,1b
AF056769,1b
AF056770,1b
AF056772,1b
AF056773,1b
AB709543,1b
AF056775,1b
AF056776,1b
AF056778,1b
AF056760,1b
AF056759,1b
AF056758,1b
AF056757,1b
AF056739,1b
AF056740,1b
AF056741,1b
AF056742,1b
AF056743,1b
AF056745,1b
AF056746,1b
AF056779,1b
AF056747,1b
AF056749,1b
AF056750,1b
AF056751,1b
AF056752,1b
AF056753,1b
AF056754,1b
AF056756,1b
AF056748,1b
AF056738,1b
AF056780,1b
AF056782,1b
AF056805,1b
AF056806,1b
AF056807,1b
AF056808,1b
AF056809,1b
AF056810,1b
AF056811,1b
AF056812,1b
AF056813,1b
AF056814,1b
AF056815,1b
AF056816,1b
AF056817,1b
AF056818,1b
AF056819,1b
AF056820,1b
AF056821,1b
AF056804,1b
AF056803,1b
AF056802,1b
AF056801,1b
AF056783,1b
AF056784,1b
AF056785,1b
AF056786,1b
AF056787,1b
AF056788,1b
AF056789,1b
AF056790,1b
AF056781,1b
AF056791,1b
AF056793,1b
AF056794,1b
AF056795,1b
AF056796,1b
AF056797,1b
AF056798,1b
AF056799,1b
AF056800,1b
AF056792,1b
AF056735,1b
AF046185,1b
AF046186,1b
AF046187,1b
AF046188,1b
AF046189,1b
AF046190,1b
AF046191,1b
AF046192,1b
AF046193,1b
AF051253,1b
AF051254,1b
AF051255,1b
AF051256,1b
AF051257,1b
AF051258,1b
AF051259,1b
AF051260,1b
AF046184,1b
AF046183,1b
AF046182,1b
AF046181,1b
AF046163,1b
AF046164,1b
AF046165,1b
AF046166,1b
AF046167,1b
AF046168,1b
AF046169,1b
AF046170,1b
AF051261,1b
AF046171,1b
AF046173,1b
AF046174,1b
AF046175,1b
AF046176,1b
AF046177,1b
AF046178,1b
AF046179,1b
AF046180,1b
AF046172,1b
AF051262,1b
AF051263,1b
AF051264,1b
AF054260,1b
AF054261,1b
AF054262,1b
AF054263,1b
AF054264,1b
AF054265,1b
AF054266,1b
AF054267,1b
AF054259,1b
AF056005,1b
AF056006,1b
AF056007,1b
AF056627,1b
AF056628,1b
AF056629,1b
AF056733,1b
AF056734,1b
AF054288,1b
AF018317,1b
AF054258,1b
AF054256,1b
AF051265,1b
AF051266,1b
AF051267,1b
AF051268,1b
AF051269,1b
AF051270,1b
AF051271,1b
AF051272,1b
AF054257,1b
AF051273,1b
AF054248,1b
AF054249,1b
AF054250,1b
AF054251,1b
AF054252,1b
AF054253,1b
AF054254,1b
AF054255,1b
AF054247,1b
AF056822,1b
AF018316,1b
AF018314,1b
AB719741,1b
AB719742,1b
AB719743,1b
AB719744,1b
AB719745,1b
AB719746,1b
AB719747,1b
AB719748,1b
AB719749,1b
AB719750,1b
AB719751,1b
AB719752,1b
AB719753,1b
AB719754,1b
AB719755,1b
AB719756,1b
AB719757,1b
AB719740,1b
AB719739,1b
AB719738,1b
AB719737,1b
AB719719,1b
AB719720,1b
AB719721,1b
AB719722,1b
AB719723,1b
AB719724,1b
AB719725,1b
AB719726,1b
AB719758,1b
AB719727,1b
AB719729,1b
AB719730,1b
AB719731,1b
AB719732,1b
AB719733,1b
AB719734,1b
AB719735,1b
AB719736,1b
AB719728,1b
AB719718,1b
AB719759,1b
AB719761,1b
AB719784,1b
AB719785,1b
AB719786,1b
AB719787,1b
AB719788,1b
AB719789,1b
AB719790,1b
AB719791,1b
AB719792,1b
AB719793,1b
AB719794,1b
AB719795,1b
AB719796,1b
AB719797,1b
AB719798,1b
AB719799,1b
AB719800,1b
AB719783,1b
AB719782,1b
AB719781,1b
AB719780,1b
AB719762,1b
AB719763,1b
AB719764,1b
AB719765,1b
AB719766,1b
AB719767,1b
AB719768,1b
AB719769,1b
AB719760,1b
AB719770,1b
AB719772,1b
AB719773,1b
AB719774,1b
AB719775,1b
AB719776,1b
AB719777,1b
AB719778,1b
AB719779,1b
AB719771,1b
AB719801,1b
AB719717,1b
AB719715,1b
AB719655,1b
AB719656,1b
AB719657,1b
AB719658,1b
AB719659,1b
AB719660,1b
AB719661,1b
AB719662,1b
AB719663,1b
AB719664,1b
AB719665,1b
AB719666,1b
AB719667,1b
AB719668,1b
AB719669,1b
AB719670,1b
AB719671,1b
AB719654,1b
AB719653,1b
AB719652,1b
AB719651,1b
AB719633,1b
AB719634,1b
AB719635,1b
AB719636,1b
AB719637,1b
AB719638,1b
AB719639,1b
AB719640,1b
AB719672,1b
AB719641,1b
AB719643,1b
AB719644,1b
AB719645,1b
AB719646,1b
AB719647,1b
AB719648,1b
AB719649,1b
AB719650,1b
AB719642,1b
AB719716,1b
AB719673,1b
AB719675,1b
AB719698,1b
AB719699,1b
AB719700,1b
AB719701,1b
AB719702,1b
AB719703,1b
AB719704,1b
AB719705,1b
AB719706,1b
AB719707,1b
AB719708,1b
AB719709,1b
AB719710,1b
AB719711,1b
AB719712,1b
AB719713,1b
AB719714,1b
AB719697,1b
AB719696,1b
AB719695,1b
AB719694,1b
AB719676,1b
AB719677,1b
AB719680,1b
AB719681,1b
AB719682,1b
AB719683,1b
AB719674,1b
AB719684,1b
AB719686,1b
AB719687,1b
AB719688,1b
AB719689,1b
AB719690,1b
AB719691,1b
AB719692,1b
AB719693,1b
AB719685,1b
AB719802,1b
AB719803,1b
AB719804,1b
AB822441,1b
AB822442,1b
AB822443,1b
AB822444,1b
AB822445,1b
AB822446,1b
AB822447,1b
AB822448,1b
AB822449,1b
AB822450,1b
AB822451,1b
AB822452,1b
AB822453,1b
AB822454,1b
AB822455,1b
AB822456,1b
AB822457,1b
AB822440,1b
AB822439,1b
AB822438,1b
AB822437,1b
AB822419,1b
AB822420,1b
AB822421,1b
AB822422,1b
AB822423,1b
AB822424,1b
AB822425,1b
AB822426,1b
AB822458,1b
AB822427,1b
AB822429,1b
AB822430,1b
AB822431,1b
AB822432,1b
AB822433,1b
AB822434,1b
AB822435,1b
AB822436,1b
AB822428,1b
AB822418,1b
AB822459,1b
AB828700,1b
AF018297,1b
AF018304,1b
AF018306,1b
AF018309,1b
AF018310,1b
AF018311,1b
AF018312,1b
AF018313,1b
AF018295,1b
AF018294,1b
AF018293,1b
AB828701,1b
AB828702,1b
AB828703,1b
AB828704,1b
AB983775,1b
AB983776,1b
AB983777,1b
AB983778,1b
AB828699,1b
AB983779,1b
AF007500,1b
AF007519,1b
AF014959,1b
AF018288,1b
AF018289,1b
AF018290,1b
AF018291,1b
AF018292,1b
AB985268,1b
AB822417,1b
AB822416,1b
AB822415,1b
AB719827,1b
AB719828,1b
AB719829,1b
AB719830,1b
AB719831,1b
AB719832,1b
AB719833,1b
AB719834,1b
AB719835,1b
AB719836,1b
AB719837,1b
AB719838,1b
AB719839,1b
AB719840,1b
AB719841,1b
AB719842,1b
AB779562,1b
AB719826,1b
AB719825,1b
AB719824,1b
AB719823,1b
AB719805,1b
AB719806,1b
AB719807,1b
AB719808,1b
AB719809,1b
AB719810,1b
AB719811,1b
AB719812,1b
AB779679,1b
AB719813,1b
AB719816,1b
AB719817,1b
AB719818,1b
AB719819,1b
AB719820,1b
AB719821,1b
AB719822,1b
AB719814,1b
AB822372,1b
AB822373,1b
AB822374,1b
AB822397,1b
AB822398,1b
AB822399,1b
AB822400,1b
AB822401,1b
AB822402,1b
AB822403,1b
AB822404,1b
AB822396,1b
AB822405,1b
AB822407,1b
AB822408,1b
AB822409,1b
AB822410,1b
AB822411,1b
AB822412,1b
AB822413,1b
AB822414,1b
AB822406,1b
AF018315,1b
AB822395,1b
AB822393,1b
AB822375,1b
AB822376,1b
AB822377,1b
AB822378,1b
AB822379,1b
AB822380,1b
AB822381,1b
AB822382,1b
AB822394,1b
AB822383,1b
AB822385,1b
AB822386,1b
AB822387,1b
AB822388,1b
AB822389,1b
AB822390,1b
AB822391,1b
AB822392,1b
AB822384,1b
AF056823,1b
AF056825,1b
AF207089,1b
AF207094,1b
AF207103,1b
AF206421,1b
AF206422,1b
AF206423,1b
AF206434,1b
AF206435,1b
AF206436,1b
AF206437,1b
AF206438,1b
AF206448,1b
AF206450,1b
AF206451,1b
AF206452,1b
AF206449,1b
AF206420,1b
AF207132,1b
AF207133,1b
AF207134,1b
AF207137,1b
AF207142,1b
AF207143,1b
AF207144,1b
AF207131,1b
AF207130,1b
AF207116,1b
AF207118,1b
AF207121,1b
AF206419,1b
AF206410,1b
AF166572,1b
AF166573,1b
AF166574,1b
AF166577,1b
AF166578,1b
AF166579,1b
AF166582,1b
AF166583,1b
AF166584,1b
AF166585,1b
AF166586,1b
AF166587,1b
AF166571,1b
AF166570,1b
AF166569,1b
AF166568,1b
AF166550,1b
AF166551,1b
AF166554,1b
AF166555,1b
AF166557,1b
AF166589,1b
AF206411,1b
AF175468,1b
AF206361,1b
AF206363,1b
AF206365,1b
AF206367,1b
AF206368,1b
AF206369,1b
AF206370,1b
AF206384,1b
AF206402,1b
AF206403,1b
AF206404,1b
AF206405,1b
AF206406,1b
AF206407,1b
AF206408,1b
AF206409,1b
AF206355,1b
AF206354,1b
AF206353,1b
AF206352,1b
AF175471,1b
AF175472,1b
AF176573,1b
AF187047,1b
AF205035,1b
AF205036,1b
AF205037,1b
AF205038,1b
AF175469,1b
AF205039,1b
AF205041,1b
AF205595,1b
AF206330,1b
AF206331,1b
AF206332,1b
AF206333,1b
AF206346,1b
AF206351,1b
AF205040,1b
AF207151,1b
AF207262,1b
AF207263,1b
AF207268,1b
AF207271,1b
AF207273,1b
AF207274,1b
AF207278,1b
AF207261,1b
AF207260,1b
AF207259,1b
AF207240,1b
AF207244,1b
AF207254,1b
AF207307,1b
AF207308,1b
AF207311,1b
AF207313,1b
AF207303,1b
AF207301,1b
AF207284,1b
AF207287,1b
AF207295,1b
AF207296,1b
AF207298,1b
AF207292,1b
AF207175,1b
AF207180,1b
AF207182,1b
AF207184,1b
AF207188,1b
AF207153,1b
AF207157,1b
AF207160,1b
AF207218,1b
AF207220,1b
AF207235,1b
AF207208,1b
AF165064,1b
AF165063,1b
AF071973,1b
AF071976,1b
AF071977,1b
AF071978,1b
AF071987,1b
AF072824,1b
AF073026,1b
AF073027,1b
AF073028,1b
AF073030,1b
AF073032,1b
AF073033,1b
AF073034,1b
AF071962,1b
AF071957,1b
AF071956,1b
AF062827,1b
AF056913,1b
AF056914,1b
AF056915,1b
AF056916,1b
AF056917,1b
AF056918,1b
AF056919,1b
AF056920,1b
AF056921,1b
AF056923,1b
AF056924,1b
AF056925,1b
AF062821,1b
AF062823,1b
AF062824,1b
AF062825,1b
AF062826,1b
AF056922,1b
AF056912,1b
AF073038,1b
AF073040,1b
AF119724,1b
AF119725,1b
AF119726,1b
AF119727,1b
AF119728,1b
AF119729,1b
AF119730,1b
AF119731,1b
AF119732,1b
AF119733,1b
AF119734,1b
AF119735,1b
AF119736,1b
AF119737,1b
AF119738,1b
AF119739,1b
AF119740,1b
AF119723,1b
AF119722,1b
AF119721,1b
AF119720,1b
AF073041,1b
AF073042,1b
AF086640,1b
AF107041,1b
AF118580,1b
AF118581,1b
AF118582,1b
AF073039,1b
AF118583,1b
AF118623,1b
AF118624,1b
AF118630,1b
AF118632,1b
AF119717,1b
AF119718,1b
AF119719,1b
AF118622,1b
AF056911,1b
AF056910,1b
AF056909,1b
AF056848,1b
AF056849,1b
AF056850,1b
AF056851,1b
AF056852,1b
AF056853,1b
AF056854,1b
AF056855,1b
AF056856,1b
AF056857,1b
AF056858,1b
AF056859,1b
AF056860,1b
AF056861,1b
AF056862,1b
AF056863,1b
AF056864,1b
AF056847,1b
AF056846,1b
AF056845,1b
AF056844,1b
AF056826,1b
AF056827,1b
AF056828,1b
AF056829,1b
AF056830,1b
AF056831,1b
AF056832,1b
AF056833,1b
AF056865,1b
AF056834,1b
AF056836,1b
AF056837,1b
AF056838,1b
AF056839,1b
AF056840,1b
AF056841,1b
AF056842,1b
AF056843,1b
AF056835,1b
AF056866,1b
AF056867,1b
AF056868,1b
AF056891,1b
AF056892,1b
AF056893,1b
AF056894,1b
AF056895,1b
AF056896,1b
AF056897,1b
AF056898,1b
AF056890,1b
AF056899,1b
AF056901,1b
AF056902,1b
AF056903,1b
AF056904,1b
AF056905,1b
AF056906,1b
AF056907,1b
AF056908,1b
AF056900,1b
AF119741,1b
AF056889,1b
AF056887,1b
AF056869,1b
AF056871,1b
AF056872,1b
AF056873,1b
AF056874,1b
AF056875,1b
AF056876,1b
AF056888,1b
AF056877,1b
AF056879,1b
AF056880,1b
AF056881,1b
AF056882,1b
AF056883,1b
AF056884,1b
AF056885,1b
AF056886,1b
AF056878,1b
AF119742,1b
AF119744,1b
AF163212,1b
AF163213,1b
AF163214,1b
AF163215,1b
AF163216,1b
AF163217,1b
AF163218,1b
AF163220,1b
AF163221,1b
AF163222,1b
AF163223,1b
AF163224,1b
AF163225,1b
AF163226,1b
AF163227,1b
AF163228,1b
AF163211,1b
AF163210,1b
AF163209,1b
AF163208,1b
AF163190,1b
AF163191,1b
AF163192,1b
AF163193,1b
AF163194,1b
AF163195,1b
AF163196,1b
AF163197,1b
AF163229,1b
AF163198,1b
AF163200,1b
AF163202,1b
AF163204,1b
AF163205,1b
AF163207,1b
AF163199,1b
AF163189,1b
AF163230,1b
AF165046,1b
AF165047,1b
AF165048,1b
AF165049,1b
AF165050,1b
AF165051,1b
AF165052,1b
AF165053,1b
AF165054,1b
AF165055,1b
AF165056,1b
AF165057,1b
AF165058,1b
AF165059,1b
AF165060,1b
AF165061,1b
AF165062,1b
AF165045,1b
AF163253,1b
AF163251,1b
AF163233,1b
AF163234,1b
AF163235,1b
AF163237,1b
AF163238,1b
AF163239,1b
AF163240,1b
AF163241,1b
AF163243,1b
AF163244,1b
AF163245,1b
AF163246,1b
AF163247,1b
AF163248,1b
AF163250,1b
AF163242,1b
AF163187,1b
AF163186,1b
AF119768,1b
AF133100,1b
AF134735,1b
AF134736,1b
AF134740,1b
AF134742,1b
AF134743,1b
AF134745,1b
AF134748,1b
AF134749,1b
AF139594,1b
AF145454,1b
AF149894,1b
AF149895,1b
AF149896,1b
AF149897,1b
AF149898,1b
AF119767,1b
AF119766,1b
AF119765,1b
AF119764,1b
AF119746,1b
AF119747,1b
AF119748,1b
AF119749,1b
AF119750,1b
AF119751,1b
AF119752,1b
AF149899,1b
AF119753,1b
AF119755,1b
AF119756,1b
AF119757,1b
AF119758,1b
AF119759,1b
AF119761,1b
AF119762,1b
AF119763,1b
AF119754,1b
AF149900,1b
AF149901,1b
AF149902,1b
AF163169,1b
AF163170,1b
AF163171,1b
AF163173,1b
AF163174,1b
AF163175,1b
AF163167,1b
AF163178,1b
AF163179,1b
AF163180,1b
AF163181,1b
AF163182,1b
AF163183,1b
AF163184,1b
AF119743,1b
AF163166,1b
AF163164,1b
AF149903,1b
AF152343,1b
AF156793,1b
AF156794,1b
AF156795,1b
AF163152,1b
AF163153,1b
AF163154,1b
AF163156,1b
AF163157,1b
AF163159,1b
AF163160,1b
AF163161,1b
AF163162,1b
AF163163,1b
AB709542,1b
AB700264,1b
AB709540,1b
AB077726,1b
AB077725,1b
AB077724,1b
AB077723,1b
AB077722,1b
AB077721,1b
AB077720,1b
AB077719,1b
AB077718,1b
AB077727,1b
AB077717,1b
AB077715,1b
AB077714,1b
AB077713,1b
AB077712,1b
AB077711,1b
AB077710,1b
AB077709,1b
AB077708,1b
AB077707,1b
AB077716,1b
AB077728,1b
AB077729,1b
AB077730,1b
AB081033,1b
AB081032,1b
AB081031,1b
AB080299,1b
AB077747,1b
AB077746,1b
AB077745,1b
AB077744,1b
AB077743,1b
AB077742,1b
AB077741,1b
AB077740,1b
AB077739,1b
AB077737,1b
AB077736,1b
AB077735,1b
AB077734,1b
AB077733,1b
AB077732,1b
AB077731,1b
AB077706,1b
AB077705,1b
AB077704,1b
AB077703,1b
AB072090,1b
AB072089,1b
AB072088,1b
AB072087,1b
AB072086,1b
AB072085,1b
AB072084,1b
AB072083,1b
AB072082,1b
AB072081,1b
AB072080,1b
AB072079,1b
AB072078,1b
AB072077,1b
AB072076,1b
AB072075,1b
AB072074,1b
AB072073,1b
AB072072,1b
AB072071,1b
AB072070,1b
AB072091,1b
AB081034,1b
AB072092,1b
AB072094,1b
AB077702,1b
AB077701,1b
AB072113,1b
AB072112,1b
AB072111,1b
AB072110,1b
AB072109,1b
AB072108,1b
AB072107,1b
AB072106,1b
AB072105,1b
AB072104,1b
AB072103,1b
AB072102,1b
AB072101,1b
AB072100,1b
AB072099,1b
AB072098,1b
AB072097,1b
AB072096,1b
AB072095,1b
AB072093,1b
AB081035,1b
AB081036,1b
AB081037,1b
AB089546,1b
AB089545,1b
AB089544,1b
AB089543,1b
AB089542,1b
AB089541,1b
AB089540,1b
AB089539,1b
AB089538,1b
AB089537,1b
AB089536,1b
AB089535,1b
AB089534,1b
AB089533,1b
AB089532,1b
AB089531,1b
AB089530,1b
AB089529,1b
AB089528,1b
AB089527,1b
AB089526,1b
AB089547,1b
AB089525,1b
AB089548,1b
AB089550,1b
AB089571,1b
AB089570,1b
AB089569,1b
AB089568,1b
AB089567,1b
AB089566,1b
AB089565,1b
AB089564,1b
AB089563,1b
AB089562,1b
AB089561,1b
AB089560,1b
AB089559,1b
AB089558,1b
AB089557,1b
AB089556,1b
AB089555,1b
AB089554,1b
AB089553,1b
AB089552,1b
AB089551,1b
AB089549,1b
AB072069,1b
AB089524,1b
AB089522,1b
AB081058,1b
AB081057,1b
AB081056,1b
AB081055,1b
AB081054,1b
AB081053,1b
AB081052,1b
AB081051,1b
AB081050,1b
AB081049,1b
AB081048,1b
AB081047,1b
AB081046,1b
AB081045,1b
AB081044,1b
AB081043,1b
AB081042,1b
AB081041,1b
AB081040,1b
AB081039,1b
AB081038,1b
AB081059,1b
AB089523,1b
AB081060,1b
AB086043,1b
AB089521,1b
AB089520,1b
AB089519,1b
AB089518,1b
AB089517,1b
AB089516,1b
AB089515,1b
AB089514,1b
AB089513,1b
AB089512,1b
AB086054,1b
AB086053,1b
AB086052,1b
AB086051,1b
AB086050,1b
AB086049,1b
AB086048,1b
AB086046,1b
AB086045,1b
AB086044,1b
AB081061,1b
AB072068,1b
AB072067,1b
AB072066,1b
AB062256,1b
AB062254,1b
AB062250,1b
AB062249,1b
AB062247,1b
AB062244,1b
AB062239,1b
AB062237,1b
AB062257,1b
AB062258,1b
AB063402,1b
AB063401,1b
AB063400,1b
AB063399,1b
AB063398,1b
AB063397,1b
AB063396,1b
AB063395,1b
AB063394,1b
AB062271,1b
AB062269,1b
AB062267,1b
AB062266,1b
AB062265,1b
AB062261,1b
AB063403,1b
AB062234,1b
AB062232,1b
AB062206,1b
AB062205,1b
AB062204,1b
AB062203,1b
AB062202,1b
AB062201,1b
AB062200,1b
AB062199,1b
AB062197,1b
AB062196,1b
AB062195,1b
AB062193,1b
AB062192,1b
AB062191,1b
AB062190,1b
AB062189,1b
AB062187,1b
AB062186,1b
AB062207,1b
AB062208,1b
AB062210,1b
AB062231,1b
AB062230,1b
AB062229,1b
AB062228,1b
AB062226,1b
AB062225,1b
AB062222,1b
AB062221,1b
AB062220,1b
AB062218,1b
AB062217,1b
AB062216,1b
AB062213,1b
AB062211,1b
AB062209,1b
AB089572,1b
AB063404,1b
AB063406,1b
AB063478,1b
AB063477,1b
AB063476,1b
AB063475,1b
AB063474,1b
AB063473,1b
AB063472,1b
AB063471,1b
AB063470,1b
AB063469,1b
AB063468,1b
AB063467,1b
AB063466,1b
AB063465,1b
AB063464,1b
AB063463,1b
AB063461,1b
AB063460,1b
AB063459,1b
AB063458,1b
AB063457,1b
AB063485,1b
AB063456,1b
AB063486,1b
AB072044,1b
AB072065,1b
AB072064,1b
AB072063,1b
AB072062,1b
AB072061,1b
AB072060,1b
AB072059,1b
AB072058,1b
AB072057,1b
AB072056,1b
AB072055,1b
AB072054,1b
AB072053,1b
AB072052,1b
AB072051,1b
AB072050,1b
AB072049,1b
AB072048,1b
AB072047,1b
AB072046,1b
AB072045,1b
AB072043,1b
AB063405,1b
AB063455,1b
AB063453,1b
AB063427,1b
AB063426,1b
AB063425,1b
AB063424,1b
AB063423,1b
AB063422,1b
AB063421,1b
AB063420,1b
AB063419,1b
AB063418,1b
AB063417,1b
AB063416,1b
AB063415,1b
AB063414,1b
AB063413,1b
AB063412,1b
AB063411,1b
AB063410,1b
AB063409,1b
AB063408,1b
AB063407,1b
AB063428,1b
AB063454,1b
AB063429,1b
AB063431,1b
AB063452,1b
AB063451,1b
AB063450,1b
AB063449,1b
AB063448,1b
AB063447,1b
AB063446,1b
AB063445,1b
AB063444,1b
AB063443,1b
AB063442,1b
AB063441,1b
AB063440,1b
AB063439,1b
AB063438,1b
AB063437,1b
AB063436,1b
AB063435,1b
AB063434,1b
AB063433,1b
AB063432,1b
AB063430,1b
AB089573,1b
AB089574,1b
AB089575,1b
AB182841,1b
AB182840,1b
AB182839,1b
AB182838,1b
AB182837,1b
AB182836,1b
AB182835,1b
AB182834,1b
AB182833,1b
AB182832,1b
AB182831,1b
AB182830,1b
AB182829,1b
AB182828,1b
AB182827,1b
AB182826,1b
AB182825,1b
AB182824,1b
AB182823,1b
AB182822,1b
AB182821,1b
AB182842,1b
AB182820,1b
AB182843,1b
AB182845,1b
AB182866,1b
AB182865,1b
AB182864,1b
AB182863,1b
AB182862,1b
AB182861,1b
AB182860,1b
AB182859,1b
AB182858,1b
AB182857,1b
AB182856,1b
AB182855,1b
AB182854,1b
AB182853,1b
AB182852,1b
AB182851,1b
AB182850,1b
AB182849,1b
AB182848,1b
AB182847,1b
AB182846,1b
AB182844,1b
AB182867,1b
AB182819,1b
AB182817,1b
AB154206,1b
AB154205,1b
AB154204,1b
AB154203,1b
AB154202,1b
AB154201,1b
AB154200,1b
AB154199,1b
AB154198,1b
AB154197,1b
AB154196,1b
AB154195,1b
AB154194,1b
AB154193,1b
AB154192,1b
AB154191,1b
AB154190,1b
AB154189,1b
AB154188,1b
AB154187,1b
AB154186,1b
AB162859,1b
AB182818,1b
AB162860,1b
AB162877,1b
AB182816,1b
AB182815,1b
AB182814,1b
AB182813,1b
AB182812,1b
AB182811,1b
AB182810,1b
AB182809,1b
AB182808,1b
AB182807,1b
AB182806,1b
AB182805,1b
AB182804,1b
AB182803,1b
AB182802,1b
AB182801,1b
AB182800,1b
AB162881,1b
AB162880,1b
AB162879,1b
AB162878,1b
AB162861,1b
AB154185,1b
AB182868,1b
AB182870,1b
AB186452,1b
AB186445,1b
AB186444,1b
AB186443,1b
AB186442,1b
AB186441,1b
AB186440,1b
AB186439,1b
AB186434,1b
AB186433,1b
AB186432,1b
AB186454,1b
AB186456,1b
AB189082,1b
AB189081,1b
AB189080,1b
AB189079,1b
AB189078,1b
AB186472,1b
AB186471,1b
AB186470,1b
AB186467,1b
AB186466,1b
AB186465,1b
AB186464,1b
AB186463,1b
AB186462,1b
AB186460,1b
AB186459,1b
AB186458,1b
AB186457,1b
AB182869,1b
AB182891,1b
AB182890,1b
AB182889,1b
AB182888,1b
AB182887,1b
AB182886,1b
AB182885,1b
AB182884,1b
AB182883,1b
AB182882,1b
AB182881,1b
AB182880,1b
AB182879,1b
AB182878,1b
AB182877,1b
AB182876,1b
AB182875,1b
AB182874,1b
AB182873,1b
AB182872,1b
AB182871,1b
AB182892,1b
AB182893,1b
AB182895,1b
AB186425,1b
AB186424,1b
AB186423,1b
AB186422,1b
AB186421,1b
AB182909,1b
AB182908,1b
AB182907,1b
AB182906,1b
AB182905,1b
AB182904,1b
AB182903,1b
AB182902,1b
AB182901,1b
AB182900,1b
AB182899,1b
AB182898,1b
AB182897,1b
AB182896,1b
AB182894,1b
AB062185,1b
AB154184,1b
AB154182,1b
AB113426,1b
AB113425,1b
AB113424,1b
AB113423,1b
AB113422,1b
AB113421,1b
AB113420,1b
AB113419,1b
AB113418,1b
AB113416,1b
AB113415,1b
AB113414,1b
AB113413,1b
AB113412,1b
AB113411,1b
AB113410,1b
AB113409,1b
AB113408,1b
AB113407,1b
AB113406,1b
AB113427,1b
AB113405,1b
AB113428,1b
AB113430,1b
AB113451,1b
AB113450,1b
AB113449,1b
AB113448,1b
AB113447,1b
AB113446,1b
AB113445,1b
AB113444,1b
AB113443,1b
AB113442,1b
AB113441,1b
AB113440,1b
AB113439,1b
AB113438,1b
AB113437,1b
AB113436,1b
AB113435,1b
AB113434,1b
AB113433,1b
AB113432,1b
AB113431,1b
AB113429,1b
AB113452,1b
AB113404,1b
AB107946,1b
AB100818,1b
AB100817,1b
AB100816,1b
AB100815,1b
AB100814,1b
AB100813,1b
AB100812,1b
AB100811,1b
AB100810,1b
AB100809,1b
AB100808,1b
AB100806,1b
AB089583,1b
AB089582,1b
AB089580,1b
AB089579,1b
AB089578,1b
AB089577,1b
AB089576,1b
AB100819,1b
AB109543,1b
AB100820,1b
AB107945,1b
AB107944,1b
AB107943,1b
AB107942,1b
AB107941,1b
AB107940,1b
AB107939,1b
AB107938,1b
AB107934,1b
AB107932,1b
AB107931,1b
AB107930,1b
AB107929,1b
AB100829,1b
AB100828,1b
AB100827,1b
AB100826,1b
AB100825,1b
AB100824,1b
AB100823,1b
AB154183,1b
AB113453,1b
AB113455,1b
AB113526,1b
AB113525,1b
AB113524,1b
AB113523,1b
AB113522,1b
AB113521,1b
AB113520,1b
AB113519,1b
AB113518,1b
AB113517,1b
AB113516,1b
AB113515,1b
AB113514,1b
AB113513,1b
AB113512,1b
AB113511,1b
AB113510,1b
AB113509,1b
AB113508,1b
AB113507,1b
AB113506,1b
AB113527,1b
AB113505,1b
AB113528,1b
AB113530,1b
AB154181,1b
AB154180,1b
AB154179,1b
AB154178,1b
AB154177,1b
AB119282,1b
AB113545,1b
AB113544,1b
AB113543,1b
AB113542,1b
AB113541,1b
AB113540,1b
AB113539,1b
AB113538,1b
AB113537,1b
AB113536,1b
AB113535,1b
AB113534,1b
AB113533,1b
AB113532,1b
AB113531,1b
AB113529,1b
AB113454,1b
AB113504,1b
AB113502,1b
AB113476,1b
AB113475,1b
AB113473,1b
AB113471,1b
AB113470,1b
AB113469,1b
AB113467,1b
AB113466,1b
AB113465,1b
AB113464,1b
AB113463,1b
AB113462,1b
AB113461,1b
AB113460,1b
AB113459,1b
AB113458,1b
AB113457,1b
AB113456,1b
AB113477,1b
AB113503,1b
AB113478,1b
AB113480,1b
AB113501,1b
AB113500,1b
AB113499,1b
AB113498,1b
AB113497,1b
AB113496,1b
AB113495,1b
AB113494,1b
AB113493,1b
AB113492,1b
AB113491,1b
AB113490,1b
AB113489,1b
AB113488,1b
AB113487,1b
AB113486,1b
AB113485,1b
AB113484,1b
AB113483,1b
AB113482,1b
AB113481,1b
AB113479,1b
AB189083,1b
AB062182,1b
AB012480,1b
AB012479,1b
AB012478,1b
AB012477,1b
AB012476,1b
AB012474,1b
AB012473,1b
AB012472,1b
AB012469,1b
AB012468,1b
AB012467,1b
AB012466,1b
AB012465,1b
AB012464,1b
AB012463,1b
AB012470,1b
AB012482,1b
AB012483,1b
AB012484,1b
AB012505,1b
AB012499,1b
AB012497,1b
AB012496,1b
AB012495,1b
AB012494,1b
AB012493,1b
AB012492,1b
AB012490,1b
AB012489,1b
AB012488,1b
AB012487,1b
AB012485,1b
AB012460,1b
AB012457,1b
AB012431,1b
AB012430,1b
AB012429,1b
AB012428,1b
AB012427,1b
AB012426,1b
AB012425,1b
AB012424,1b
AB012419,1b
AB012418,1b
AB012417,1b
AB012416,1b
AB012415,1b
AB012411,1b
AB012432,1b
AB012435,1b
AB012456,1b
AB012455,1b
AB012454,1b
AB012453,1b
AB012452,1b
AB012451,1b
AB012450,1b
AB012449,1b
AB012448,1b
AB012445,1b
AB012442,1b
AB012438,1b
AB012434,1b
AB012508,1b
AB012509,1b
AB013646,1b
AB013645,1b
AB013644,1b
AB013643,1b
AB013642,1b
AB013641,1b
AB013640,1b
AB013639,1b
AB013638,1b
AB013637,1b
AB013636,1b
AB013635,1b
AB013634,1b
AB013633,1b
AB013632,1b
AB013631,1b
AB013630,1b
AB013629,1b
AB013628,1b
AB013627,1b
AB013626,1b
AB013647,1b
AB013625,1b
AB013648,1b
AB013650,1b
AB026854,1b
AB026853,1b
AB026852,1b
AB026851,1b
AB026850,1b
AB016785,1b
AB015732,1b
AB015731,1b
AB015730,1b
AB015326,1b
AB015325,1b
AB015324,1b
AB015323,1b
AB015322,1b
AB015321,1b
AB014490,1b
AB014489,1b
AB014488,1b
AB014487,1b
AB013651,1b
AB013649,1b
AB013624,1b
AB013622,1b
AB012530,1b
AB012529,1b
AB012528,1b
AB012526,1b
AB012523,1b
AB012522,1b
AB012521,1b
AB012520,1b
AB012516,1b
AB012515,1b
AB012514,1b
AB012513,1b
AB012510,1b
AB012531,1b
AB013623,1b
AB012532,1b
AB012534,1b
AB013621,1b
AB013620,1b
AB012684,1b
AB012683,1b
AB012682,1b
AB012681,1b
AB012680,1b
AB012679,1b
AB012678,1b
AB012677,1b
AB012676,1b
AB012675,1b
AB012674,1b
AB012673,1b
AB012672,1b
AB012671,1b
AB012670,1b
AB012669,1b
AB012408,1b
AB693855,1b
AB693856,1b
AB693857,1b
AB693858,1b
AB693859,1b
AB693860,1b
AB693861,1b
AB693862,1b
AB693863,1b
AB693864,1b
AB693865,1b
AB693866,1b
AB693867,1b
AB693868,1b
AB693869,1b
AB693870,1b
AB693871,1b
AB693872,1b
AB700211,1b
AB700212,1b
AB700213,1b
AB693854,1b
AB700214,1b
AB693853,1b
AB693851,1b
AB001398,1b
AB001396,1b
AB001395,1b
AB001394,1b
AB001393,1b
AB001392,1b
AB001391,1b
AB001390,1b
AB001040,1b
AB693839,1b
AB693840,1b
AB693841,1b
AB693842,1b
AB693843,1b
AB693844,1b
AB693845,1b
AB693846,1b
AB693847,1b
AB693848,1b
AB693849,1b
AB693850,1b
AB693852,1b
AB001399,1b
AB700215,1b
AB700217,1b
AB700243,1b
AB700244,1b
AB700245,1b
AB700246,1b
AB700247,1b
AB700248,1b
AB700249,1b
AB700250,1b
AB700251,1b
AB700252,1b
AB700253,1b
AB700254,1b
AB700255,1b
AB700256,1b
AB700257,1b
AB700258,1b
AB700259,1b
AB700260,1b
AB700261,1b
AB700262,1b
AB700263,1b
AB700242,1b
AB700216,1b
AB700241,1b
AB700239,1b
AB700218,1b
AB700219,1b
AB700220,1b
AB700221,1b
AB700222,1b
AB700223,1b
AB700224,1b
AB700225,1b
AB700226,1b
AB700227,1b
AB700228,1b
AB700229,1b
AB700230,1b
AB700231,1b
AB700232,1b
AB700233,1b
AB700234,1b
AB700235,1b
AB700236,1b
AB700237,1b
AB700238,1b
AB700240,1b
AB026855,1b
AB001400,1b
AB001402,1b
AB008436,1b
AB008435,1b
AB008434,1b
AB008433,1b
AB008094,1b
AB008093,1b
AB008092,1b
AB008091,1b
AB008090,1b
AB008088,1b
AB008087,1b
AB008085,1b
AB008084,1b
AB008083,1b
AB007717,1b
AB007716,1b
AB007715,1b
AB007714,1b
AB007713,1b
AB007712,1b
AB008437,1b
AB007711,1b
AB008438,1b
AB008440,1b
AB012406,1b
AB012403,1b
AB012402,1b
AB012401,1b
AB012400,1b
AB012399,1b
AB012398,1b
AB010250,1b
AB010249,1b
AB008448,1b
AB008447,1b
AB008446,1b
AB008445,1b
AB008444,1b
AB008443,1b
AB008442,1b
AB008441,1b
AB008439,1b
AB001401,1b
AB007710,1b
AB007708,1b
AB005695,1b
AB005694,1b
AB005693,1b
AB005692,1b
AB005691,1b
AB005690,1b
AB005689,1b
AB001416,1b
AB001415,1b
AB001414,1b
AB001413,1b
AB001412,1b
AB001411,1b
AB001410,1b
AB001409,1b
AB001408,1b
AB001407,1b
AB001406,1b
AB001405,1b
AB001404,1b
AB001403,1b
AB005696,1b
AB007709,1b
AB005697,1b
AB005699,1b
AB007707,1b
AB007706,1b
AB007705,1b
AB007704,1b
AB007703,1b
AB007702,1b
AB007701,1b
AB007700,1b
AB007699,1b
AB007698,1b
AB007697,1b
AB005716,1b
AB005715,1b
AB005714,1b
AB005713,1b
AB005712,1b
AB005711,1b
AB005710,1b
AB005709,1b
AB005708,1b
AB005707,1b
AB005698,1b
AB026856,1b
AB026857,1b
AB026858,1b
AB057705,1b
AB057704,1b
AB057703,1b
AB057702,1b
AB057701,1b
AB057700,1b
AB057699,1b
AB057698,1b
AB057697,1b
AB057696,1b
AB057695,1b
AB057694,1b
AB057693,1b
AB057692,1b
AB057691,1b
AB057690,1b
AB057689,1b
AB057688,1b
AB057687,1b
AB057686,1b
AB057685,1b
AB057706,1b
AB057684,1b
AB057707,1b
AB057709,1b
AB061935,1b
AB061934,1b
AB061932,1b
AB061931,1b
AB061930,1b
AB061929,1b
AB061928,1b
AB061927,1b
AB057721,1b
AB057720,1b
AB057719,1b
AB057718,1b
AB057717,1b
AB057716,1b
AB057715,1b
AB057714,1b
AB057713,1b
AB057712,1b
AB057711,1b
AB057710,1b
AB057708,1b
AB061936,1b
AB057683,1b
AB057681,1b
AB056533,1b
AB056532,1b
AB056531,1b
AB056530,1b
AB056529,1b
AB056528,1b
AB056527,1b
AB056526,1b
AB056525,1b
AB056524,1b
AB056523,1b
AB056522,1b
AB056521,1b
AB056520,1b
AB049101,1b
AB049100,1b
AB049099,1b
AB049098,1b
AB049097,1b
AB049096,1b
AB049095,1b
AB056534,1b
AB057682,1b
AB056535,1b
AB056537,1b
AB057680,1b
AB057679,1b
AB057616,1b
AB057615,1b
AB057614,1b
AB057613,1b
AB057612,1b
AB057611,1b
AB057610,1b
AB057609,1b
AB057608,1b
AB057607,1b
AB057606,1b
AB057605,1b
AB057604,1b
AB057603,1b
AB057602,1b
AB057601,1b
AB057600,1b
AB057599,1b
AB057598,1b
AB056536,1b
AB049094,1b
AB061937,1b
AB062010,1b
AB062009,1b
AB062008,1b
AB062007,1b
AB062006,1b
AB062005,1b
AB062004,1b
AB062003,1b
AB062001,1b
AB062000,1b
AB061999,1b
AB061998,1b
AB061997,1b
AB061996,1b
AB061995,1b
AB061994,1b
AB061992,1b
AB061991,1b
AB062011,1b
AB061989,1b
AB062012,1b
AB062014,1b
AB062180,1b
AB062179,1b
AB062176,1b
AB062175,1b
AB062026,1b
AB062025,1b
AB062024,1b
AB062023,1b
AB062022,1b
AB062021,1b
AB062020,1b
AB062019,1b
AB062018,1b
AB062017,1b
AB062016,1b
AB062015,1b
AB062013,1b
AB061938,1b
AB061988,1b
AB061986,1b
AB061959,1b
AB061956,1b
AB061954,1b
AB061953,1b
AB061952,1b
AB061951,1b
AB061949,1b
AB061948,1b
AB061947,1b
AB061945,1b
AB061944,1b
AB061943,1b
AB061941,1b
AB061987,1b
AB061962,1b
AB061964,1b
AB061985,1b
AB061984,1b
AB061983,1b
AB061981,1b
AB061979,1b
AB061978,1b
AB061977,1b
AB061976,1b
AB061974,1b
AB061971,1b
AB061969,1b
AB061967,1b
AB061966,1b
AB049093,1b
AB049091,1b
AB027670,1b
AB027669,1b
AB027668,1b
AB027667,1b
AB027666,1b
AB027665,1b
AB027664,1b
AB027663,1b
AB027662,1b
AB027661,1b
AB027660,1b
AB027659,1b
AB027658,1b
AB027657,1b
AB027656,1b
AB027654,1b
AB027653,1b
AB027652,1b
AB027651,1b
AB027650,1b
AB027671,1b
AB027649,1b
AB027672,1b
AB027674,1b
AB030164,1b
AB030163,1b
AB030162,1b
AB030161,1b
AB030160,1b
AB030159,1b
AB027689,1b
AB027688,1b
AB027687,1b
AB027686,1b
AB027685,1b
AB027684,1b
AB027683,1b
AB027682,1b
AB027681,1b
AB027680,1b
AB027679,1b
AB027678,1b
AB027677,1b
AB027676,1b
AB027675,1b
AB027673,1b
AB030165,1b
AB026879,1b
AB026878,1b
AB026876,1b
AB026874,1b
AB026873,1b
AB026872,1b
AB026871,1b
AB026870,1b
AB026869,1b
AB026868,1b
AB026867,1b
AB026866,1b
AB026864,1b
AB026862,1b
AB026860,1b
AB026859,1b
AB027647,1b
AB026881,1b
AB026883,1b
AB027644,1b
AB027642,1b
AB027640,1b
AB027639,1b
AB027638,1b
AB027635,1b
AB027634,1b
AB027633,1b
AB027632,1b
AB027631,1b
AB026888,1b
AB026887,1b
AB026886,1b
AB026885,1b
AB026884,1b
AB049092,1b
AB030166,1b
AB030168,1b
AB045014,1b
AB045013,1b
AB044743,1b
AB044742,1b
AB044741,1b
AB044740,1b
AB044739,1b
AB044738,1b
AB044737,1b
AB044736,1b
AB044735,1b
AB044734,1b
AB044733,1b
AB044732,1b
AB044728,1b
AB044727,1b
AB044726,1b
AB044725,1b
AB045015,1b
AB045016,1b
AB045018,1b
AB049090,1b
AB049089,1b
AB049088,1b
AB049087,1b
AB045035,1b
AB045034,1b
AB045033,1b
AB045032,1b
AB045031,1b
AB045030,1b
AB045029,1b
AB045028,1b
AB045027,1b
AB045026,1b
AB045025,1b
AB045024,1b
AB045023,1b
AB045022,1b
AB045021,1b
AB045020,1b
AB045019,1b
AB045017,1b
AB030167,1b
AB044723,1b
AB044721,1b
AB030993,1b
AB030992,1b
AB030991,1b
AB030990,1b
AB030989,1b
AB030984,1b
AB030983,1b
AB030982,1b
AB030981,1b
AB030978,1b
AB030977,1b
AB030972,1b
AB030971,1b
AB030969,1b
AB030962,1b
AB030959,1b
AB030173,1b
AB030172,1b
AB030171,1b
AB030170,1b
AB030169,1b
AB030994,1b
AB044722,1b
AF379098,1b
AB031322,1b
AB044720,1b
AB044715,1b
AB044714,1b
AB039877,1b
AB039875,1b
AB039874,1b
AB039873,1b
AB039872,1b
AB039871,1b
AB039870,1b
AB039869,1b
AB039866,1b
AB037249,1b
AB036521,1b
AB036520,1b
AB031001,1b
AB709541,1b
AB189084,1b
AB189086,1b
AB548100,1b
AB548099,1b
AB548098,1b
AB548097,1b
AB548096,1b
AB548095,1b
AB548094,1b
AB548093,1b
AB548092,1b
AB548101,1b
AB548091,1b
AB548089,1b
AB548088,1b
AB548087,1b
AB548086,1b
AB548085,1b
AB548084,1b
AB548083,1b
AB548082,1b
AB548081,1b
AB548090,1b
AB548102,1b
AB548103,1b
AB548104,1b
AB548125,1b
AB548124,1b
AB548123,1b
AB548122,1b
AB548121,1b
AB548120,1b
AB548119,1b
AB548118,1b
AB548117,1b
AB548116,1b
AB548115,1b
AB548114,1b
AB548113,1b
AB548112,1b
AB548111,1b
AB548110,1b
AB548109,1b
AB548108,1b
AB548107,1b
AB548106,1b
AB548105,1b
AB548080,1b
AB548079,1b
AB548078,1b
AB548077,1b
AB523987,1b
AB523986,1b
AB523985,1b
AB523984,1b
AB523983,1b
AB523982,1b
AB523981,1b
AB523980,1b
AB523979,1b
AB523978,1b
AB523977,1b
AB523976,1b
AB523975,1b
AB523974,1b
AB523973,1b
AB523972,1b
AB523971,1b
AB523970,1b
AB523969,1b
AB523968,1b
AB523967,1b
AB523988,1b
AB548126,1b
AB523989,1b
AB523991,1b
AB548076,1b
AB548075,1b
AB548074,1b
AB548073,1b
AB548072,1b
AB548071,1b
AB548070,1b
AB524005,1b
AB524004,1b
AB524003,1b
AB524002,1b
AB524001,1b
AB524000,1b
AB523999,1b
AB523998,1b
AB523997,1b
AB523996,1b
AB523995,1b
AB523994,1b
AB523993,1b
AB523992,1b
AB523990,1b
AB548127,1b
AB548128,1b
AB548129,1b
AB602034,1b
AB602033,1b
AB602032,1b
AB602031,1b
AB602030,1b
AB602029,1b
AB602028,1b
AB602027,1b
AB602026,1b
AB602025,1b
AB602024,1b
AB602023,1b
AB602022,1b
AB602021,1b
AB602020,1b
AB602019,1b
AB602018,1b
AB602017,1b
AB602016,1b
AB602015,1b
AB602014,1b
AB602035,1b
AB602013,1b
AB602036,1b
AB602038,1b
AB700274,1b
AB700273,1b
AB700272,1b
AB700271,1b
AB700270,1b
AB700269,1b
AB700268,1b
AB700267,1b
AB700266,1b
AB700265,1b
AB693836,1b
AB693835,1b
AB693834,1b
AB691953,1b
AB677532,1b
AB622121,1b
AB602043,1b
AB602042,1b
AB602041,1b
AB602040,1b
AB602039,1b
AB602037,1b
AB523966,1b
AB602012,1b
AB602010,1b
AB555538,1b
AB555537,1b
AB555536,1b
AB555535,1b
AB555534,1b
AB555533,1b
AB555532,1b
AB555531,1b
AB555530,1b
AB555528,1b
AB555527,1b
AB555526,1b
AB555525,1b
AB548137,1b
AB548136,1b
AB548135,1b
AB548134,1b
AB548133,1b
AB548132,1b
AB548131,1b
AB548130,1b
AB555540,1b
AB602011,1b
AB558135,1b
AB601988,1b
AB602009,1b
AB602008,1b
AB602007,1b
AB602006,1b
AB602005,1b
AB602004,1b
AB602003,1b
AB602002,1b
AB602001,1b
AB602000,1b
AB601999,1b
AB601998,1b
AB601997,1b
AB601996,1b
AB601995,1b
AB601994,1b
AB601993,1b
AB601992,1b
AB601991,1b
AB601990,1b
AB601989,1b
AB601987,1b
AB523965,1b
AB523964,1b
AB523963,1b
AB523063,1b
AB523060,1b
AB523053,1b
AB523048,1b
AB523045,1b
AB523040,1b
AB523037,1b
AB523035,1b
AB523025,1b
AB523023,1b
AB523014,1b
AB523012,1b
AB523010,1b
AB523005,1b
AB523003,1b
AB523000,1b
AB522996,1b
AB522993,1b
AB522985,1b
AB522984,1b
AB523064,1b
AB522972,1b
AB523079,1b
AB523197,1b
AB523195,1b
AB523191,1b
AB523185,1b
AB523184,1b
AB523181,1b
AB523166,1b
AB523157,1b
AB523155,1b
AB523149,1b
AB523141,1b
AB523120,1b
AB523116,1b
AB523115,1b
AB523108,1b
AB523104,1b
AB523097,1b
AB523096,1b
AB523093,1b
AB523087,1b
AB523084,1b
AB523074,1b
AB523199,1b
AB518861,1b
AB518859,1b
AB518833,1b
AB518832,1b
AB518831,1b
AB518830,1b
AB518829,1b
AB518828,1b
AB518827,1b
AB518826,1b
AB518825,1b
AB518824,1b
AB518823,1b
AB518822,1b
AB518821,1b
AB518820,1b
AB518819,1b
AB518818,1b
AB518817,1b
AB518816,1b
AB518815,1b
AB518814,1b
AB518813,1b
AB518834,1b
AB518860,1b
AB518835,1b
AB518837,1b
AB518858,1b
AB518857,1b
AB518856,1b
AB518855,1b
AB518854,1b
AB518853,1b
AB518852,1b
AB518851,1b
AB518850,1b
AB518849,1b
AB518848,1b
AB518847,1b
AB518846,1b
AB518845,1b
AB518844,1b
AB518843,1b
AB518842,1b
AB518841,1b
AB518840,1b
AB518839,1b
AB518838,1b
AB518836,1b
AB700275,1b
AB523206,1b
AB523214,1b
AB523937,1b
AB523936,1b
AB523935,1b
AB523934,1b
AB523933,1b
AB523932,1b
AB523931,1b
AB523930,1b
AB523929,1b
AB523928,1b
AB523927,1b
AB523926,1b
AB523925,1b
AB523924,1b
AB523923,1b
AB523922,1b
AB523921,1b
AB523920,1b
AB523919,1b
AB523918,1b
AB523917,1b
AB523916,1b
AB523939,1b
AB523941,1b
AB523962,1b
AB523961,1b
AB523960,1b
AB523959,1b
AB523958,1b
AB523957,1b
AB523956,1b
AB523955,1b
AB523954,1b
AB523953,1b
AB523952,1b
AB523951,1b
AB523950,1b
AB523949,1b
AB523948,1b
AB523947,1b
AB523946,1b
AB523945,1b
AB523944,1b
AB523942,1b
AB523940,1b
AB523208,1b
AB523915,1b
AB523913,1b
AB523296,1b
AB523294,1b
AB523288,1b
AB523284,1b
AB523276,1b
AB523271,1b
AB523260,1b
AB523256,1b
AB523255,1b
AB523252,1b
AB523246,1b
AB523244,1b
AB523242,1b
AB523240,1b
AB523237,1b
AB523233,1b
AB523230,1b
AB523223,1b
AB523222,1b
AB523221,1b
AB523297,1b
AB523914,1b
AB523304,1b
AB523912,1b
AB523911,1b
AB523910,1b
AB523909,1b
AB523908,1b
AB523907,1b
AB523906,1b
AB523905,1b
AB523904,1b
AB523903,1b
AB523354,1b
AB523353,1b
AB523351,1b
AB523348,1b
AB523347,1b
AB523343,1b
AB523340,1b
AB523337,1b
AB523331,1b
AB523324,1b
AB523313,1b
AB523309,1b
AB700276,1b
AB700277,1b
AB700278,1b
AB709414,1b
AB709413,1b
AB709412,1b
AB709411,1b
AB709410,1b
AB709409,1b
AB709408,1b
AB709407,1b
AB709406,1b
AB709405,1b
AB709404,1b
AB709403,1b
AB709402,1b
AB709401,1b
AB709400,1b
AB709399,1b
AB709398,1b
AB709397,1b
AB709396,1b
AB709395,1b
AB709394,1b
AB709415,1b
AB709393,1b
AB709416,1b
AB709418,1b
AB709439,1b
AB709438,1b
AB709437,1b
AB709436,1b
AB709435,1b
AB709434,1b
AB709433,1b
AB709432,1b
AB709431,1b
AB709430,1b
AB709429,1b
AB709428,1b
AB709427,1b
AB709426,1b
AB709425,1b
AB709424,1b
AB709423,1b
AB709422,1b
AB709421,1b
AB709420,1b
AB709419,1b
AB709417,1b
AB709440,1b
AB709392,1b
AB709390,1b
AB709364,1b
AB709363,1b
AB709362,1b
AB709361,1b
AB709360,1b
AB709359,1b
AB709358,1b
AB709357,1b
AB709356,1b
AB709355,1b
AB709354,1b
AB709353,1b
AB709352,1b
AB709351,1b
AB709350,1b
AB709349,1b
AB709348,1b
AB709347,1b
AB709346,1b
AB709345,1b
AB709344,1b
AB709365,1b
AB709391,1b
AB709366,1b
AB709368,1b
AB709389,1b
AB709388,1b
AB709387,1b
AB709386,1b
AB709385,1b
AB709384,1b
AB709383,1b
AB709382,1b
AB709381,1b
AB709380,1b
AB709379,1b
AB709378,1b
AB709377,1b
AB709376,1b
AB709375,1b
AB709374,1b
AB709373,1b
AB709372,1b
AB709371,1b
AB709370,1b
AB709369,1b
AB709367,1b
AB709343,1b
AB709441,1b
AB709443,1b
AB709514,1b
AB709513,1b
AB709512,1b
AB709511,1b
AB709510,1b
AB709509,1b
AB709508,1b
AB709507,1b
AB709506,1b
AB709505,1b
AB709504,1b
AB709503,1b
AB709502,1b
AB709501,1b
AB709500,1b
AB709499,1b
AB709498,1b
AB709497,1b
AB709496,1b
AB709495,1b
AB709494,1b
AB709515,1b
AB709493,1b
AB709516,1b
AB709518,1b
AB709539,1b
AB709538,1b
AB709537,1b
AB709536,1b
AB709535,1b
AB709534,1b
AB709533,1b
AB709532,1b
AB709531,1b
AB709530,1b
AB709529,1b
AB709528,1b
AB709527,1b
AB709526,1b
AB709525,1b
AB709524,1b
AB709523,1b
AB709522,1b
AB709521,1b
AB709520,1b
AB709519,1b
AB709517,1b
AB709442,1b
AB709492,1b
AB709490,1b
AB709464,1b
AB709463,1b
AB709462,1b
AB709461,1b
AB709460,1b
AB709459,1b
AB709458,1b
AB709457,1b
AB709456,1b
AB709455,1b
AB709454,1b
AB709453,1b
AB709452,1b
AB709451,1b
AB709450,1b
AB709449,1b
AB709448,1b
AB709447,1b
AB709446,1b
AB709445,1b
AB709444,1b
AB709465,1b
AB709491,1b
AB709466,1b
AB709468,1b
AB709489,1b
AB709488,1b
AB709487,1b
AB709486,1b
AB709485,1b
AB709484,1b
AB709483,1b
AB709482,1b
AB709481,1b
AB709480,1b
AB709479,1b
AB709478,1b
AB709477,1b
AB709476,1b
AB709475,1b
AB709474,1b
AB709473,1b
AB709472,1b
AB709471,1b
AB709470,1b
AB709469,1b
AB709467,1b
AB518812,1b
AB709342,1b
AB709340,1b
AB705333,1b
AB705331,1b
AB705330,1b
AB705328,1b
AB705327,1b
AB705326,1b
AB705325,1b
AB705324,1b
AB705317,1b
AB700340,1b
AB700339,1b
AB700338,1b
AB700337,1b
AB700336,1b
AB700335,1b
AB700334,1b
AB700333,1b
AB700332,1b
AB700331,1b
AB700330,1b
AB700329,1b
AB705340,1b
AB700328,1b
AB705341,1b
AB705343,1b
AB705390,1b
AB705389,1b
AB705388,1b
AB705386,1b
AB705383,1b
AB705381,1b
AB705380,1b
AB705374,1b
AB705366,1b
AB705364,1b
AB705363,1b
AB705362,1b
AB705361,1b
AB705357,1b
AB705354,1b
AB705353,1b
AB705352,1b
AB705350,1b
AB705349,1b
AB705348,1b
AB705344,1b
AB705342,1b
AB705391,1b
AB700327,1b
AB700325,1b
AB700299,1b
AB700298,1b
AB700297,1b
AB700296,1b
AB700295,1b
AB700294,1b
AB700293,1b
AB700292,1b
AB700291,1b
AB700290,1b
AB700289,1b
AB700288,1b
AB700287,1b
AB700286,1b
AB700285,1b
AB700284,1b
AB700283,1b
AB700282,1b
AB700281,1b
AB700280,1b
AB700279,1b
AB700300,1b
AB700326,1b
AB700301,1b
AB700303,1b
AB700324,1b
AB700323,1b
AB700322,1b
AB700321,1b
AB700320,1b
AB700319,1b
AB700318,1b
AB700317,1b
AB700316,1b
AB700315,1b
AB700314,1b
AB700313,1b
AB700312,1b
AB700311,1b
AB700310,1b
AB700309,1b
AB700308,1b
AB700307,1b
AB700306,1b
AB700305,1b
AB700304,1b
AB700302,1b
AB709341,1b
AB709241,1b
AB709243,1b
AB709314,1b
AB709313,1b
AB709312,1b
AB709311,1b
AB709310,1b
AB709309,1b
AB709308,1b
AB709307,1b
AB709306,1b
AB709305,1b
AB709304,1b
AB709303,1b
AB709302,1b
AB709301,1b
AB709300,1b
AB709299,1b
AB709298,1b
AB709297,1b
AB709296,1b
AB709295,1b
AB709294,1b
AB709315,1b
AB709293,1b
AB709316,1b
AB709318,1b
AB709339,1b
AB709338,1b
AB709337,1b
AB709336,1b
AB709335,1b
AB709334,1b
AB709333,1b
AB709332,1b
AB709331,1b
AB709330,1b
AB709329,1b
AB709328,1b
AB709327,1b
AB709326,1b
AB709325,1b
AB709324,1b
AB709323,1b
AB709322,1b
AB709321,1b
AB709320,1b
AB709319,1b
AB709317,1b
AB709242,1b
AB709292,1b
AB709290,1b
AB709264,1b
AB709263,1b
AB709262,1b
AB709261,1b
AB709260,1b
AB709259,1b
AB709258,1b
AB709257,1b
AB709256,1b
AB709255,1b
AB709254,1b
AB709253,1b
AB709252,1b
AB709251,1b
AB709250,1b
AB709249,1b
AB709248,1b
AB709247,1b
AB709246,1b
AB709245,1b
AB709244,1b
AB709265,1b
AB709291,1b
AB709266,1b
AB709268,1b
AB709289,1b
AB709288,1b
AB709287,1b
AB709286,1b
AB709285,1b
AB709284,1b
AB709283,1b
AB709282,1b
AB709281,1b
AB709280,1b
AB709279,1b
AB709278,1b
AB709277,1b
AB709276,1b
AB709275,1b
AB709274,1b
AB709273,1b
AB709272,1b
AB709271,1b
AB709270,1b
AB709269,1b
AB709267,1b
AB189085,1b
AB518811,1b
AB518809,1b
AB306338,1b
AB306334,1b
AB306333,1b
AB301764,1b
AB301763,1b
AB301762,1b
AB301761,1b
AB301760,1b
AB301759,1b
AB306345,1b
AB301758,1b
AB301756,1b
AB301755,1b
AB301754,1b
AB301753,1b
AB301752,1b
AB301751,1b
AB301750,1b
AB301749,1b
AB301748,1b
AB301757,1b
AB306350,1b
AB306357,1b
AB306360,1b
AB327049,1b
AB327048,1b
AB327047,1b
AB327046,1b
AB327045,1b
AB327018,1b
AB327017,1b
AB327016,1b
AB327015,1b
AB327014,1b
AB327013,1b
AB327012,1b
AB327011,1b
AB327010,1b
AB306404,1b
AB306395,1b
AB306382,1b
AB306374,1b
AB306373,1b
AB306372,1b
AB306367,1b
AB301747,1b
AB301746,1b
AB301745,1b
AB301744,1b
AB295153,1b
AB295152,1b
AB295151,1b
AB295150,1b
AB295149,1b
AB295148,1b
AB295147,1b
AB295146,1b
AB295145,1b
AB295144,1b
AB295143,1b
AB295142,1b
AB295141,1b
AB295140,1b
AB295139,1b
AB295138,1b
AB295137,1b
AB295136,1b
AB295135,1b
AB295134,1b
AB295133,1b
AB295154,1b
AB327050,1b
AB295155,1b
AB295157,1b
AB295178,1b
AB295177,1b
AB295176,1b
AB295175,1b
AB295174,1b
AB295173,1b
AB295172,1b
AB295171,1b
AB295170,1b
AB295169,1b
AB295168,1b
AB295167,1b
AB295166,1b
AB295165,1b
AB295164,1b
AB295163,1b
AB295162,1b
AB295161,1b
AB295160,1b
AB295159,1b
AB295158,1b
AB295156,1b
AB327051,1b
AB327052,1b
AB327053,1b
AB354118,1b
AB354117,1b
AB354116,1b
AB330365,1b
AB330364,1b
AB330363,1b
AB330362,1b
AB330361,1b
AB330357,1b
AB330354,1b
AB330353,1b
AB330352,1b
AB330351,1b
AB330350,1b
AB330349,1b
AB330348,1b
AB330347,1b
AB330346,1b
AB330345,1b
AB330344,1b
AB330343,1b
AB426117,1b
AB330342,1b
AB429050,1b
AB433271,1b
AB440812,1b
AB440811,1b
AB440810,1b
AB440809,1b
AB440808,1b
AB435162,1b
AB433272,1b
AB433270,1b
AB295132,1b
AB330341,1b
AB330339,1b
AB327155,1b
AB327154,1b
AB327153,1b
AB327152,1b
AB327135,1b
AB327134,1b
AB327133,1b
AB327132,1b
AB327122,1b
AB327121,1b
AB327120,1b
AB327119,1b
AB327118,1b
AB327117,1b
AB327116,1b
AB327059,1b
AB327058,1b
AB327057,1b
AB327056,1b
AB327055,1b
AB327054,1b
AB327156,1b
AB330340,1b
AB327157,1b
AB327159,1b
AB330337,1b
AB330335,1b
AB330333,1b
AB330332,1b
AB330331,1b
AB330330,1b
AB330329,1b
AB330328,1b
AB330327,1b
AB330326,1b
AB330325,1b
AB330324,1b
AB330323,1b
AB330322,1b
AB330321,1b
AB330320,1b
AB330319,1b
AB330318,1b
AB330317,1b
AB330315,1b
AB330313,1b
AB327158,1b
AB295131,1b
AB295130,1b
AB295129,1b
AB207767,1b
AB207766,1b
AB204624,1b
AB204623,1b
AB204622,1b
AB204621,1b
AB204620,1b
AB204619,1b
AB204618,1b
AB204617,1b
AB204616,1b
AB204615,1b
AB204614,1b
AB204613,1b
AB204612,1b
AB204611,1b
AB204610,1b
AB204609,1b
AB204608,1b
AB207768,1b
AB204607,1b
AB207769,1b
AB207771,1b
AB207792,1b
AB207790,1b
AB207789,1b
AB207788,1b
AB207787,1b
AB207786,1b
AB207785,1b
AB207784,1b
AB207783,1b
AB207782,1b
AB207781,1b
AB207780,1b
AB207779,1b
AB207778,1b
AB207777,1b
AB207776,1b
AB207775,1b
AB207774,1b
AB207773,1b
AB207772,1b
AB207770,1b
AB207793,1b
AB204606,1b
AB204604,1b
AB189107,1b
AB189106,1b
AB189105,1b
AB189104,1b
AB189103,1b
AB189102,1b
AB189101,1b
AB189100,1b
AB189099,1b
AB189098,1b
AB189097,1b
AB189096,1b
AB189095,1b
AB189094,1b
AB189093,1b
AB189092,1b
AB189091,1b
AB189090,1b
AB189089,1b
AB189088,1b
AB189087,1b
AB189108,1b
AB204605,1b
AB189109,1b
AB189111,1b
AB204603,1b
AB204602,1b
AB204601,1b
AB204600,1b
AB204599,1b
AB204598,1b
AB204597,1b
AB204596,1b
AB204595,1b
AB204594,1b
AB204593,1b
AB204592,1b
AB191333,1b
AB189119,1b
AB189118,1b
AB189117,1b
AB189116,1b
AB189115,1b
AB189114,1b
AB189113,1b
AB189112,1b
AB189110,1b
AB207794,1b
AB207796,1b
AB285077,1b
AB285076,1b
AB285075,1b
AB285074,1b
AB285073,1b
AB285072,1b
AB285071,1b
AB285070,1b
AB285069,1b
AB285068,1b
AB285067,1b
AB285066,1b
AB285065,1b
AB285064,1b
AB285063,1b
AB285062,1b
AB285061,1b
AB285060,1b
AB285059,1b
AB285058,1b
AB285057,1b
AB285078,1b
AB285056,1b
AB285079,1b
AB285081,1b
AB295128,1b
AB295127,1b
AB295126,1b
AB295125,1b
AB295124,1b
AB295123,1b
AB295122,1b
AB295121,1b
AB295120,1b
AB295119,1b
AB291028,1b
AB291024,1b
AB291019,1b
AB291015,1b
AB291014,1b
AB291012,1b
AB291002,1b
AB287344,1b
AB287339,1b
AB287336,1b
AB287335,1b
AB285080,1b
AB207795,1b
AB285055,1b
AB285053,1b
AB281421,1b
AB281419,1b
AB281404,1b
AB281398,1b
AB281393,1b
AB281389,1b
AB281377,1b
AB281372,1b
AB281371,1b
AB281368,1b
AB269352,1b
AB269351,1b
AB269350,1b
AB250154,1b
AB250153,1b
AB249644,1b
AB207801,1b
AB207800,1b
AB207799,1b
AB207798,1b
AB207797,1b
AB284195,1b
AB285054,1b
AB284205,1b
AB284229,1b
AB285052,1b
AB285051,1b
AB285050,1b
AB285049,1b
AB285048,1b
AB285047,1b
AB285046,1b
AB285045,1b
AB285044,1b
AB285043,1b
AB285042,1b
AB285041,1b
AB285040,1b
AB285039,1b
AB285038,1b
AB285037,1b
AB285036,1b
AB285035,1b
AB284250,1b
AB284243,1b
AB284231,1b
AB284225,1b
AB488543,1b
AB488540,1b
AB488536,1b
AB488535,1b
AB488534,1b
AB488531,1b
AB488530,1b
AB488528,1b
AB488527,1b
AB488526,1b
AB488525,1b
AB488522,1b
AB488547,1b
AB492196,1b
AB492195,1b
AB492194,1b
AB492193,1b
AB492192,1b
AB492191,1b
AB492190,1b
AB492189,1b
AB492188,1b
AB492187,1b
AB492186,1b
AB492185,1b
AB492184,1b
AB492183,1b
AB492182,1b
AB492181,1b
AB488551,1b
AB492197,1b
AB488521,1b
AB488519,1b
AB461377,1b
AB461376,1b
AB461375,1b
AB461374,1b
AB444476,1b
AB442222,1b
AB442221,1b
AB442220,1b
AB442219,1b
AB441027,1b
AB441026,1b
AB441025,1b
AB441024,1b
AB441023,1b
AB441022,1b
AB461378,1b
AB488520,1b
AB461379,1b
AB461381,1b
AB488518,1b
AB488517,1b
AB488516,1b
AB488515,1b
AB488514,1b
AB488513,1b
AB488512,1b
AB488511,1b
AB472189,1b
AB472188,1b
AB472187,1b
AB472186,1b
AB472184,1b
AB472179,1b
AB472174,1b
AB472155,1b
AB472150,1b
AB472149,1b
AB461384,1b
AB461383,1b
AB461382,1b
AB461380,1b
AB492198,1b
AB492200,1b
AB518783,1b
AB518782,1b
AB518781,1b
AB518780,1b
AB518779,1b
AB518778,1b
AB518777,1b
AB518776,1b
AB518775,1b
AB518774,1b
AB517024,1b
AB517023,1b
AB517022,1b
AB517021,1b
AB517020,1b
AB517019,1b
AB517018,1b
AB517017,1b
AB517016,1b
AB517015,1b
AB517014,1b
AB518784,1b
AB517013,1b
AB518785,1b
AB518787,1b
AB518808,1b
AB518807,1b
AB518806,1b
AB518805,1b
AB518804,1b
AB518803,1b
AB518802,1b
AB518801,1b
AB518800,1b
AB518799,1b
AB518798,1b
AB518797,1b
AB518796,1b
AB518795,1b
AB518794,1b
AB518793,1b
AB518792,1b
AB518791,1b
AB518790,1b
AB518789,1b
AB518788,1b
AB518786,1b
AB492199,1b
AB517012,1b
AB517010,1b
AB492221,1b
AB492220,1b
AB492219,1b
AB492218,1b
AB492217,1b
AB492216,1b
AB492214,1b
AB492213,1b
AB492212,1b
AB492211,1b
AB492210,1b
AB492209,1b
AB492208,1b
AB492207,1b
AB492206,1b
AB492205,1b
AB492204,1b
AB492203,1b
AB492202,1b
AB492201,1b
AB492222,1b
AB517011,1b
AB492223,1b
AB492225,1b
AB517009,1b
AB517008,1b
AB517004,1b
AB517000,1b
AB516999,1b
AB492235,1b
AB492234,1b
AB492233,1b
AB492232,1b
AB492231,1b
AB492230,1b
AB492229,1b
AB492228,1b
AB492227,1b
AB492226,1b
AB492224,1b
AB518810,1b
AB440883,1b
AB440900,1b
AB440864,1b
AB440987,1b
AB440986,1b
AB440985,1b
AB440984,1b
AB440983,1b
AB440982,1b
AB440981,1b
AB440980,1b
AB440973,1b
AB440972,1b
AB440971,1b
AB440970,1b
AB440988,1b
AB440989,1b
AB440991,1b
AB441009,1b
AB441008,1b
AB441007,1b
AB441006,1b
AB441005,1b
AB441004,1b
AB441003,1b
AB440990,1b
AB440937,1b
AB440936,1b
AB440935,1b
AB440934,1b
AB440933,1b
AB440932,1b
AB440955,1b
AB440954,1b
AB440951,1b
AB440950,1b
AF379099,1b
AF379101,1b
AJ247959,1b
AJ247961,1b
AJ247963,1b
AJ247965,1b
AJ247967,1b
AJ247968,1b
AJ247969,1b
AJ247970,1b
AJ247972,1b
AJ247973,1b
AJ247974,1b
AJ247977,1b
AJ247978,1b
AJ247979,1b
AJ247980,1b
AJ247981,1b
AJ247982,1b
AJ247971,1b
AJ247957,1b
AJ247955,1b
AJ247931,1b
AJ247932,1b
AJ247933,1b
AJ247934,1b
AJ247935,1b
AJ247937,1b
AJ247939,1b
AJ247940,1b
AJ247941,1b
AJ247944,1b
AJ247945,1b
AJ247946,1b
AJ247947,1b
AJ247949,1b
AJ247950,1b
AJ247952,1b
AJ247953,1b
AJ247930,1b
AJ247984,1b
AJ248015,1b
AJ248016,1b
AJ248017,1b
AJ248018,1b
AJ248019,1b
AJ248020,1b
AJ248021,1b
AJ248022,1b
AJ248023,1b
AJ248024,1b
AJ248014,1b
AJ248026,1b
AJ248028,1b
AJ248029,1b
AJ248030,1b
AJ248032,1b
AJ248033,1b
AJ248034,1b
AJ248035,1b
AJ248036,1b
AJ248037,1b
AJ248038,1b
AJ248027,1b
AJ248011,1b
AJ247987,1b
AJ247988,1b
AJ247989,1b
AJ247991,1b
AJ247992,1b
AJ247993,1b
AJ247994,1b
AJ247995,1b
AJ247997,1b
AJ248012,1b
AJ247998,1b
AJ248000,1b
AJ248001,1b
AJ248003,1b
AJ248004,1b
AJ248005,1b
AJ248006,1b
AJ248007,1b
AJ248008,1b
AJ248009,1b
AJ248010,1b
AJ247928,1b
AJ247846,1b
AJ247847,1b
AJ247848,1b
AJ247849,1b
AJ247850,1b
AJ247852,1b
AJ247853,1b
AJ247854,1b
AJ247845,1b
AJ247859,1b
AJ247860,1b
AJ247862,1b
AJ247863,1b
AJ247864,1b
AJ247865,1b
AJ247867,1b
AJ247868,1b
AJ247869,1b
AJ247858,1b
AJ247870,1b
AJ247844,1b
AJ247842,1b
AJ247818,1b
AJ247819,1b
AJ247820,1b
AJ247821,1b
AJ247822,1b
AJ247823,1b
AJ247824,1b
AJ247825,1b
AJ247826,1b
AJ247827,1b
AJ247828,1b
AJ247829,1b
AJ247831,1b
AJ247833,1b
AJ247834,1b
AJ247836,1b
AJ247837,1b
AJ247841,1b
AJ247830,1b
AJ247871,1b
AJ247872,1b
AJ247903,1b
AJ247904,1b
AJ247905,1b
AJ247906,1b
AJ247907,1b
AJ247908,1b
AJ247909,1b
AJ247910,1b
AJ247911,1b
AJ247912,1b
AJ247913,1b
AJ247902,1b
AJ247914,1b
AJ247916,1b
AJ247917,1b
AJ247918,1b
AJ247919,1b
AJ247921,1b
AJ247922,1b
AJ247923,1b
AJ247924,1b
AJ247925,1b
AJ247915,1b
AJ247901,1b
AJ247874,1b
AJ247875,1b
AJ247877,1b
AJ247879,1b
AJ247880,1b
AJ247881,1b
AJ247882,1b
AJ247883,1b
AJ247884,1b
AJ247885,1b
AJ247887,1b
AJ247888,1b
AJ247889,1b
AJ247890,1b
AJ247891,1b
AJ247893,1b
AJ247894,1b
AJ247895,1b
AJ247896,1b
AJ247897,1b
AJ247898,1b
AJ248039,1b
AJ248040,1b
AJ248041,1b
AJ248184,1b
AJ248185,1b
AJ248186,1b
AJ248189,1b
AJ248190,1b
AJ248192,1b
AJ248193,1b
AJ248183,1b
AJ248195,1b
AJ289087,1b
AJ289088,1b
AJ289089,1b
AJ289090,1b
AJ289091,1b
AJ289092,1b
AJ289093,1b
AJ289094,1b
AJ289095,1b
AJ289096,1b
AJ289097,1b
AJ289098,1b
AJ248156,1b
AJ248157,1b
AJ248158,1b
AJ248160,1b
AJ248166,1b
AJ248172,1b
AJ248175,1b
AJ289099,1b
AJ289100,1b
AJ289101,1b
AJ303229,1b
AJ303230,1b
AJ303232,1b
AJ303233,1b
AJ303234,1b
AJ303237,1b
AJ303238,1b
AJ303239,1b
AJ303240,1b
AJ303245,1b
AJ303246,1b
AJ303247,1b
AJ303248,1b
AJ303250,1b
AJ303225,1b
AJ291248,1b
AJ291273,1b
AJ291456,1b
AJ291457,1b
AJ291458,1b
AJ303206,1b
AJ303208,1b
AJ303209,1b
AJ303210,1b
AJ303211,1b
AJ303212,1b
AJ303213,1b
AJ303214,1b
AJ303215,1b
AJ303216,1b
AJ303217,1b
AJ303218,1b
AJ303219,1b
AJ303220,1b
AJ303221,1b
AJ303222,1b
AJ303224,1b
AJ248155,1b
AJ247817,1b
AJ248152,1b
AJ248071,1b
AJ248072,1b
AJ248073,1b
AJ248074,1b
AJ248075,1b
AJ248076,1b
AJ248078,1b
AJ248079,1b
AJ248080,1b
AJ248081,1b
AJ248082,1b
AJ248084,1b
AJ248088,1b
AJ248090,1b
AJ248092,1b
AJ248093,1b
AJ248083,1b
AJ248069,1b
AJ248067,1b
AJ248043,1b
AJ248044,1b
AJ248045,1b
AJ248046,1b
AJ248047,1b
AJ248048,1b
AJ248049,1b
AJ248050,1b
AJ248051,1b
AJ248053,1b
AJ248057,1b
AJ248058,1b
AJ248059,1b
AJ248060,1b
AJ248062,1b
AJ248063,1b
AJ248064,1b
AJ248065,1b
AJ248066,1b
AJ248096,1b
AJ248097,1b
AJ248128,1b
AJ248129,1b
AJ248130,1b
AJ248131,1b
AJ248132,1b
AJ248134,1b
AJ248135,1b
AJ248136,1b
AJ248137,1b
AJ248138,1b
AJ248127,1b
AJ248139,1b
AJ248141,1b
AJ248142,1b
AJ248145,1b
AJ248146,1b
AJ248147,1b
AJ248148,1b
AJ248151,1b
AJ248140,1b
AJ248126,1b
AJ248125,1b
AJ248124,1b
AJ248100,1b
AJ248101,1b
AJ248102,1b
AJ248103,1b
AJ248104,1b
AJ248105,1b
AJ248108,1b
AJ248109,1b
AJ248110,1b
AJ248112,1b
AJ248117,1b
AJ248118,1b
AJ248123,1b
AJ248153,1b
AJ303253,1b
AJ247816,1b
AJ247814,1b
AF522316,1b
AF522317,1b
AF522318,1b
AF522319,1b
AF522320,1b
AF525887,1b
AF525888,1b
AF525889,1b
AF525890,1b
AF525891,1b
AF525892,1b
AF522315,1b
AF525893,1b
AF531454,1b
AF531455,1b
AF547585,1b
AF547586,1b
AF547587,1b
AF547588,1b
AF547589,1b
AF547590,1b
AF547591,1b
AF547592,1b
AF547593,1b
AF525894,1b
AF547594,1b
AF522314,1b
AF522312,1b
AF516039,1b
AF516040,1b
AF516041,1b
AF516052,1b
AF516059,1b
AF516060,1b
AF516061,1b
AF516062,1b
AF516064,1b
AF516065,1b
AF516066,1b
AF522313,1b
AF522299,1b
AF522301,1b
AF522302,1b
AF522303,1b
AF522304,1b
AF522305,1b
AF522306,1b
AF522307,1b
AF522308,1b
AF522309,1b
AF522310,1b
AF522311,1b
AF522300,1b
AF516038,1b
AF547595,1b
AF547597,1b
AJ006328,1b
AJ006329,1b
AJ006330,1b
AJ006332,1b
AJ006334,1b
AJ006335,1b
AJ006336,1b
AJ007975,1b
AJ007977,1b
AJ007978,1b
AJ006321,1b
AJ007979,1b
AJ007981,1b
AJ007982,1b
AJ007984,1b
AJ007985,1b
AJ132996,1b
AJ132997,1b
AJ133096,1b
AJ222921,1b
AJ222922,1b
AJ222923,1b
AJ007980,1b
AF547596,1b
AJ006315,1b
AJ006313,1b
AF547598,1b
AF547599,1b
AF547600,1b
AF547601,1b
AF547602,1b
AF547603,1b
AF547604,1b
AF547605,1b
AF547606,1b
AF547607,1b
AF547608,1b
AJ006314,1b
AF547609,1b
AF547611,1b
AF547612,1b
AF547613,1b
AF547614,1b
AF547615,1b
AF547616,1b
AF547617,1b
AF547619,1b
AJ000009,1b
AJ006312,1b
AF547610,1b
AF516037,1b
AF516035,1b
AF516021,1b
AF515855,1b
AF515856,1b
AF515857,1b
AF515858,1b
AF515873,1b
AF515874,1b
AF515877,1b
AF515878,1b
AF515879,1b
AF515880,1b
AF515881,1b
AF515854,1b
AF515882,1b
AF515884,1b
AF515885,1b
AF515888,1b
AF515889,1b
AF515890,1b
AF515891,1b
AF515892,1b
AF515893,1b
AF515894,1b
AF515895,1b
AF515896,1b
AF515883,1b
AF515897,1b
AF515853,1b
AF511914,1b
AF511842,1b
AF511843,1b
AF511844,1b
AF511845,1b
AF511846,1b
AF511847,1b
AF511848,1b
AF511849,1b
AF511850,1b
AF511851,1b
AF511852,1b
AF511915,1b
AF511853,1b
AF511855,1b
AF511856,1b
AF511857,1b
AF511858,1b
AF511859,1b
AF511908,1b
AF511909,1b
AF511910,1b
AF511911,1b
AF511912,1b
AF511913,1b
AF511854,1b
AF515899,1b
AF515901,1b
AF515902,1b
AF515988,1b
AF515989,1b
AF515990,1b
AF515991,1b
AF515992,1b
AF515993,1b
AF515994,1b
AF515997,1b
AF515998,1b
AF515999,1b
AF516000,1b
AF515987,1b
AF516001,1b
AF516003,1b
AF516004,1b
AF516005,1b
AF516006,1b
AF516008,1b
AF516010,1b
AF516011,1b
AF516012,1b
AF516013,1b
AF516015,1b
AF516020,1b
AF516002,1b
AF515986,1b
AF515983,1b
AF515982,1b
AF515903,1b
AF515904,1b
AF515906,1b
AF515911,1b
AF515912,1b
AF515926,1b
AF515928,1b
AF515929,1b
AF515930,1b
AF515931,1b
AF515932,1b
AF515943,1b
AF515950,1b
AF515951,1b
AF515952,1b
AF515953,1b
AF515955,1b
AF515956,1b
AF515957,1b
AF515962,1b
AF515963,1b
AF515964,1b
AF515965,1b
AF515966,1b
AF515967,1b
AJ222924,1b
AJ222926,1b
AJ222927,1b
AJ247733,1b
AJ247738,1b
AJ247740,1b
AJ247741,1b
AJ247742,1b
AJ247746,1b
AJ247747,1b
AJ247748,1b
AJ247749,1b
AJ247750,1b
AJ247751,1b
AJ247752,1b
AJ247753,1b
AJ247754,1b
AJ247756,1b
AJ247745,1b
AJ247729,1b
AJ247705,1b
AJ247706,1b
AJ247707,1b
AJ247708,1b
AJ247709,1b
AJ247710,1b
AJ247711,1b
AJ247712,1b
AJ247713,1b
AJ247716,1b
AJ247719,1b
AJ247720,1b
AJ247721,1b
AJ247722,1b
AJ247723,1b
AJ247724,1b
AJ247725,1b
AJ247728,1b
AJ247717,1b
AJ247758,1b
AJ247759,1b
AJ247760,1b
AJ247791,1b
AJ247792,1b
AJ247793,1b
AJ247794,1b
AJ247795,1b
AJ247796,1b
AJ247797,1b
AJ247798,1b
AJ247799,1b
AJ247800,1b
AJ247789,1b
AJ247805,1b
AJ247806,1b
AJ247809,1b
AJ247811,1b
AJ247813,1b
AJ247787,1b
AJ247786,1b
AJ247761,1b
AJ247764,1b
AJ247765,1b
AJ247766,1b
AJ247767,1b
AJ247769,1b
AJ247771,1b
AJ247772,1b
AJ247773,1b
AJ247774,1b
AJ247775,1b
AJ247776,1b
AJ247777,1b
AJ247778,1b
AJ247779,1b
AJ247780,1b
AJ247781,1b
AJ247782,1b
AJ247783,1b
AJ247785,1b
AJ247704,1b
AJ247703,1b
AJ247701,1b
AJ222956,1b
AJ222957,1b
AJ222958,1b
AJ222959,1b
AJ222960,1b
AJ222961,1b
AJ222962,1b
AJ222963,1b
AJ222964,1b
AJ225271,1b
AJ225272,1b
AJ222955,1b
AJ225273,1b
AJ225275,1b
AJ225276,1b
AJ225277,1b
AJ225278,1b
AJ225280,1b
AJ225281,1b
AJ225282,1b
AJ225283,1b
AJ225284,1b
AJ225285,1b
AJ225274,1b
AJ231469,1b
AJ222954,1b
AJ222952,1b
AJ222928,1b
AJ222929,1b
AJ222930,1b
AJ222931,1b
AJ222932,1b
AJ222933,1b
AJ222934,1b
AJ222935,1b
AJ222936,1b
AJ222937,1b
AJ222938,1b
AJ222953,1b
AJ222939,1b
AJ222941,1b
AJ222942,1b
AJ222943,1b
AJ222944,1b
AJ222945,1b
AJ222946,1b
AJ222947,1b
AJ222948,1b
AJ222949,1b
AJ222950,1b
AJ222951,1b
AJ222940,1b
AJ231470,1b
AJ231471,1b
AJ231472,1b
AJ247677,1b
AJ247678,1b
AJ247679,1b
AJ247680,1b
AJ247682,1b
AJ247684,1b
AJ247685,1b
AJ247686,1b
AJ247687,1b
AJ247688,1b
AJ247690,1b
AJ247691,1b
AJ247692,1b
AJ247694,1b
AJ247696,1b
AJ247697,1b
AJ247698,1b
AJ247699,1b
AJ247700,1b
AJ247675,1b
AJ231473,1b
AJ231474,1b
AJ231475,1b
AJ231476,1b
AJ231477,1b
AJ231478,1b
AJ231480,1b
AJ238652,1b
AJ238799,1b
AJ238800,1b
AJ247658,1b
AJ247664,1b
AJ247665,1b
AJ247666,1b
AJ247667,1b
AJ247668,1b
AJ247670,1b
AJ247672,1b
AJ247702,1b
AJ303256,1b
AJ515641,1b
AJ515642,1b
AJ515643,1b
AJ515644,1b
AJ564815,1b
AJ564816,1b
AJ564817,1b
AJ564818,1b
AJ564819,1b
AJ564820,1b
AJ564821,1b
AJ515640,1b
AJ564822,1b
AJ564824,1b
AJ564825,1b
AJ564826,1b
AJ564827,1b
AJ564828,1b
AJ564829,1b
AJ564830,1b
AJ564831,1b
AJ564832,1b
AJ564834,1b
AJ564823,1b
AJ515639,1b
AJ515637,1b
AJ515613,1b
AJ515614,1b
AJ515615,1b
AJ515616,1b
AJ515617,1b
AJ515618,1b
AJ515619,1b
AJ515620,1b
AJ515621,1b
AJ515622,1b
AJ515623,1b
AJ515638,1b
AJ515624,1b
AJ515626,1b
AJ515627,1b
AJ515628,1b
AJ515629,1b
AJ515630,1b
AJ515631,1b
AJ515632,1b
AJ515633,1b
AJ515634,1b
AJ515635,1b
AJ515636,1b
AJ515625,1b
AJ515612,1b
AJ564836,1b
AJ564838,1b
AJ715567,1b
AJ715568,1b
AJ715569,1b
AJ715570,1b
AJ715571,1b
AJ715572,1b
AJ715573,1b
AJ715574,1b
AJ715575,1b
AJ715576,1b
AJ715577,1b
AJ715566,1b
AJ715578,1b
AJ715580,1b
AJ715581,1b
AJ715582,1b
AJ715583,1b
AJ715584,1b
AJ715585,1b
AJ715586,1b
AJ715587,1b
AJ715588,1b
AJ715589,1b
AJ715590,1b
AJ715579,1b
AJ564837,1b
AJ715565,1b
AJ715563,1b
AJ564839,1b
AJ564840,1b
AJ564842,1b
AJ564843,1b
AJ564844,1b
AJ582126,1b
AJ582128,1b
AJ582129,1b
AJ582130,1b
AJ715564,1b
AJ715552,1b
AJ715553,1b
AJ715554,1b
AJ715555,1b
AJ715556,1b
AJ715557,1b
AJ715558,1b
AJ715559,1b
AJ715560,1b
AJ715561,1b
AJ715562,1b
AJ515611,1b
AJ515610,1b
AJ515609,1b
AJ507186,1b
AJ507187,1b
AJ507188,1b
AJ507189,1b
AJ507190,1b
AJ507191,1b
AF379100,1b
AJ507193,1b
AJ507194,1b
AJ507195,1b
AJ507196,1b
AJ507185,1b
AJ507197,1b
AJ507199,1b
AJ507269,1b
AJ507274,1b
AJ507279,1b
AJ507281,1b
AJ507285,1b
AJ510857,1b
AJ510858,1b
AJ510859,1b
AJ510860,1b
AJ510861,1b
AJ507198,1b
AJ510959,1b
AJ507184,1b
AJ507182,1b
AJ507158,1b
AJ507159,1b
AJ507160,1b
AJ507161,1b
AJ507162,1b
AJ507163,1b
AJ507164,1b
AJ507165,1b
AJ507166,1b
AJ507167,1b
AJ507168,1b
AJ507183,1b
AJ507169,1b
AJ507171,1b
AJ507172,1b
AJ507173,1b
AJ507174,1b
AJ507175,1b
AJ507176,1b
AJ507177,1b
AJ507178,1b
AJ507179,1b
AJ507180,1b
AJ507181,1b
AJ507170,1b
AJ510960,1b
AJ510961,1b
AJ510962,1b
AJ511202,1b
AJ511203,1b
AJ511204,1b
AJ511205,1b
AJ511206,1b
AJ511207,1b
AJ511208,1b
AJ511209,1b
AJ511211,1b
AJ511212,1b
AJ511201,1b
AJ511213,1b
AJ511216,1b
AJ511217,1b
AJ511218,1b
AJ511219,1b
AJ511220,1b
AJ511221,1b
AJ511222,1b
AJ511253,1b
AJ515607,1b
AJ515608,1b
AJ511214,1b
AJ511198,1b
AJ510963,1b
AJ510965,1b
AJ510966,1b
AJ510969,1b
AJ510970,1b
AJ510972,1b
AJ510973,1b
AJ510974,1b
AJ510975,1b
AJ510976,1b
AJ510977,1b
AJ510978,1b
AJ510979,1b
AJ510980,1b
AJ510987,1b
AJ715591,1b
AJ715592,1b
AJ715593,1b
AJ715594,1b
AJ812382,1b
AJ812383,1b
AJ812384,1b
AJ812385,1b
AJ812386,1b
AJ812387,1b
AJ812388,1b
AJ812389,1b
AJ812390,1b
AJ812391,1b
AJ812392,1b
AJ812381,1b
AJ812393,1b
AJ812395,1b
AJ812420,1b
AJ812421,1b
AJ812422,1b
AJ812423,1b
AJ812424,1b
AJ812425,1b
AJ812427,1b
AJ812428,1b
AJ812429,1b
AJ812394,1b
AJ812430,1b
AJ812378,1b
AJ715708,1b
AJ715709,1b
AJ715710,1b
AJ715711,1b
AJ715712,1b
AJ715713,1b
AJ715714,1b
AJ715715,1b
AJ715716,1b
AJ715717,1b
AJ715718,1b
AJ812379,1b
AJ715719,1b
AJ715721,1b
AJ715722,1b
AJ781122,1b
AJ781123,1b
AJ812372,1b
AJ812374,1b
AJ812375,1b
AJ812377,1b
AJ715720,1b
AJ812432,1b
AJ812433,1b
AJ812471,1b
AJ812472,1b
AJ812473,1b
AJ812474,1b
AJ812475,1b
AJ812476,1b
AJ812477,1b
AJ812478,1b
AJ812479,1b
AJ812480,1b
AJ812481,1b
AJ812482,1b
AJ812484,1b
AJ812485,1b
AJ812486,1b
AJ812487,1b
AJ812489,1b
AJ812490,1b
AJ812491,1b
AB693837,1b
AJ812483,1b
AJ812469,1b
AJ812468,1b
AJ812467,1b
AJ812434,1b
AJ812435,1b
AJ812436,1b
AJ812437,1b
AJ812439,1b
AJ812440,1b
AJ812441,1b
AJ812442,1b
AJ812451,1b
AJ812452,1b
AJ812453,1b
AJ812454,1b
AJ812455,1b
AJ812456,1b
AJ812458,1b
AJ812459,1b
AJ812460,1b
AJ812462,1b
AJ812463,1b
AJ812465,1b
AJ812466,1b
AJ715707,1b
AJ507157,1b
AJ715706,1b
AJ715704,1b
AJ715623,1b
AJ715624,1b
AJ715625,1b
AJ715626,1b
AJ715627,1b
AJ715628,1b
AJ715629,1b
AJ715630,1b
AJ715631,1b
AJ715632,1b
AJ715633,1b
AJ715622,1b
AJ715634,1b
AJ715636,1b
AJ715637,1b
AJ715638,1b
AJ715639,1b
AJ715640,1b
AJ715641,1b
AJ715642,1b
AJ715643,1b
AJ715644,1b
AJ715645,1b
AJ715646,1b
AJ715635,1b
AJ715647,1b
AJ715621,1b
AJ715619,1b
AJ715595,1b
AJ715596,1b
AJ715597,1b
AJ715598,1b
AJ715599,1b
AJ715600,1b
AJ715601,1b
AJ715602,1b
AJ715603,1b
AJ715604,1b
AJ715605,1b
AJ715620,1b
AJ715606,1b
AJ715608,1b
AJ715609,1b
AJ715610,1b
AJ715611,1b
AJ715612,1b
AJ715613,1b
AJ715614,1b
AJ715615,1b
AJ715616,1b
AJ715617,1b
AJ715618,1b
AJ715607,1b
AJ715648,1b
AJ715649,1b
AJ715650,1b
AJ715680,1b
AJ715681,1b
AJ715682,1b
AJ715683,1b
AJ715684,1b
AJ715685,1b
AJ715686,1b
AJ715687,1b
AJ715688,1b
AJ715689,1b
AJ715690,1b
AJ715679,1b
AJ715691,1b
AJ715693,1b
AJ715694,1b
AJ715695,1b
AJ715696,1b
AJ715697,1b
AJ715698,1b
AJ715699,1b
AJ715700,1b
AJ715701,1b
AJ715702,1b
AJ715703,1b
AJ715692,1b
AJ715678,1b
AJ715677,1b
AJ715676,1b
AJ715651,1b
AJ715652,1b
AJ715653,1b
AJ715654,1b
AJ715655,1b
AJ715656,1b
AJ715657,1b
AJ715658,1b
AJ715659,1b
AJ715660,1b
AJ715661,1b
AJ715662,1b
AJ715663,1b
AJ715664,1b
AJ715665,1b
AJ715666,1b
AJ715667,1b
AJ715668,1b
AJ715669,1b
AJ715670,1b
AJ715671,1b
AJ715672,1b
AJ715673,1b
AJ715674,1b
AJ715675,1b
AJ715705,1b
AJ507156,1b
AJ507155,1b
AJ507035,1b
AJ343989,1b
AJ343990,1b
AJ343991,1b
AJ343992,1b
AJ343993,1b
AJ343994,1b
AJ343995,1b
AJ343996,1b
AJ343997,1b
AJ343998,1b
AJ343999,1b
AJ343988,1b
AJ344000,1b
AJ391336,1b
AJ391338,1b
AJ391339,1b
AJ391342,1b
AJ391344,1b
AJ391345,1b
AJ391346,1b
AJ344001,1b
AJ391347,1b
AJ343987,1b
AJ343985,1b
AJ343961,1b
AJ343962,1b
AJ343963,1b
AJ343964,1b
AJ343965,1b
AJ343966,1b
AJ343967,1b
AJ343968,1b
AJ343969,1b
AJ343970,1b
AJ343971,1b
AJ343986,1b
AJ343972,1b
AJ343974,1b
AJ343975,1b
AJ343976,1b
AJ343977,1b
AJ343978,1b
AJ343979,1b
AJ343980,1b
AJ343981,1b
AJ343982,1b
AJ343983,1b
AJ343984,1b
AJ343973,1b
AJ391348,1b
AJ391349,1b
AJ391350,1b
AJ391380,1b
AJ391381,1b
AJ391387,1b
AJ391388,1b
AJ391389,1b
AJ391390,1b
AJ391391,1b
AJ391393,1b
AJ391394,1b
AJ391395,1b
AJ391398,1b
AJ391399,1b
AJ391402,1b
AJ391403,1b
AJ391392,1b
AJ391378,1b
AJ391351,1b
AJ391352,1b
AJ391356,1b
AJ391363,1b
AJ391364,1b
AJ391366,1b
AJ391368,1b
AJ391370,1b
AJ391374,1b
AJ391375,1b
AJ310608,1b
AJ310607,1b
AJ310605,1b
AJ303285,1b
AJ303286,1b
AJ303290,1b
AJ303291,1b
AJ303292,1b
AJ303293,1b
AJ303294,1b
AJ303295,1b
AJ303284,1b
AJ303296,1b
AJ303298,1b
AJ303299,1b
AJ303300,1b
AJ303301,1b
AJ303302,1b
AJ303303,1b
AJ303304,1b
AJ303305,1b
AJ303306,1b
AJ303307,1b
AJ303308,1b
AJ303297,1b
AJ303309,1b
AJ303260,1b
AJ303261,1b
AJ303264,1b
AJ303266,1b
AJ303268,1b
AJ303278,1b
AJ303310,1b
AJ303311,1b
AJ303312,1b
AJ310581,1b
AJ310582,1b
AJ310583,1b
AJ310584,1b
AJ310585,1b
AJ310586,1b
AJ310587,1b
AJ310588,1b
AJ310589,1b
AJ310590,1b
AJ310591,1b
AJ310580,1b
AJ310592,1b
AJ310595,1b
AJ310597,1b
AJ310598,1b
AJ310599,1b
AJ310600,1b
AJ310601,1b
AJ310602,1b
AJ310603,1b
AJ310604,1b
AJ310579,1b
AJ310578,1b
AJ303313,1b
AJ303315,1b
AJ303316,1b
AJ303319,1b
AJ303320,1b
AJ303321,1b
AJ303322,1b
AJ303323,1b
AJ303325,1b
AJ303327,1b
AJ303329,1b
AJ303330,1b
AJ303331,1b
AJ310571,1b
AJ310572,1b
AJ310573,1b
AJ310574,1b
AJ310606,1b
AF511841,1b
AJ391405,1b
AJ391407,1b
AJ406131,1b
AJ406132,1b
AJ406133,1b
AJ406134,1b
AJ406135,1b
AJ406136,1b
AJ406137,1b
AJ406138,1b
AJ406139,1b
AJ406140,1b
AJ406141,1b
AJ406130,1b
AJ406142,1b
AJ406144,1b
AJ406145,1b
AJ406146,1b
AJ406147,1b
AJ406148,1b
AJ406149,1b
AJ409828,1b
AJ409829,1b
AJ409831,1b
AJ409832,1b
AJ406143,1b
AJ409833,1b
AJ406129,1b
AJ406127,1b
AJ406103,1b
AJ406104,1b
AJ406105,1b
AJ406106,1b
AJ406107,1b
AJ406108,1b
AJ406109,1b
AJ406110,1b
AJ406111,1b
AJ406112,1b
AJ406113,1b
AJ406114,1b
AJ406116,1b
AJ406117,1b
AJ406118,1b
AJ406119,1b
AJ406120,1b
AJ406121,1b
AJ406122,1b
AJ406123,1b
AJ406124,1b
AJ406125,1b
AJ406126,1b
AJ406115,1b
AJ409834,1b
AJ409835,1b
AJ409836,1b
AJ409866,1b
AJ422080,1b
AJ422081,1b
AJ438618,1b
AJ438622,1b
AJ507016,1b
AJ507017,1b
AJ507018,1b
AJ507019,1b
AJ507020,1b
AJ507021,1b
AJ409865,1b
AJ507022,1b
AJ507024,1b
AJ507025,1b
AJ507026,1b
AJ507027,1b
AJ507028,1b
AJ507029,1b
AJ507030,1b
AJ507031,1b
AJ507032,1b
AJ507033,1b
AJ507034,1b
AJ507023,1b
AJ409863,1b
AJ409862,1b
AJ409837,1b
AJ409838,1b
AJ409839,1b
AJ409840,1b
AJ409841,1b
AJ409842,1b
AJ409843,1b
AJ409844,1b
AJ409845,1b
AJ409846,1b
AJ409847,1b
AJ409848,1b
AJ409849,1b
AJ409850,1b
AJ409851,1b
AJ409852,1b
AJ409853,1b
AJ409855,1b
AJ409856,1b
AJ409857,1b
AJ409858,1b
AJ409860,1b
AJ409861,1b
AJ406102,1b
AJ391406,1b
AJ406101,1b
AJ406099,1b
AJ391436,1b
AJ391437,1b
AJ391439,1b
AJ391440,1b
AJ391441,1b
AJ391442,1b
AJ391445,1b
AJ391446,1b
AJ391435,1b
AJ391447,1b
AJ391449,1b
AJ391450,1b
AJ391451,1b
AJ391452,1b
AJ391455,1b
AJ391456,1b
AJ391457,1b
AJ391459,1b
AJ391448,1b
AJ391434,1b
AJ391408,1b
AJ391409,1b
AJ391410,1b
AJ391411,1b
AJ391412,1b
AJ391419,1b
AJ391423,1b
AJ391428,1b
AJ391462,1b
AJ391463,1b
AJ406075,1b
AJ406076,1b
AJ406077,1b
AJ406078,1b
AJ406079,1b
AJ406080,1b
AJ406081,1b
AJ406082,1b
AJ406083,1b
AJ406084,1b
AJ406085,1b
AJ406074,1b
AJ406086,1b
AJ406088,1b
AJ406089,1b
AJ406090,1b
AJ406091,1b
AJ406092,1b
AJ406093,1b
AJ406094,1b
AJ406095,1b
AJ406096,1b
AJ406097,1b
AJ406098,1b
AJ406087,1b
AJ406073,1b
AJ391490,1b
AJ391464,1b
AJ391466,1b
AJ391467,1b
AJ391468,1b
AJ391470,1b
AJ391471,1b
AJ391472,1b
AJ391480,1b
AJ391482,1b
AJ406100,1b
AF511840,1b
AJ507192,1b
AF511838,1b
AF403234,1b
AF403236,1b
AF403237,1b
AF403238,1b
AF403239,1b
AF416513,1b
AF416514,1b
AF416515,1b
AF416516,1b
AF416517,1b
AF416518,1b
AF403233,1b
AF416519,1b
AF416522,1b
AF416524,1b
AF416540,1b
AF416542,1b
AF416544,1b
AF416545,1b
AF416546,1b
AF416547,1b
AF416548,1b
AF422315,1b
AF422316,1b
AF416521,1b
AF422317,1b
AF403232,1b
AF403229,1b
AF388491,1b
AF388492,1b
AF388493,1b
AF388494,1b
AF388495,1b
AF388496,1b
AF388497,1b
AF388498,1b
AF388499,1b
AF388500,1b
AF388501,1b
AF403231,1b
AF388502,1b
AF388504,1b
AF388505,1b
AF388517,1b
AF388518,1b
AF388519,1b
AF388520,1b
AF388521,1b
AF388522,1b
AF388523,1b
AF402571,1b
AF403228,1b
AF388503,1b
AF388490,1b
AF422318,1b
AF422320,1b
AF422385,1b
AF422386,1b
AF422387,1b
AF422388,1b
AF422389,1b
AF422390,1b
AF422391,1b
AF422392,1b
AF422393,1b
AF422395,1b
AF422384,1b
AF422396,1b
AF422402,1b
AF422403,1b
AF422405,1b
AF422406,1b
AF422408,1b
AF422397,1b
AF422319,1b
AF422383,1b
AF422381,1b
AF422321,1b
AF422322,1b
AF422323,1b
AF422324,1b
AF422325,1b
AF422327,1b
AF422328,1b
AF422329,1b
AF422330,1b
AF422331,1b
AF422382,1b
AF422332,1b
AF422370,1b
AF422371,1b
AF422372,1b
AF422373,1b
AF422374,1b
AF422375,1b
AF422376,1b
AF422377,1b
AF422378,1b
AF422379,1b
AF422380,1b
AF422333,1b
AF388489,1b
AF388488,1b
AF388487,1b
AF379583,1b
AF379584,1b
AF379585,1b
AF379586,1b
AF379587,1b
AF379588,1b
AF379589,1b
AF379590,1b
AF379591,1b
AF379592,1b
AF381135,1b
AF379582,1b
AF381136,1b
AF381140,1b
AF381141,1b
AF381142,1b
AF381145,1b
AF381146,1b
AF381147,1b
AF381148,1b
AF381149,1b
AF381150,1b
AF381151,1b
AF381152,1b
AF381139,1b
AF381153,1b
AF379581,1b
AF379579,1b
AF379555,1b
AF379556,1b
AF379557,1b
AF379558,1b
AF379559,1b
AF379560,1b
AF379561,1b
AF379562,1b
AF379563,1b
AF379564,1b
AF379565,1b
AF379580,1b
AF379566,1b
AF379568,1b
AF379569,1b
AF379570,1b
AF379571,1b
AF379572,1b
AF379573,1b
AF379574,1b
AF379575,1b
AF379576,1b
AF379577,1b
AF379578,1b
AF379567,1b
AF381154,1b
AF381155,1b
AF381156,1b
AF388417,1b
AF388418,1b
AF388419,1b
AF388420,1b
AF388421,1b
AF388422,1b
AF388423,1b
AF388424,1b
AF388425,1b
AF388426,1b
AF388427,1b
AF388416,1b
AF388428,1b
AF388430,1b
AF388431,1b
AF388478,1b
AF388479,1b
AF388480,1b
AF388481,1b
AF388482,1b
AF388483,1b
AF388484,1b
AF388485,1b
AF388486,1b
AF388429,1b
AF388415,1b
AF388414,1b
AF388413,1b
AF381157,1b
AF381158,1b
AF381159,1b
AF381160,1b
AF381161,1b
AF381162,1b
AF381163,1b
AF381164,1b
AF388396,1b
AF388397,1b
AF388398,1b
AF388399,1b
AF388400,1b
AF388401,1b
AF388402,1b
AF388403,1b
AF388404,1b
AF388405,1b
AF388406,1b
AF388407,1b
AF388408,1b
AF388409,1b
AF388410,1b
AF388411,1b
AF388412,1b
AF422409,1b
AF422436,1b
AF422437,1b
AF422438,1b
AF462913,1b
AF462914,1b
AF462915,1b
AF462917,1b
AF462920,1b
AF462921,1b
AF462912,1b
AF462929,1b
AF462930,1b
AF462909,1b
AF462288,1b
AF462289,1b
AF462290,1b
AF462291,1b
AF462292,1b
AF462293,1b
AF462294,1b
AF462295,1b
AF462296,1b
AF462868,1b
AF462898,1b
AF462903,1b
AF462904,1b
AF462908,1b
AF462897,1b
AF463149,1b
AF463151,1b
AF463154,1b
AF463155,1b
AF463148,1b
AF463167,1b
AF463168,1b
AF463169,1b
AF463469,1b
AF463470,1b
AF463147,1b
AF463145,1b
AF463126,1b
AF463129,1b
AF463135,1b
AF463142,1b
AF462287,1b
AF379554,1b
AF462286,1b
AF462284,1b
AF431853,1b
AF431854,1b
AF431855,1b
AF431856,1b
AF431857,1b
AF431858,1b
AF431859,1b
AF431860,1b
AF431861,1b
AF431862,1b
AF422466,1b
AF431864,1b
AF431874,1b
AF431875,1b
AF431876,1b
AF431865,1b
AF422465,1b
AF422463,1b
AF422439,1b
AF422441,1b
AF422442,1b
AF422443,1b
AF422444,1b
AF422445,1b
AF422446,1b
AF422447,1b
AF422448,1b
AF422464,1b
AF422452,1b
AF422453,1b
AF422454,1b
AF422455,1b
AF422456,1b
AF422457,1b
AF422458,1b
AF422459,1b
AF422460,1b
AF422461,1b
AF422462,1b
AF422451,1b
AF431878,1b
AF431879,1b
AF454974,1b
AF455004,1b
AF455005,1b
AF455006,1b
AF455007,1b
AF455008,1b
AF455009,1b
AF455010,1b
AF455011,1b
AF455012,1b
AF455013,1b
AF455014,1b
AF455003,1b
AF455015,1b
AF455017,1b
AF455018,1b
AF455019,1b
AF462283,1b
AF455002,1b
AF455001,1b
AF455000,1b
AF454975,1b
AF454976,1b
AF454978,1b
AF454979,1b
AF454980,1b
AF454981,1b
AF454982,1b
AF454983,1b
AF454984,1b
AF454985,1b
AF454986,1b
AF454988,1b
AF454989,1b
AF454990,1b
AF454992,1b
AF454993,1b
AF454994,1b
AF454996,1b
AF454997,1b
AF454998,1b
AF454999,1b
AF462285,1b
AF379553,1b
AF379552,1b
AF379551,1b
AF379244,1b
AF379245,1b
AF379246,1b
AF379247,1b
AF379248,1b
AF379249,1b
AF379250,1b
AF379251,1b
AF379252,1b
AF379253,1b
AF379254,1b
AF379243,1b
AF379255,1b
AF379257,1b
AF379258,1b
AF379259,1b
AF379260,1b
AF379261,1b
AF379262,1b
AF379263,1b
AF379264,1b
AF379265,1b
AF379266,1b
AF379267,1b
AF379256,1b
AF379268,1b
AF379242,1b
AF379240,1b
AF379216,1b
AF379217,1b
AF379218,1b
AF379219,1b
AF379220,1b
AF379221,1b
AF379222,1b
AF379223,1b
AF379224,1b
AF379225,1b
AF379226,1b
AF379241,1b
AF379227,1b
AF379229,1b
AF379230,1b
AF379231,1b
AF379232,1b
AF379233,1b
AF379234,1b
AF379235,1b
AF379236,1b
AF379237,1b
AF379238,1b
AF379239,1b
AF379228,1b
AF379269,1b
AF379270,1b
AF379271,1b
AF379301,1b
AF379302,1b
AF379303,1b
AF379304,1b
AF379305,1b
AF379306,1b
AF379307,1b
AF379308,1b
AF379309,1b
AF379310,1b
AF379311,1b
AF379300,1b
AF379312,1b
AF379314,1b
AF379315,1b
AF379316,1b
AF379317,1b
AF379318,1b
AF379319,1b
AF379320,1b
AF379321,1b
AF379322,1b
AF379323,1b
AF379324,1b
AF379313,1b
AF379299,1b
AF379298,1b
AF379297,1b
AF379272,1b
AF379273,1b
AF379274,1b
AF379275,1b
AF379276,1b
AF379277,1b
AF379278,1b
AF379279,1b
AF379280,1b
AF379281,1b
AF379282,1b
AF379283,1b
AF379284,1b
AF379285,1b
AF379286,1b
AF379287,1b
AF379288,1b
AF379290,1b
AF379291,1b
AF379292,1b
AF379293,1b
AF379294,1b
AF379295,1b
AF379296,1b
AF379215,1b
AF379325,1b
AF379214,1b
AF379212,1b
AF379129,1b
AF379130,1b
AF379131,1b
AF379132,1b
AF379133,1b
AF379134,1b
AF379135,1b
AF379136,1b
AF379137,1b
AF379138,1b
AF379139,1b
AF379128,1b
AF379140,1b
AF379142,1b
AF379143,1b
AF379144,1b
AF379145,1b
AF379146,1b
AF379147,1b
AF379148,1b
AF379149,1b
AF379150,1b
AF379151,1b
AF379152,1b
AF379141,1b
AF379153,1b
AF379127,1b
AF379125,1b
AF511839,1b
AF379102,1b
AF379103,1b
AF379104,1b
AF379105,1b
AF379106,1b
AF379107,1b
AF379108,1b
AF379109,1b
AF379110,1b
AF379111,1b
AF379112,1b
AF379114,1b
AF379115,1b
AF379116,1b
AF379117,1b
AF379118,1b
AF379119,1b
AF379120,1b
AF379121,1b
AF379122,1b
AF379123,1b
AF379124,1b
AF379154,1b
AF379155,1b
AF379156,1b
AF379186,1b
AF379187,1b
AF379188,1b
AF379189,1b
AF379190,1b
AF379191,1b
AF379192,1b
AF379193,1b
AF379194,1b
AF379195,1b
AF379196,1b
AF379185,1b
AF379197,1b
AF379201,1b
AF379202,1b
AF379203,1b
AF379204,1b
AF379205,1b
AF379206,1b
AF379207,1b
AF379208,1b
AF379209,1b
AF379210,1b
AF379198,1b
AF379184,1b
AF379183,1b
AF379182,1b
AF379157,1b
AF379158,1b
AF379159,1b
AF379160,1b
AF379161,1b
AF379162,1b
AF379163,1b
AF379164,1b
AF379165,1b
AF379166,1b
AF379167,1b
AF379168,1b
AF379169,1b
AF379170,1b
AF379171,1b
AF379172,1b
AF379173,1b
AF379174,1b
AF379175,1b
AF379176,1b
AF379177,1b
AF379178,1b
AF379179,1b
AF379180,1b
AF379181,1b
AF379213,1b
AF379326,1b
AF379328,1b
AF379470,1b
AF379471,1b
AF379473,1b
AF379474,1b
AF379475,1b
AF379476,1b
AF379477,1b
AF379478,1b
AF379479,1b
AF379480,1b
AF379469,1b
AF379481,1b
AF379483,1b
AF379484,1b
AF379485,1b
AF379486,1b
AF379487,1b
AF379488,1b
AF379489,1b
AF379490,1b
AF379491,1b
AF379492,1b
AF379493,1b
AF379482,1b
AF379494,1b
AF379468,1b
AF379466,1b
AF379442,1b
AF379443,1b
AF379444,1b
AF379445,1b
AF379446,1b
AF379447,1b
AF379448,1b
AF379449,1b
AF379450,1b
AF379451,1b
AF379452,1b
AF379467,1b
AF379453,1b
AF379455,1b
AF379457,1b
AF379458,1b
AF379459,1b
AF379460,1b
AF379461,1b
AF379462,1b
AF379463,1b
AF379464,1b
AF379465,1b
AF379454,1b
AF379495,1b
AF379496,1b
AF379497,1b
AF379528,1b
AF379529,1b
AF379530,1b
AF379531,1b
AF379532,1b
AF379533,1b
AF379534,1b
AF379535,1b
AF379536,1b
AF379537,1b
AF379526,1b
AF379538,1b
AF379540,1b
AF379541,1b
AF379542,1b
AF379543,1b
AF379544,1b
AF379545,1b
AF379546,1b
AF379547,1b
AF379548,1b
AF379549,1b
AF379550,1b
AF379539,1b
AF379525,1b
AF379524,1b
AF379523,1b
AF379498,1b
AF379499,1b
AF379500,1b
AF379501,1b
AF379502,1b
AF379503,1b
AF379504,1b
AF379505,1b
AF379506,1b
AF379507,1b
AF379508,1b
AF379509,1b
AF379510,1b
AF379511,1b
AF379512,1b
AF379513,1b
AF379514,1b
AF379515,1b
AF379516,1b
AF379517,1b
AF379518,1b
AF379519,1b
AF379520,1b
AF379521,1b
AF379441,1b
AF379327,1b
AF379440,1b
AF379438,1b
AF379357,1b
AF379358,1b
AF379359,1b
AF379360,1b
AF379362,1b
AF379363,1b
AF379364,1b
AF379366,1b
AF379367,1b
AF379356,1b
AF379368,1b
AF379370,1b
AF379371,1b
AF379372,1b
AF379373,1b
AF379374,1b
AF379375,1b
AF379376,1b
AF379377,1b
AF379378,1b
AF379379,1b
AF379380,1b
AF379369,1b
AF379381,1b
AF379355,1b
AF379353,1b
AF379329,1b
AF379330,1b
AF379331,1b
AF379332,1b
AF379333,1b
AF379334,1b
AF379335,1b
AF379336,1b
AF379337,1b
AF379338,1b
AF379339,1b
AF379354,1b
AF379340,1b
AF379342,1b
AF379343,1b
AF379344,1b
AF379345,1b
AF379346,1b
AF379347,1b
AF379348,1b
AF379349,1b
AF379350,1b
AF379351,1b
AF379352,1b
AF379341,1b
AF379382,1b
AF379383,1b
AF379384,1b
AF379414,1b
AF379415,1b
AF379416,1b
AF379417,1b
AF379418,1b
AF379419,1b
AF379420,1b
AF379421,1b
AF379422,1b
AF379423,1b
AF379424,1b
AF379413,1b
AF379425,1b
AF379427,1b
AF379428,1b
AF379429,1b
AF379430,1b
AF379431,1b
AF379432,1b
AF379433,1b
AF379434,1b
AF379435,1b
AF379436,1b
AF379437,1b
AF379426,1b
AF379412,1b
AF379411,1b
AF379410,1b
AF379385,1b
AF379386,1b
AF379387,1b
AF379388,1b
AF379389,1b
AF379390,1b
AF379391,1b
AF379392,1b
AF379393,1b
AF379394,1b
AF379395,1b
AF379396,1b
AF379398,1b
AF379399,1b
AF379400,1b
AF379401,1b
AF379402,1b
AF379403,1b
AF379404,1b
AF379405,1b
AF379406,1b
AF379407,1b
AF379408,1b
AF379409,1b
AF379439,1b
AF463473,1b
AB693838,1b
AF463475,1b
AF466463,1b
AF466486,1b
AF466461,1b
AF466459,1b
AF466448,1b
AF466489,1b
AF473716,1b
AF473717,1b
AF473718,1b
AF473719,1b
AF473721,1b
AF473723,1b
AF473724,1b
AF473727,1b
AF473728,1b
AF473729,1b
AF473731,1b
AF473732,1b
AF473733,1b
AF473734,1b
AF473737,1b
AF473738,1b
AF473739,1b
AF473742,1b
AF473713,1b
AF473712,1b
AF466492,1b
AF466497,1b
AF466507,1b
AF473704,1b
AF473705,1b
AF473708,1b
AF473709,1b
AF473711,1b
AF466434,1b
AF464671,1b
AF464674,1b
AF464678,1b
AF464679,1b
AF464680,1b
AF464681,1b
AF464670,1b
AF464682,1b
AF464684,1b
AF464686,1b
AF464687,1b
AF464689,1b
AF464691,1b
AF464692,1b
AF464693,1b
AF464694,1b
AF464683,1b
AF464695,1b
AF464669,1b
AF464667,1b
AF464643,1b
AF464644,1b
AF464645,1b
AF464646,1b
AF464647,1b
AF464648,1b
AF464650,1b
AF464651,1b
AF464652,1b
AF464653,1b
AF464668,1b
AF464654,1b
AF464656,1b
AF464657,1b
AF464658,1b
AF464659,1b
AF464661,1b
AF464662,1b
AF464664,1b
AF464665,1b
AF464666,1b
AF464655,1b
AF464696,1b
AF464698,1b
AF464728,1b
AF464731,1b
AF464727,1b
AF466419,1b
AF464726,1b
AF464724,1b
AF464699,1b
AF464700,1b
AF464701,1b
AF464702,1b
AF464703,1b
AF464704,1b
AF464705,1b
AF464706,1b
AF464707,1b
AF464708,1b
AF464709,1b
AF464710,1b
AF464713,1b
AF464719,1b
AF464720,1b
AF464642,1b
AF473746,1b
AF497347,1b
AF497348,1b
AF497349,1b
AF497351,1b
AF497355,1b
AF497356,1b
AF497346,1b
AF497358,1b
AF497385,1b
AF497387,1b
AF497388,1b
AF497391,1b
AF497392,1b
AF497393,1b
AF506534,1b
AF497359,1b
AF506535,1b
AF497345,1b
AF488360,1b
AF488361,1b
AF488363,1b
AF488364,1b
AF488365,1b
AF488367,1b
AF488368,1b
AF488370,1b
AF488373,1b
AF488374,1b
AF488375,1b
AF497344,1b
AF497296,1b
AF497298,1b
AF497299,1b
AF497301,1b
AF497303,1b
AF497304,1b
AF497305,1b
AF497306,1b
AF497342,1b
AF497297,1b
AF506536,1b
AF506537,1b
AF506539,1b
AF506598,1b
AF506602,1b
AF506603,1b
AF506607,1b
AF506614,1b
AF506615,1b
AF506616,1b
AF506617,1b
AF506618,1b
AF506619,1b
AF506620,1b
AF506597,1b
AF510039,1b
AF511805,1b
AF511806,1b
AF511807,1b
AF511808,1b
AF511809,1b
AF511810,1b
AF511811,1b
AF511812,1b
AF511836,1b
AF511837,1b
AF511804,1b
AF506596,1b
AF506595,1b
AF506594,1b
AF506541,1b
AF506545,1b
AF506547,1b
AF506548,1b
AF506549,1b
AF506550,1b
AF506551,1b
AF506552,1b
AF506553,1b
AF506555,1b
AF506556,1b
AF506557,1b
AF506559,1b
AF506563,1b
AF506564,1b
AF506567,1b
AF506568,1b
AF506569,1b
AF506570,1b
AF506571,1b
AF506572,1b
AF506576,1b
AF506584,1b
AF506585,1b
AF506588,1b
AF488359,1b
AF488356,1b
AF488354,1b
AF473775,1b
AF473776,1b
AF473777,1b
AF473778,1b
AF473780,1b
AF473781,1b
AF473783,1b
AF473774,1b
AF473786,1b
AF473788,1b
AF473789,1b
AF473791,1b
AF473792,1b
AF473793,1b
AF473794,1b
AF473796,1b
AF473798,1b
AF473799,1b
AF473771,1b
AF473747,1b
AF473748,1b
AF473753,1b
AF473757,1b
AF473772,1b
AF473758,1b
AF473760,1b
AF473761,1b
AF473762,1b
AF473763,1b
AF473764,1b
AF473766,1b
AF473759,1b
AF473801,1b
AF473802,1b
AF486049,1b
AF486050,1b
AF486051,1b
AF486052,1b
AF486053,1b
AF486054,1b
AF486055,1b
AF486056,1b
AF486057,1b
AF486058,1b
AF486059,1b
AF486060,1b
AF486064,1b
AF486065,1b
AF486068,1b
AF486070,1b
AF486071,1b
AF488352,1b
AF486061,1b
AF486047,1b
AF486046,1b
AF486045,1b
AF482729,1b
AF483269,1b
AF484974,1b
AF484975,1b
AF486030,1b
AF486031,1b
AF486032,1b
AF486033,1b
AF486034,1b
AF486035,1b
AF486036,1b
AF486037,1b
AF486038,1b
AF486040,1b
AF486041,1b
AF486043,1b
AF486044,1b
AF488355,1b
AF464641,1b
AF488366,1b
AF464639,1b
AF464335,1b
AF464336,1b
AF464338,1b
AF464340,1b
AF464341,1b
AF464342,1b
AF464343,1b
AF464346,1b
AF464347,1b
AF464348,1b
AF464349,1b
AF464351,1b
AF464352,1b
AF464353,1b
AF464354,1b
AF464344,1b
AF464356,1b
AF464304,1b
AF464305,1b
AF464306,1b
AF464307,1b
AF464308,1b
AF464309,1b
AF464310,1b
AF464311,1b
AF464312,1b
AF464313,1b
AF464314,1b
AF464320,1b
AF464323,1b
AF464316,1b
AF464357,1b
AF464358,1b
AF464359,1b
AF464389,1b
AF464390,1b
AF464391,1b
AF464392,1b
AF464393,1b
AF464394,1b
AF464395,1b
AF464396,1b
AF464397,1b
AF464398,1b
AF464399,1b
AF464388,1b
AF464400,1b
AF464402,1b
AF464403,1b
AF464404,1b
AF464405,1b
AF464406,1b
AF464407,1b
AF464408,1b
AF464411,1b
AF464412,1b
AF464401,1b
AF464387,1b
AF464386,1b
AF464385,1b
AF464360,1b
AF464361,1b
AF464362,1b
AF464363,1b
AF464364,1b
AF464365,1b
AF464366,1b
AF464367,1b
AF464368,1b
AF464369,1b
AF464370,1b
AF464371,1b
AF464372,1b
AF464373,1b
AF464374,1b
AF464377,1b
AF464378,1b
AF464380,1b
AF464381,1b
AF464382,1b
AF464383,1b
AF464413,1b
AF464218,1b
AF464219,1b
AF464220,1b
AF464221,1b
AF464224,1b
AF464225,1b
AF464226,1b
AF464227,1b
AF464228,1b
AF464217,1b
AF464231,1b
AF464233,1b
AF464234,1b
AF464235,1b
AF464236,1b
AF464237,1b
AF464238,1b
AF464239,1b
AF464240,1b
AF464242,1b
AF464216,1b
AF464214,1b
AF463477,1b
AF463476,1b
AF463478,1b
AF463479,1b
AF463481,1b
AF464197,1b
AF464199,1b
AF464200,1b
AF464201,1b
AF464204,1b
AF464205,1b
AF464208,1b
AF464212,1b
AF464213,1b
AF464245,1b
AF464246,1b
AF464276,1b
AF464278,1b
AF464281,1b
AF464283,1b
AF464285,1b
AF464286,1b
AF464275,1b
AF464291,1b
AF464292,1b
AF464294,1b
AF464296,1b
AF464274,1b
AF464247,1b
AF464248,1b
AF464250,1b
AF464257,1b
AF464258,1b
AF464260,1b
AF464261,1b
AF464264,1b
AF464265,1b
AF464266,1b
AF464267,1b
AF464270,1b
AF464301,1b
AF464558,1b
AF464559,1b
AF464560,1b
AF464561,1b
AF464562,1b
AF464563,1b
AF464564,1b
AF464568,1b
AF464569,1b
AF464572,1b
AF464574,1b
AF464575,1b
AF464577,1b
AF464579,1b
AF464580,1b
AF464581,1b
AF464556,1b
AF464554,1b
AF464530,1b
AF464531,1b
AF464532,1b
AF464533,1b
AF464534,1b
AF464535,1b
AF464536,1b
AF464555,1b
AF464541,1b
AF464543,1b
AF464544,1b
AF464545,1b
AF464546,1b
AF464553,1b
AF464583,1b
AF464584,1b
AF464585,1b
AF464616,1b
AF464617,1b
AF464618,1b
AF464619,1b
AF464620,1b
AF464621,1b
AF464622,1b
AF464624,1b
AF464625,1b
AF464626,1b
AF464627,1b
AF464633,1b
AF464634,1b
AF464635,1b
AF464415,1b
AF464638,1b
AF464636,1b
AF464637,1b
AF464628,1b
AF464613,1b
AF464587,1b
AF464588,1b
AF464589,1b
AF464590,1b
AF464591,1b
AF464592,1b
AF464593,1b
AF464594,1b
AF464595,1b
AF464597,1b
AF464598,1b
AF464599,1b
AF464600,1b
AF464601,1b
AF464602,1b
AF464605,1b
AF464606,1b
AF464608,1b
AF464528,1b
AF464610,1b
AF464526,1b
AF464446,1b
AF464448,1b
AF464452,1b
AF464445,1b
AF464457,1b
AF464459,1b
AF464461,1b
AF464462,1b
AF464469,1b
AF464443,1b
AF464420,1b
AF464527,1b
AF464421,1b
AF464422,1b
AF464423,1b
AF464424,1b
AF464426,1b
AF464427,1b
AF464428,1b
AF464429,1b
AF464431,1b
AF464434,1b
AF464436,1b
AF464437,1b
AF464440,1b
AF464441,1b
AF464516,1b
AF464500,1b
AF464504,1b
AF464505,1b
AF464507,1b
AF464509,1b
AF464523,1b
AF464510,1b
AF464499,1b
AF464511,1b
AF464514,1b
AF464519,1b
AF464522,1b
AF464525,1b
AF464521,1b
AF464472,1b
AF464512,1b
AF464498,1b
AF464506,1b
AF464497,1b
AF464477,1b
AF464480,1b
AF464483,1b
AF464478,1b
AF464496,1b
AF464495,1b
AF464493,1b
AF464489,1b
AF464490,1b
JN977116,2a
JN977113,2a
JN977110,2a
JN977100,2a
JN977061,2a
JN656622,2a
JN573074,2a
JN573068,2a
JN573017,2a
JQ065712,2a
JN573040,2a
JN573035,2a
JN573027,2a
JN573002,2a
JN573051,2a
JF722478,2a
JQ303403,2a
JX183351,2a
JX183312,2a
JN572957,2a
JX183289,2a
JX014307,2a
JQ303626,2a
JQ303625,2a
JQ303624,2a
JQ303397,2a
JQ303623,2a
JQ303545,2a
JQ303544,2a
JQ303507,2a
JQ303448,2a
JQ303427,2a
JQ303424,2a
JQ303421,2a
JQ303410,2a
JQ303546,2a
JN572953,2a
JF722581,2a
JN214803,2a
JF722561,2a
JF722556,2a
JF722551,2a
JF722543,2a
JF722540,2a
JF722539,2a
JF722530,2a
JF722528,2a
JF722511,2a
JF722509,2a
JF722500,2a
JF722487,2a
JF722484,2a
JF722480,2a
JF722477,2a
JX183363,2a
JF722479,2a
JF722578,2a
JF722583,2a
JF722584,2a
JF722585,2a
JN214800,2a
JN214755,2a
JN214749,2a
JN214650,2a
JN214638,2a
JN214623,2a
JF824423,2a
JN214810,2a
JF824370,2a
JF824248,2a
JF824195,2a
JF824168,2a
JF722620,2a
JF722604,2a
JF722601,2a
JF722595,2a
JF722588,2a
JF824343,2a
JX676775,2a
JX677510,2a
JX676787,2a
KC348438,2a
KC164991,2a
KC164990,2a
KC164987,2a
KC164986,2a
KC164985,2a
KC164984,2a
KC164983,2a
KC844043,2a
JX677558,2a
JX677535,2a
JX677512,2a
JX677495,2a
JX677494,2a
JX677473,2a
JX677472,2a
JX677467,2a
JX677463,2a
JX677551,2a
JX677417,2a
KC967476,2a
KF548012,2a
KF548029,2a
JF722476,2a
KF548027,2a
KF548025,2a
KF548023,2a
KF511677,2a
KF548017,2a
KF548015,2a
JX676779,2a
JX677409,2a
JX677386,2a
JX677079,2a
JX677074,2a
JX677070,2a
JX677024,2a
JX677016,2a
JX677005,2a
JX676993,2a
JX676987,2a
JX677080,2a
JX676961,2a
JX676951,2a
JX676924,2a
JX676918,2a
JX676868,2a
JX676855,2a
JX676830,2a
JX676814,2a
JX676811,2a
JX676957,2a
JX677398,2a
JX677101,2a
JX677117,2a
JX677380,2a
JX677354,2a
JX677350,2a
JX677344,2a
JX677317,2a
JX677311,2a
JX677261,2a
JX677248,2a
JX677102,2a
JX677223,2a
JX677204,2a
JX677180,2a
JX677172,2a
JX677168,2a
JX677165,2a
JX677158,2a
JX677142,2a
JX677119,2a
JX677207,2a
JF722475,2a
GQ206045,2a
JF722466,2a
FN401151,2a
FN401026,2a
FN398087,2a
FJ872266,2a
FJ872265,2a
FJ872262,2a
FJ872248,2a
FJ872247,2a
FJ159832,2a
FJ024186,2a
FJ024185,2a
FJ024184,2a
FJ024183,2a
FJ024182,2a
EU867439,2a
EU849144,2a
EU849143,2a
GQ206038,2a
GQ206043,2a
GQ206046,2a
GQ206047,2a
GQ206093,2a
GQ206092,2a
GQ206091,2a
GQ206090,2a
GQ206089,2a
GQ206088,2a
GQ206080,2a
GQ206079,2a
EU849142,2a
GQ206078,2a
GQ206075,2a
GQ206073,2a
GQ206070,2a
GQ206062,2a
GQ206060,2a
GQ206059,2a
GQ206058,2a
GQ206051,2a
GQ206077,2a
EU835525,2a
EU410506,2a
EU284705,2a
EF394404,2a
EF394402,2a
EF394401,2a
EF394400,2a
EF394399,2a
EF394398,2a
EF394395,2a
EF394405,2a
EF394394,2a
EF394392,2a
EF394391,2a
EF394390,2a
EF394389,2a
EF394388,2a
EF394387,2a
EF394386,2a
EF394393,2a
GQ206094,2a
EF394406,2a
EF394408,2a
EU284704,2a
EF543242,2a
EF523595,2a
EF394428,2a
EF394427,2a
EF394424,2a
EF394423,2a
EF394407,2a
EF394422,2a
EF394416,2a
EF394414,2a
EF394412,2a
EF394411,2a
EF394410,2a
EF394421,2a
JF722471,2a
GQ206095,2a
GQ206097,2a
HM777247,2a
HM053610,2a
HM009288,2a
HM009287,2a
HM009286,2a
GU945456,2a
GU945431,2a
GU945426,2a
GU441456,2a
GU441446,2a
GU441445,2a
GU441443,2a
GU441420,2a
GU441419,2a
GU441386,2a
GU441358,2a
GU441357,2a
HQ229141,2a
HQ229159,2a
HQ229425,2a
HQ229443,2a
JF722465,2a
JF722462,2a
HQ699774,2a
HQ699735,2a
HQ658165,2a
HQ639945,2a
HQ639944,2a
HQ639943,2a
GU441356,2a
HQ639939,2a
HQ623317,2a
HQ623313,2a
HQ623304,2a
HQ623301,2a
HQ623299,2a
HQ623292,2a
HQ623288,2a
HQ318863,2a
HQ639938,2a
GU441355,2a
GU441354,2a
GU441353,2a
GQ387996,2a
GQ387951,2a
GQ387950,2a
GQ379802,2a
GQ379801,2a
GQ285071,2a
GQ285070,2a
GQ285069,2a
GQ387997,2a
GQ285068,2a
GQ285066,2a
GQ206104,2a
GQ206103,2a
GQ206102,2a
GQ206101,2a
GQ206100,2a
GQ206099,2a
GQ206098,2a
GQ285067,2a
GQ206096,2a
GQ387998,2a
GQ388000,2a
GU441352,2a
GU441351,2a
GU441349,2a
GU441348,2a
GU441346,2a
GU441345,2a
GU441344,2a
GQ387999,2a
GU441343,2a
GU441341,2a
GU220400,2a
GU220399,2a
GU054446,2a
GU054430,2a
GU054411,2a
GU054406,2a
GU054392,2a
GU441342,2a
MG890697,2a
MG890712,2a
MG890708,2a
MG890705,2a
MG890704,2a
MG890703,2a
MG890702,2a
MG890700,2a
MG890698,2a
MG890713,2a
MG890729,2a
MG890726,2a
MG890724,2a
MG890722,2a
MG890719,2a
MG890718,2a
MG890717,2a
MG890725,2a
MG890693,2a
MG890692,2a
MG890691,2a
MG890667,2a
MG890664,2a
MG890660,2a
MG890658,2a
MG890657,2a
MG890656,2a
MG890655,2a
MG890652,2a
MG890651,2a
MG890659,2a
MG890685,2a
MG890684,2a
MG890671,2a
MG890676,2a
MG890673,2a
MG890681,2a
MG890650,2a
MG890799,2a
MG890794,2a
MG890791,2a
MG890790,2a
MG890789,2a
MG890788,2a
MG890786,2a
MG890785,2a
MG890784,2a
MG890783,2a
EF394385,2a
MG890820,2a
MG890819,2a
MG890818,2a
MG890817,2a
MG890816,2a
MG890815,2a
MG890814,2a
MG890782,2a
MG890813,2a
MG890811,2a
MG890810,2a
MG890781,2a
MG890780,2a
MG890779,2a
MG890755,2a
MG890754,2a
MG890753,2a
MG890751,2a
MG890750,2a
MG890749,2a
MG890748,2a
MG890744,2a
MG890747,2a
MG890760,2a
MG890778,2a
MG890777,2a
MG890776,2a
MG890775,2a
MG890773,2a
MG890772,2a
MG890771,2a
MG890759,2a
MG890768,2a
MG890767,2a
MG890766,2a
MG890649,2a
LC150573,2a
LC150571,2a
LC150569,2a
LC131642,2a
LC131641,2a
LC131640,2a
LC131639,2a
LC131637,2a
LC131636,2a
LC131635,2a
LC131634,2a
LC131633,2a
LC131607,2a
LC131606,2a
LC131605,2a
LC131604,2a
LC150575,2a
LC368354,2a
LC368362,2a
LC368371,2a
LC374829,2a
LC374828,2a
LC374827,2a
LC374825,2a
LC374824,2a
LC374823,2a
LC374822,2a
LC374820,2a
LC131603,2a
LC374814,2a
LC368432,2a
LC368431,2a
LC368426,2a
LC368416,2a
LC368415,2a
LC368393,2a
LC368378,2a
LC368373,2a
LC368449,2a
LC131577,2a
LC131576,2a
LC131575,2a
L38374,2a
L38336,2a
L38335,2a
L38334,2a
L29463,2a
L23450,2a
L23449,2a
LC131498,2a
L23448,2a
L16674,2a
L16673,2a
L16650,2a
KF700370,2a
KF676352,2a
KF676351,2a
L16675,2a
LC374830,2a
LC131499,2a
LC131501,2a
LC131574,2a
LC131573,2a
LC131567,2a
LC131566,2a
LC131565,2a
LC131564,2a
LC131563,2a
LC131562,2a
LC131500,2a
LC131561,2a
LC131559,2a
LC131558,2a
LC131532,2a
LC131531,2a
LC131530,2a
LC131529,2a
LC131502,2a
LC131560,2a
LC374832,2a
LC374834,2a
LC374849,2a
MF985223,2a
MF985222,2a
MF985221,2a
MF985220,2a
MF985219,2a
MF985218,2a
MF985217,2a
M95105,2a
MF985224,2a
M95103,2a
M84824,2a
M84823,2a
LC667031,2a
LC658678,2a
LC658674,2a
LC658673,2a
LC658672,2a
LC658669,2a
M84846,2a
LC658668,2a
MF985225,2a
MF985227,2a
MG890646,2a
MG890644,2a
MG890642,2a
MG890641,2a
MG890639,2a
MF985226,2a
MG890638,2a
MF985235,2a
MF985234,2a
MF985233,2a
MF985232,2a
MF985231,2a
MF985230,2a
MF985229,2a
MF985228,2a
MF985236,2a
LC658667,2a
LC557791,2a
LC557625,2a
LC557617,2a
LC557608,2a
LC557586,2a
LC557572,2a
LC374883,2a
LC374882,2a
LC557626,2a
LC374879,2a
LC374876,2a
LC374875,2a
LC374871,2a
LC374870,2a
LC374862,2a
LC374859,2a
LC374858,2a
LC374857,2a
LC374877,2a
LC658666,2a
LC557634,2a
LC557658,2a
LC557780,2a
LC557777,2a
LC557775,2a
LC557774,2a
LC557760,2a
LC557758,2a
LC557749,2a
LC557745,2a
LC557638,2a
LC557741,2a
LC557715,2a
LC557707,2a
LC557693,2a
LC557690,2a
LC557684,2a
LC557674,2a
LC557671,2a
LC557664,2a
LC557722,2a
EF394384,2a
AF208476,2a
EF394381,2a
AF208465,2a
AF208464,2a
AF208458,2a
AF208440,2a
AF208439,2a
AF208438,2a
AF208437,2a
AF208436,2a
AF208435,2a
AF208434,2a
AF208107,2a
AF208106,2a
AF208105,2a
AF208104,2a
AF208103,2a
AF208102,2a
AF208101,2a
AF208466,2a
AF208467,2a
AF208469,2a
AF213646,2a
AF210897,2a
AF210894,2a
AF208100,2a
AF208477,2a
MG890821,2a
AF208475,2a
AF208470,2a
AF208099,2a
AF208098,2a
AF208097,2a
AF169005,2a
AF169004,2a
AF169003,2a
AF169002,2a
AF056630,2a
AF046209,2a
AF046208,2a
AF046207,2a
AF177036,2a
AF046206,2a
AF046204,2a
AF046203,2a
AF046202,2a
AF046201,2a
AF046200,2a
AF046199,2a
AF046198,2a
AF046197,2a
AF046205,2a
AF205042,2a
AF205044,2a
AF208096,2a
AF208095,2a
AF208094,2a
AF208093,2a
AF205060,2a
AF205059,2a
AF205058,2a
AF205057,2a
AF205043,2a
AF205056,2a
AF205052,2a
AF205051,2a
AF205050,2a
AF205049,2a
AF205048,2a
AF205047,2a
AF205046,2a
AF205045,2a
AF205053,2a
AF046196,2a
AF213896,2a
AF217303,2a
AF462982,2a
AF462981,2a
AF462968,2a
AF462967,2a
AF463185,2a
AF462988,2a
AF462962,2a
AF245733,2a
AF245732,2a
AF245731,2a
AF245730,2a
AF245729,2a
AF245728,2a
AF245727,2a
AF245726,2a
AF348702,2a
AF245725,2a
AF238485,2a
AF238484,2a
AF238483,2a
AF238482,2a
AF238481,2a
AF233716,2a
AF233715,2a
AF217304,2a
AF245724,2a
AF217302,2a
AF388436,2a
AF388438,2a
AF462958,2a
AF388437,2a
AF462948,2a
AF403235,2a
AF403230,2a
AF046195,2a
AF034629,2a
AB284239,2a
AB284236,2a
AB284228,2a
AB284220,2a
AB284218,2a
AB284207,2a
AB284203,2a
AB284192,2a
AB281423,2a
AB281410,2a
AB281407,2a
AB281402,2a
AB281395,2a
AB281394,2a
AB281391,2a
AB281381,2a
AB281376,2a
AB284240,2a
AB284249,2a
AB284252,2a
AB301766,2a
AB330355,2a
AB330334,2a
AB330314,2a
AB327160,2a
AB306398,2a
AB306356,2a
AB306355,2a
AB306352,2a
AB301776,2a
AB301774,2a
AB301773,2a
AB301772,2a
AB301771,2a
AB301770,2a
AB301769,2a
AB301768,2a
AB301767,2a
AB301775,2a
AB281370,2a
AB281369,2a
AB269343,2a
AB056557,2a
AB056556,2a
AB056555,2a
AB056554,2a
AB056553,2a
AB056552,2a
AB056551,2a
AB047645,2a
AB056558,2a
AB047644,2a
AB047642,2a
AB047641,2a
AB047640,2a
AB047639,2a
AB039868,2a
AB005688,2a
AB005687,2a
AB005686,2a
AB047643,2a
AB330356,2a
AB056559,2a
AB056561,2a
AB162863,2a
AB107949,2a
AB107948,2a
AB107947,2a
AB107937,2a
AB107936,2a
AB107935,2a
AB092963,2a
AB056560,2a
AB081067,2a
AB056569,2a
AB056568,2a
AB056567,2a
AB056566,2a
AB056565,2a
AB056564,2a
AB056563,2a
AB056562,2a
AB077951,2a
AF046194,2a
AB330358,2a
AB444580,2a
AB705318,2a
AB705316,2a
AB705315,2a
AB705314,2a
AB705312,2a
AB690461,2a
AB690460,2a
AB600800,2a
AB600799,2a
AB600798,2a
AB600797,2a
AB600796,2a
AB600795,2a
AB600794,2a
AB600793,2a
AB600792,2a
AB600791,2a
AB705320,2a
AB705322,2a
AB705323,2a
AB705332,2a
AF023154,2a
AB705387,2a
AB705384,2a
AB705382,2a
AB705378,2a
AB705377,2a
AB705376,2a
AB705368,2a
AB600790,2a
AB705365,2a
AB705359,2a
AB705356,2a
AB705347,2a
AB705346,2a
AB705339,2a
AB705338,2a
AB705335,2a
AB705334,2a
AB705360,2a
AB600789,2a
AB600788,2a
AB600787,2a
AB600764,2a
AB600763,2a
AB600762,2a
AB600761,2a
AB600760,2a
AB600759,2a
AB600758,2a
AB600757,2a
AB600765,2a
AB600756,2a
AB600754,2a
AB600753,2a
AB600752,2a
AB600751,2a
AB523322,2a
AB523129,2a
AB472178,2a
AB472165,2a
AB600755,2a
AB330359,2a
AB600766,2a
AB600768,2a
AB600786,2a
AB600785,2a
AB600784,2a
AB600783,2a
AB600782,2a
AB600781,2a
AB600780,2a
AB600779,2a
AB600767,2a
AB600778,2a
AB600776,2a
AB600775,2a
AB600774,2a
AB600773,2a
AB600772,2a
AB600771,2a
AB600770,2a
AB600769,2a
AB600777,2a
EF394382,2a
AF463189,2a
DQ155480,2a
DQ155464,2a
DQ155455,2a
DQ001265,2a
DQ001217,2a
D67096,2a
D67095,2a
D49461,2a
D49460,2a
D49459,2a
D49456,2a
D45876,2a
D45875,2a
D31605,2a
D31604,2a
D16807,2a
D16804,2a
DQ155481,2a
DQ155492,2a
DQ155513,2a
DQ155522,2a
DQ220937,2a
DQ220936,2a
DQ220935,2a
DQ220934,2a
DQ220933,2a
DQ220932,2a
DQ220931,2a
DQ220930,2a
D16803,2a
DQ220929,2a
DQ220927,2a
DQ220926,2a
DQ220925,2a
DQ220924,2a
DQ220923,2a
DQ155550,2a
DQ155539,2a
DQ155538,2a
DQ220928,2a
D16802,2a
D16801,2a
D16800,2a
D16744,2a
D16743,2a
D16727,2a
D16726,2a
D16725,2a
D16724,2a
D16717,2a
D16716,2a
D16745,2a
D16715,2a
D16713,2a
D16712,2a
D16711,2a
D16710,2a
D16709,2a
D16708,2a
D16707,2a
D16706,2a
D16714,2a
DQ220938,2a
D16746,2a
D16756,2a
D16799,2a
D16798,2a
D16797,2a
D16790,2a
D16788,2a
D16787,2a
D16786,2a
D16747,2a
D16785,2a
D16783,2a
D16782,2a
D16774,2a
D16773,2a
D16772,2a
D16758,2a
D16757,2a
D16693,2a
DQ220939,2a
DQ220985,2a
EF115832,2a
EF115823,2a
EF115821,2a
EF115616,2a
EF115605,2a
DQ911570,2a
DQ911569,2a
DQ859969,2a
DQ859968,2a
DQ859966,2a
DQ859965,2a
DQ790370,2a
DQ790369,2a
DQ790368,2a
DQ790367,2a
DQ777778,2a
EF116043,2a
EF116045,2a
EF116055,2a
EF154708,2a
EF394379,2a
EF394376,2a
EF394375,2a
EF195028,2a
EF175834,2a
EF175833,2a
EF175832,2a
DQ777777,2a
EF175829,2a
EF175826,2a
EF175811,2a
EF175810,2a
EF175809,2a
EF175806,2a
EF175804,2a
EF175803,2a
EF154709,2a
EF175827,2a
DQ777776,2a
DQ777775,2a
DQ777774,2a
DQ238634,2a
DQ221002,2a
DQ221001,2a
DQ221000,2a
DQ220999,2a
DQ220998,2a
DQ220997,2a
DQ220996,2a
DQ238705,2a
DQ220995,2a
DQ220993,2a
DQ220992,2a
DQ220991,2a
DQ220990,2a
DQ220989,2a
DQ220988,2a
DQ220987,2a
DQ220986,2a
DQ220994,2a
DQ220940,2a
DQ249535,2a
DQ249782,2a
DQ776898,2a
DQ776897,2a
DQ666259,2a
DQ663602,2a
DQ648517,2a
DQ648516,2a
DQ648515,2a
DQ648510,2a
DQ249536,2a
DQ648509,2a
DQ648500,2a
DQ648499,2a
DQ648498,2a
DQ249787,2a
DQ648508,2a
D16692,2a
D16690,2a
AY732149,2a
AY732147,2a
AY732146,2a
AY652614,2a
AY597254,2a
AY536118,2a
AY536117,2a
AY536116,2a
AY515300,2a
AY390004,2a
AY390003,2a
AY390002,2a
AY309929,2a
AY309927,2a
AY309926,2a
AY309925,2a
AY732150,2a
AY732151,2a
AY732152,2a
AY732155,2a
AY766968,2a
AY766753,2a
AY766689,2a
AY766685,2a
AY766664,2a
AY746460,2a
AY732205,2a
AY732204,2a
AY732193,2a
AY732180,2a
AY732176,2a
AY732175,2a
AY732174,2a
AY732173,2a
AY732167,2a
AY732163,2a
AY732156,2a
AY732181,2a
AY257447,2a
AY070177,2a
AF463207,2a
AF463205,2a
AF463202,2a
AF463193,2a
AF463191,2a
AF463190,2a
AY766982,2a
AF466511,2a
AY070176,2a
AY004017,2a
AY004016,2a
AY004015,2a
AY004014,2a
AJ507280,2a
AJ231482,2a
AJ231481,2a
AF466510,2a
AJ231479,2a
AF516030,2a
AF516028,2a
AF515922,2a
AF515921,2a
AF515919,2a
AF506562,2a
AF466519,2a
AF466518,2a
AF516031,2a
D16691,2a
AY767057,2a
AY767155,2a
AY835214,2a
AY835213,2a
AY835212,2a
AY835211,2a
AY835210,2a
AY835209,2a
AY835208,2a
AY835207,2a
AY835206,2a
AY835205,2a
AY835204,2a
AY835203,2a
AY835202,2a
AY835201,2a
AY835200,2a
AY835086,2a
AY835085,2a
AY835215,2a
AY835216,2a
AY835217,2a
AY835218,2a
D16689,2a
D16434,2a
D14671,2a
D14670,2a
D14191,2a
D14190,2a
D14186,2a
D14112,2a
AY835084,2a
D13970,2a
D10648,2a
D10647,2a
D10076,2a
D10075,2a
D00944,2a
AY973860,2a
AY973859,2a
AY973858,2a
D11353,2a
AY835083,2a
AY835082,2a
AY835081,2a
AY834963,2a
AY834962,2a
AY834961,2a
AY834960,2a
AY834959,2a
AY834958,2a
AY834957,2a
AY834956,2a
AY834964,2a
AY834955,2a
AY768182,2a
AY768012,2a
AY767970,2a
AY767844,2a
AY767434,2a
AY767300,2a
AY767268,2a
AY767196,2a
AY768343,2a
AY767078,2a
AY834965,2a
AY834967,2a
AY835080,2a
AY835079,2a
AY835078,2a
AY835077,2a
AY835075,2a
AY835074,2a
AY835073,2a
AY835072,2a
AY834966,2a
AY835071,2a
AY835069,2a
AY835068,2a
AY834973,2a
AY834972,2a
AY834971,2a
AY834970,2a
AY834969,2a
AY834968,2a
AY835070,2a
MG891273,2a
MK256010,2a
MK256009,2a
MK256008,2a
MK256007,2a
MK256006,2a
MK256005,2a
MK256004,2a
MK256003,2a
MK256002,2a
MK256001,2a
MK256000,2a
MK210276,2a
MK210274,2a
MK210273,2a
MK210266,2a
MK256011,2a
MK256012,2a
MK256013,2a
MK256014,2a
MK256032,2a
MK256031,2a
MK256030,2a
MK256029,2a
MK256028,2a
MK256027,2a
MK256026,2a
MK256025,2a
MK210256,2a
MK256024,2a
MK256022,2a
MK256021,2a
MK256020,2a
MK256019,2a
MK256018,2a
MK256017,2a
MK256016,2a
MK256015,2a
MK256023,2a
MH463466,2a
MG891713,2a
MG891711,2a
MG891708,2a
MG891707,2a
MG891706,2a
MG891714,2a
MG891703,2a
MG891701,2a
MG891700,2a
MG891698,2a
MG891696,2a
MH463465,2a
MH463464,2a
MH463463,2a
MG891730,2a
MG891728,2a
MG891722,2a
MG891695,2a
MK256034,2a
MK256036,2a
MK256097,2a
MK256096,2a
MK256095,2a
MK256094,2a
MK256093,2a
MK256092,2a
MK256091,2a
MK256090,2a
MK256089,2a
MK256088,2a
MK256087,2a
MK256086,2a
MK256085,2a
MK256084,2a
MK256083,2a
MK256082,2a
MK256081,2a
MK256098,2a
MK256099,2a
MK256100,2a
MK256101,2a
MK256119,2a
MK256118,2a
MK256117,2a
MK256116,2a
MK256115,2a
MK256114,2a
MK256113,2a
MK256112,2a
MK256080,2a
MK256111,2a
MK256109,2a
MK256108,2a
MK256107,2a
MK256106,2a
MK256105,2a
MK256104,2a
MK256103,2a
MK256102,2a
MK256110,2a
MK256079,2a
MK256078,2a
MK256077,2a
MK256054,2a
MK256053,2a
MK256052,2a
MK256051,2a
MK256050,2a
MK256049,2a
MK256048,2a
MK256047,2a
MK256055,2a
MK256046,2a
MK256044,2a
MK256043,2a
MK256042,2a
MK256041,2a
MK256040,2a
MK256039,2a
MK256038,2a
MK256037,2a
MK256045,2a
MK256035,2a
MK256056,2a
MK256058,2a
MK256076,2a
MK256075,2a
MK256074,2a
MK256073,2a
MK256072,2a
MK256071,2a
MK256070,2a
MK256069,2a
MK256057,2a
MK256068,2a
MK256066,2a
MK256065,2a
MK256064,2a
MK256063,2a
MK256062,2a
MK256061,2a
MK256059,2a
MK256067,2a
MK256120,2a
MG891694,2a
MG891579,2a
MG891578,2a
MG891576,2a
MG891575,2a
MG891573,2a
MG891572,2a
MG891570,2a
MG891568,2a
MG891566,2a
MG891583,2a
MG891604,2a
MG891603,2a
MG891602,2a
MG891601,2a
MG891597,2a
MG891565,2a
MG891594,2a
MG891593,2a
MG891592,2a
MG891590,2a
MG891587,2a
MG891563,2a
MG891562,2a
MG891539,2a
MG891538,2a
MG891535,2a
MG891534,2a
MG891532,2a
MG891540,2a
MG891531,2a
MG891528,2a
MG891527,2a
MG891525,2a
MG891523,2a
MG891522,2a
MG891605,2a
MG891541,2a
MG891543,2a
MG891560,2a
MG891557,2a
MG891542,2a
MG891550,2a
MG891549,2a
MG891547,2a
MG891546,2a
MG891545,2a
MG891544,2a
MG891693,2a
MG891606,2a
MG891608,2a
MG891669,2a
MG891663,2a
MG891661,2a
MG891657,2a
MG891654,2a
MG891670,2a
MG891671,2a
MG891672,2a
MG891673,2a
MG891691,2a
MG891689,2a
MG891688,2a
MG891685,2a
MG891684,2a
MG891652,2a
MG891683,2a
MG891681,2a
MG891679,2a
MG891678,2a
MG891677,2a
MG891675,2a
MG891682,2a
MG891651,2a
MG891650,2a
MG891649,2a
MG891625,2a
MG891624,2a
MG891623,2a
MG891622,2a
MG891621,2a
MG891620,2a
MG891619,2a
MG891627,2a
MG891618,2a
MG891616,2a
MG891615,2a
MG891614,2a
MG891611,2a
MG891609,2a
MG891617,2a
MG891607,2a
MG891648,2a
MG891647,2a
MG891645,2a
MG891644,2a
MG891634,2a
MG891633,2a
MG891632,2a
MG891631,2a
MK256121,2a
MK256123,2a
MT145571,2a
MN928555,2a
MN928554,2a
MN928553,2a
MN928552,2a
MN928551,2a
MN928550,2a
MN928549,2a
MN928548,2a
MN928546,2a
MN928545,2a
MN928544,2a
MN928543,2a
MN928542,2a
MN928541,2a
MN928540,2a
MT145573,2a
MT145574,2a
MT145575,2a
MT145576,2a
OP022905,2a
OP022902,2a
ON814624,2a
OM525901,2a
OM525878,2a
MW629119,2a
MW323103,2a
MN928539,2a
MW323090,2a
MW323082,2a
MT145611,2a
MT145610,2a
MT145609,2a
MT145608,2a
MT145607,2a
MT145605,2a
MT145603,2a
MW323083,2a
MN928538,2a
MN928537,2a
MN928536,2a
MK437783,2a
MK437780,2a
MK437776,2a
MK437773,2a
MK437765,2a
MK437752,2a
MK437737,2a
MK437712,2a
MK437796,2a
MK437685,2a
MK437679,2a
MK437665,2a
MK437656,2a
MK437654,2a
MK437650,2a
MK437646,2a
MK437635,2a
MK437627,2a
MK437681,2a
OP022908,2a
MK437812,2a
MK437827,2a
MN928535,2a
MN928534,2a
MN928533,2a
MN928532,2a
MN147409,2a
MN147408,2a
MK984709,2a
MK612021,2a
MK437826,2a
MK612020,2a
MK468932,2a
MK437916,2a
MK437867,2a
MK437864,2a
MK437863,2a
MK437857,2a
MK437841,2a
MK437828,2a
MK612019,2a
MK437626,2a
OP022909,2a
OP022911,2a
OR210880,2a
OR210868,2a
OR210860,2a
OR210834,2a
OR210829,2a
OR210808,2a
OR210806,2a
OR210791,2a
OR210708,2a
OR210695,2a
OR210690,2a
OR210676,2a
OR210644,2a
OR210637,2a
OR210626,2a
OR210884,2a
OR210894,2a
OR210899,2a
OR210916,2a
U14294,2a
U14293,2a
U14288,2a
U14256,2a
U14255,2a
U14250,2a
U14229,2a
U14228,2a
U14198,2a
U14196,2a
U10231,2a
U10230,2a
U10228,2a
U10226,2a
OR210925,2a
OR210923,2a
U14201,2a
OR210623,2a
OR210616,2a
OR210615,2a
OR210447,2a
OR210446,2a
OR210445,2a
OR210444,2a
OQ784563,2a
OQ784562,2a
OQ784561,2a
OQ784560,2a
OR210450,2a
OQ784398,2a
OQ784396,2a
OQ343218,2a
OP503682,2a
OP503681,2a
OP503679,2a
OP022921,2a
OP022920,2a
OP022917,2a
OQ784397,2a
OP022910,2a
OR210456,2a
OR210467,2a
OR210596,2a
OR210592,2a
OR210590,2a
OR210582,2a
OR210577,2a
OR210565,2a
OR210560,2a
OR210557,2a
OR210461,2a
OR210550,2a
OR210545,2a
OR210495,2a
OR210488,2a
OR210487,2a
OR210486,2a
OR210484,2a
OR210475,2a
OR210468,2a
OR210548,2a
MK256122,2a
MK437603,2a
MK437568,2a
MK256184,2a
MK256183,2a
MK256182,2a
MK256181,2a
MK256180,2a
MK256179,2a
MK256178,2a
MK256177,2a
MK256176,2a
MK256175,2a
MK256174,2a
MK256173,2a
MK256172,2a
MK256171,2a
MK256170,2a
MK256169,2a
MK256168,2a
MK256185,2a
MK256186,2a
MK256187,2a
MK256188,2a
MK436444,2a
MK436428,2a
MK436397,2a
MK436383,2a
MK256202,2a
MK256201,2a
MK256200,2a
MK256199,2a
MK256167,2a
MK256198,2a
MK256196,2a
MK256195,2a
MK256194,2a
MK256193,2a
MK256192,2a
MK256191,2a
MK256190,2a
MK256189,2a
MK256197,2a
MK256166,2a
MK256165,2a
MK256164,2a
MK256141,2a
MK256140,2a
MK256139,2a
MK256138,2a
MK256137,2a
MK256136,2a
MK256135,2a
MK256134,2a
MK256142,2a
MK256133,2a
MK256131,2a
MK256130,2a
MK256129,2a
MK256128,2a
MK256127,2a
MK256126,2a
MK256125,2a
MK256124,2a
MK256132,2a
MK436463,2a
MK256143,2a
MK256145,2a
MK256163,2a
MK256162,2a
MK256161,2a
MK256160,2a
MK256159,2a
MK256158,2a
MK256157,2a
MK256156,2a
MK256155,2a
MK256153,2a
MK256151,2a
MK256150,2a
MK256149,2a
MK256148,2a
MK256147,2a
MK256146,2a
MK256154,2a
MK437593,2a
MK436482,2a
MK436517,2a
MK437331,2a
MK437320,2a
MK437318,2a
MK437300,2a
MK437281,2a
MK437261,2a
MK437260,2a
MK437255,2a
MK437254,2a
MK437226,2a
MK437223,2a
MK437200,2a
MK437199,2a
MK437192,2a
MK437186,2a
MK437180,2a
MK437157,2a
MK437338,2a
MK437341,2a
MK437368,2a
MK437369,2a
MK437564,2a
MK437562,2a
MK437557,2a
MK437555,2a
MK437546,2a
MK437538,2a
MK437531,2a
MK437520,2a
MK437156,2a
MK437493,2a
MK437461,2a
MK437460,2a
MK437441,2a
MK437426,2a
MK437415,2a
MK437394,2a
MK437377,2a
MK437375,2a
MK437470,2a
MK437144,2a
MK437131,2a
MK437126,2a
MK436844,2a
MK436840,2a
MK436806,2a
MK436801,2a
MK436799,2a
MK436795,2a
MK436757,2a
MK436755,2a
MK436864,2a
MK436723,2a
MK436670,2a
MK436655,2a
MK436649,2a
MK436627,2a
MK436599,2a
MK436589,2a
MK436584,2a
MK436541,2a
MK436684,2a
MK436516,2a
MK436867,2a
MK436901,2a
MK437123,2a
MK437120,2a
MK437109,2a
MK437105,2a
MK437100,2a
MK437094,2a
MK437091,2a
MK437052,2a
MK436887,2a
MK437038,2a
MK437027,2a
MK437012,2a
MK437002,2a
MK436998,2a
MK436969,2a
MK436953,2a
MK436942,2a
MK436925,2a
MK437030,2a
MG890823,2a
MG891520,2a
MG891518,2a
MG891058,2a
MG891055,2a
MG891053,2a
MG891051,2a
MG891049,2a
MG891046,2a
MG891045,2a
MG891044,2a
MG891060,2a
MG891063,2a
MG891080,2a
MG891079,2a
MG891078,2a
MG891077,2a
MG891042,2a
MG891073,2a
MG891070,2a
MG891068,2a
MG891072,2a
MG891015,2a
MG891012,2a
MG891011,2a
MG891010,2a
MG891001,2a
MG890999,2a
MG891035,2a
MG891034,2a
MG891033,2a
MG891031,2a
MG891023,2a
MG891021,2a
MG890998,2a
MG891145,2a
MG891142,2a
MG891141,2a
MG891138,2a
MG891136,2a
MG891133,2a
MG891131,2a
MG891167,2a
MG891166,2a
MG891165,2a
MG891162,2a
MG891160,2a
MG891156,2a
MG891153,2a
MG891151,2a
MG891128,2a
MG891127,2a
MG891101,2a
MG891100,2a
MG891099,2a
MG891098,2a
MG891096,2a
MG891104,2a
MG891093,2a
MG891092,2a
MG891089,2a
MG891088,2a
MG891086,2a
MG891084,2a
MG891125,2a
MG891122,2a
MG891121,2a
MG891120,2a
MG891106,2a
MG891117,2a
MG891115,2a
MG891114,2a
MG891113,2a
MG891112,2a
MG891111,2a
MG891108,2a
MG891169,2a
MG890882,2a
MG890880,2a
MG890878,2a
MG890876,2a
MG890874,2a
MG890873,2a
MG890870,2a
MG890906,2a
MG890905,2a
MG890904,2a
MG890902,2a
MG890901,2a
MG890900,2a
MG890896,2a
MG890895,2a
MG890893,2a
MG890891,2a
MG890898,2a
MG890840,2a
MG890838,2a
MG890837,2a
MG890843,2a
MG890834,2a
MG890831,2a
MG890829,2a
MG890826,2a
MG890908,2a
MG890864,2a
MG890853,2a
MG890850,2a
MG890849,2a
MG890855,2a
MG890996,2a
MG890909,2a
MG890971,2a
MG890970,2a
MG890967,2a
MG890963,2a
MG890962,2a
MG890960,2a
MG890959,2a
MG890957,2a
MG890956,2a
MG890993,2a
MG890992,2a
MG890989,2a
MG890987,2a
MG890955,2a
MG890984,2a
MG890981,2a
MG890979,2a
MG890985,2a
MG890954,2a
MG890929,2a
MG890928,2a
MG890917,2a
MG890914,2a
MG890912,2a
MG890920,2a
MG890951,2a
MG890941,2a
MG890940,2a
MG890939,2a
MG890937,2a
MG890935,2a
MG891408,2a
MG891407,2a
MG891406,2a
MG891404,2a
MG891403,2a
MG891401,2a
MG891400,2a
MG891397,2a
MG891394,2a
MG891392,2a
MG891410,2a
MG891411,2a
MG891430,2a
MG891429,2a
MG891427,2a
MG891425,2a
MG891423,2a
MG891391,2a
MG891422,2a
MG891420,2a
MG891419,2a
MG891417,2a
MG891416,2a
MG891415,2a
MG891413,2a
MG891421,2a
MG891390,2a
MG891388,2a
MG891365,2a
MG891363,2a
MG891353,2a
MG891352,2a
MG891356,2a
MG891431,2a
MG891367,2a
MG891387,2a
MG891386,2a
MG891385,2a
MG891383,2a
MG891382,2a
MG891381,2a
MG891380,2a
MG891379,2a
MG891377,2a
MG891376,2a
MG891374,2a
MG891371,2a
MG891378,2a
MG891434,2a
MG891495,2a
MG891494,2a
MG891493,2a
MG891488,2a
MG891487,2a
MG891485,2a
MG891484,2a
MG891483,2a
MG891496,2a
MG891498,2a
MG891499,2a
MG891517,2a
MG891516,2a
MG891515,2a
MG891512,2a
MG891511,2a
MG891510,2a
MG891509,2a
MG891507,2a
MG891506,2a
MG891505,2a
MG891504,2a
MG891508,2a
MG891477,2a
MG891451,2a
MG891449,2a
MG891448,2a
MG891447,2a
MG891445,2a
MG891441,2a
MG891437,2a
MG891435,2a
MG891433,2a
MG891456,2a
MG891474,2a
MG891473,2a
MG891469,2a
MG891467,2a
MG891455,2a
MG891464,2a
MG891463,2a
MG891459,2a
MG891233,2a
MG891231,2a
MG891228,2a
MG891227,2a
MG891226,2a
MG891224,2a
MG891223,2a
MG891222,2a
MG891221,2a
MG891219,2a
MG891234,2a
MG891235,2a
MG891253,2a
MG891252,2a
MG891250,2a
MG891249,2a
MG891248,2a
MG891216,2a
MG891245,2a
MG891244,2a
MG891243,2a
MG891242,2a
MG891246,2a
MG891214,2a
MG891213,2a
MG891190,2a
MG891189,2a
MG891187,2a
MG891184,2a
MG891191,2a
MG891178,2a
MG891177,2a
MG891176,2a
MG891209,2a
MG891205,2a
MG891202,2a
MG891201,2a
MG891196,2a
MG891203,2a
MG891257,2a
MG891321,2a
MG891320,2a
MG891319,2a
MG891317,2a
MG891315,2a
MG891313,2a
MG891310,2a
MG891307,2a
MG891322,2a
MG891323,2a
MG891324,2a
MG891335,2a
MG891333,2a
MG891332,2a
MG891327,2a
MG891302,2a
MG891301,2a
MG891278,2a
MG891277,2a
MG891272,2a
MG891271,2a
MG891270,2a
MG891269,2a
MG891263,2a
MG891262,2a
MG891261,2a
MG891268,2a
MG891258,2a
MG891296,2a
MG891295,2a
MG891294,2a
MG891293,2a
MG891290,2a
MG891287,2a
MG891285,2a
MG891284,2a
MG891725,2a
AB005700,2b
AJ511117,2b
KX621549,2b
KX621548,2b
KX621547,2b
KX621546,2b
KX621545,2b
KF548011,2b
KX621550,2b
KF548005,2b
KC967478,2b
KC967477,2b
KC844048,2b
KX621551,2b
KX621553,2b
L29464,2b
L23456,2b
L23455,2b
L23454,2b
L23453,2b
L23452,2b
KX621552,2b
L23451,2b
L16657,2b
L16655,2b
L16649,2b
KX621556,2b
KX621555,2b
KX621554,2b
L16672,2b
L29630,2b
KC820637,2b
KC520850,2b
JQ803752,2b
JQ803751,2b
JQ803750,2b
JQ803749,2b
JQ803748,2b
JQ803747,2b
JQ803753,2b
JQ803746,2b
JQ803744,2b
JQ803743,2b
JQ803742,2b
JQ803741,2b
JQ803745,2b
KC520853,2b
JQ803754,2b
JQ803756,2b
KC520841,2b
KC520839,2b
KC520837,2b
KC520829,2b
KC285286,2b
KC197226,2b
KC143933,2b
JX676929,2b
JQ924915,2b
JQ804155,2b
JQ804154,2b
JQ803757,2b
JX677322,2b
L34364,2b
L34368,2b
L34369,2b
LC131583,2b
LC131582,2b
LC131581,2b
LC131580,2b
LC131578,2b
LC131584,2b
LC131572,2b
LC131568,2b
LC131542,2b
LC131541,2b
LC131540,2b
LC131571,2b
LC131539,2b
LC131585,2b
LC131587,2b
LC131611,2b
LC131610,2b
LC131609,2b
LC131608,2b
LC131597,2b
LC131596,2b
LC131586,2b
LC131595,2b
LC131593,2b
LC131592,2b
LC131591,2b
LC131590,2b
LC131589,2b
LC131588,2b
LC131594,2b
LC131538,2b
LC131537,2b
LC131536,2b
LC131506,2b
LC131505,2b
LC131504,2b
LC131503,2b
LC131497,2b
LC131496,2b
LC131507,2b
LC131495,2b
LC131493,2b
L39304,2b
L39283,2b
L34373,2b
L34372,2b
L34371,2b
LC131494,2b
LC131508,2b
LC131509,2b
LC131535,2b
LC131534,2b
LC131533,2b
LC131522,2b
LC131521,2b
LC131520,2b
LC131519,2b
LC131518,2b
LC131517,2b
LC131516,2b
LC131515,2b
LC131514,2b
LC131513,2b
LC131512,2b
LC131511,2b
JQ803738,2b
JQ803736,2b
JQ803735,2b
JQ061744,2b
JQ061743,2b
JQ061739,2b
JQ061738,2b
JQ061735,2b
JQ061731,2b
JQ803610,2b
JQ803609,2b
JQ803608,2b
JQ803607,2b
JQ803604,2b
JQ803602,2b
JQ746506,2b
JQ746501,2b
JQ745651,2b
JQ323496,2b
JQ061729,2b
JQ061727,2b
JQ061707,2b
JQ061706,2b
JQ061703,2b
JQ061708,2b
JQ061697,2b
JQ061700,2b
JQ061709,2b
JQ061726,2b
JQ061719,2b
JQ061717,2b
JQ803611,2b
LC131612,2b
JQ803612,2b
JQ803614,2b
JQ803716,2b
JQ803715,2b
JQ803713,2b
JQ803717,2b
JQ803708,2b
JQ803707,2b
JQ803706,2b
JQ803705,2b
JQ803704,2b
JQ803703,2b
JQ803709,2b
JQ803702,2b
JQ803720,2b
JQ803733,2b
JQ803731,2b
JQ803730,2b
JQ803729,2b
JQ803726,2b
JQ803723,2b
JQ803727,2b
JQ803701,2b
JQ803700,2b
JQ803699,2b
JQ803625,2b
JQ803616,2b
JQ803615,2b
JQ803621,2b
JQ803630,2b
JQ803698,2b
JQ803696,2b
JQ803695,2b
JQ803692,2b
JQ803691,2b
JQ803690,2b
JQ803637,2b
JQ803613,2b
JQ061693,2b
LC131613,2b
LC131615,2b
OK552908,2b
OK552907,2b
OK552906,2b
OK552905,2b
OK552904,2b
OK552903,2b
OK552909,2b
MZ327800,2b
MZ327755,2b
MW323111,2b
MW323097,2b
MW323093,2b
MW323091,2b
MW323085,2b
MZ327784,2b
MW323077,2b
OK552910,2b
OK552912,2b
OK552926,2b
OK552925,2b
OK552924,2b
OK552923,2b
OK552922,2b
OK552921,2b
OK552911,2b
OK552920,2b
OK552918,2b
OK552917,2b
OK552916,2b
OK552915,2b
OK552914,2b
OK552913,2b
OK552919,2b
OK552927,2b
MW323074,2b
MT995339,2b
MT416931,2b
MT416930,2b
MT416929,2b
MT416928,2b
MT416927,2b
MT416932,2b
MT416925,2b
MT416923,2b
MT416922,2b
MT416921,2b
MT416920,2b
MT416919,2b
MT416918,2b
MT416924,2b
MT995340,2b
MT416933,2b
MT416935,2b
MT995338,2b
MT995337,2b
MT995336,2b
MT995315,2b
MT995313,2b
MT416934,2b
MT995312,2b
MT916285,2b
MT523042,2b
MT482280,2b
MT428281,2b
MT428218,2b
MT416936,2b
MT995311,2b
OK552928,2b
OK552929,2b
OK552930,2b
OK552981,2b
OK552980,2b
OK552979,2b
OK552978,2b
OK552977,2b
OK552976,2b
OK552982,2b
OK552975,2b
OK552973,2b
OK552972,2b
OK552971,2b
OK552970,2b
OK552969,2b
OK552968,2b
OK552974,2b
OK552967,2b
OK552983,2b
OK552985,2b
OK582526,2b
OK582525,2b
OK582524,2b
OK552996,2b
OK552995,2b
OK552994,2b
OK552984,2b
OK552993,2b
OK552991,2b
OK552990,2b
OK552989,2b
OK552988,2b
OK552987,2b
OK552986,2b
OK552992,2b
OK552966,2b
OK552965,2b
OK552964,2b
OK552944,2b
OK552943,2b
OK552942,2b
OK552941,2b
OK552940,2b
OK552939,2b
OK552945,2b
OK552938,2b
OK552936,2b
OK552935,2b
OK552934,2b
OK552933,2b
OK552932,2b
OK552931,2b
OK552937,2b
OK552946,2b
OK552947,2b
OK552948,2b
OK552963,2b
OK552962,2b
OK552961,2b
OK552960,2b
OK552959,2b
OK552958,2b
OK552957,2b
OK552956,2b
OK552955,2b
OK552954,2b
OK552953,2b
OK552952,2b
OK552951,2b
OK552950,2b
OK552949,2b
MT416917,2b
MT416915,2b
MT416914,2b
LC374863,2b
LC374856,2b
LC374853,2b
LC374852,2b
LC374851,2b
LC374843,2b
LC374841,2b
LC374839,2b
LC374844,2b
LC374819,2b
LC374874,2b
LC374881,2b
LC557719,2b
LC557710,2b
LC557697,2b
LC557673,2b
LC557668,2b
LC557666,2b
LC557662,2b
LC557630,2b
LC538262,2b
LC538257,2b
LC538256,2b
LC538253,2b
LC374884,2b
LC557653,2b
LC374817,2b
LC371922,2b
LC191881,2b
LC191880,2b
LC191879,2b
LC191878,2b
LC191877,2b
LC191876,2b
LC191882,2b
LC191875,2b
LC191873,2b
LC191872,2b
LC150574,2b
LC150570,2b
LC131616,2b
LC191874,2b
LC191884,2b
LC191885,2b
LC368439,2b
LC368438,2b
LC368430,2b
LC368411,2b
LC368397,2b
LC368367,2b
LC368366,2b
LC368363,2b
LC273304,2b
LC191891,2b
LC191889,2b
LC191888,2b
LC191887,2b
LC557721,2b
LC557732,2b
LC557762,2b
MT416895,2b
MT416894,2b
MT416893,2b
MT416892,2b
MT416891,2b
MT416890,2b
MT416889,2b
MT416887,2b
MT416886,2b
MT416885,2b
MN385564,2b
MN385563,2b
MN147523,2b
MT416888,2b
MN147522,2b
MT416897,2b
MT416899,2b
MT416913,2b
MT416912,2b
MT416911,2b
MT416910,2b
MT416909,2b
MT416908,2b
MT416898,2b
MT416907,2b
MT416905,2b
MT416904,2b
MT416903,2b
MT416902,2b
MT416901,2b
MT416900,2b
MT416906,2b
MN147521,2b
MK437015,2b
MK436508,2b
MF985237,2b
M95104,2b
M84850,2b
MK468933,2b
M84831,2b
LC658679,2b
LC658676,2b
LC658671,2b
LC658670,2b
LC557798,2b
LC557779,2b
M84825,2b
MK468934,2b
MK468935,2b
MK548363,2b
MN147366,2b
MN147365,2b
MN147364,2b
MN147363,2b
MN147362,2b
MN147361,2b
MK984716,2b
MK984713,2b
MK984711,2b
MK616422,2b
MK548369,2b
MK548368,2b
MK548367,2b
MK548365,2b
MK548364,2b
LC557750,2b
OK582527,2b
JF722532,2b
JF722527,2b
JF722526,2b
JF722523,2b
JF722520,2b
JF722519,2b
JF722534,2b
JF722516,2b
JF722512,2b
JF722510,2b
JF722505,2b
JF722504,2b
JF722503,2b
JF722502,2b
JF722513,2b
JF722501,2b
JF722538,2b
JF722546,2b
JF722608,2b
JF722607,2b
JF722594,2b
JF722591,2b
JF722582,2b
JF722579,2b
JF722541,2b
JF722577,2b
JF722574,2b
JF722570,2b
JF722565,2b
JF722557,2b
JF722549,2b
JF722548,2b
JF722575,2b
JF722611,2b
JF722499,2b
JF722497,2b
JF722469,2b
JF722468,2b
JF722467,2b
JF722464,2b
JF722463,2b
JF722460,2b
JF722470,2b
JF722459,2b
JF722457,2b
HQ630405,2b
HQ630404,2b
HQ630403,2b
HQ623314,2b
HQ623289,2b
JF722458,2b
JF722498,2b
JF722472,2b
JF722474,2b
JF722496,2b
JF722495,2b
JF722494,2b
JF722493,2b
JF722492,2b
JF722491,2b
JF722473,2b
JF722490,2b
JF722488,2b
JF722486,2b
JF722485,2b
JF722483,2b
JF722482,2b
JF722481,2b
JF722489,2b
JF722614,2b
JF722615,2b
JF722616,2b
JN214869,2b
JN214865,2b
JN214852,2b
JN214844,2b
JN214839,2b
JN214835,2b
JN214885,2b
JN214831,2b
JN214818,2b
JN214809,2b
JN214797,2b
JN214796,2b
JN214791,2b
JN214783,2b
JN214829,2b
JN214779,2b
JN656623,2b
JN657314,2b
JQ061398,2b
JQ061396,2b
JN657313,2b
JN657414,2b
JN657412,2b
JN657399,2b
JN657398,2b
JN657337,2b
JN657336,2b
JN657413,2b
JN214773,2b
JN214738,2b
JN214733,2b
JF824340,2b
JF824339,2b
JF824306,2b
JF824245,2b
JF824226,2b
JF824215,2b
JF824378,2b
JF824207,2b
JF824203,2b
JF824165,2b
JF824164,2b
JF779679,2b
JF722619,2b
JF722617,2b
JF824206,2b
JF824381,2b
JF824382,2b
JF824390,2b
JN214721,2b
JN214717,2b
JN214716,2b
JN214702,2b
JN214679,2b
JN214675,2b
JN214653,2b
JN214645,2b
JN214637,2b
JN214636,2b
JN214627,2b
JN214597,2b
JF824471,2b
JF824420,2b
JF824400,2b
HQ623275,2b
HQ022879,2b
HQ022878,2b
HM777446,2b
EF205219,2b
EF136869,2b
EF116057,2b
EF116041,2b
EF116039,2b
EF115834,2b
EF205222,2b
EF115819,2b
EF115618,2b
EF115603,2b
EF103939,2b
EF115817,2b
EF103936,2b
EF205223,2b
EF205230,2b
EF523596,2b
EF442251,2b
EF442250,2b
EF442249,2b
EF442248,2b
EF442247,2b
EF205225,2b
EF442246,2b
EF205248,2b
EF205243,2b
EF205241,2b
EF205240,2b
EF205237,2b
EF205233,2b
EF205251,2b
EF103935,2b
EF103934,2b
DQ648511,2b
DQ648504,2b
DQ648503,2b
DQ648502,2b
DQ648501,2b
DQ641981,2b
DQ648512,2b
DQ641980,2b
DQ641978,2b
DQ485288,2b
DQ430818,2b
DQ430817,2b
DQ430816,2b
DQ430815,2b
DQ648513,2b
DQ648514,2b
DQ666241,2b
EF103929,2b
EF103928,2b
EF103926,2b
DQ898020,2b
DQ898017,2b
DQ868995,2b
DQ776896,2b
DQ776895,2b
DQ666263,2b
EU293542,2b
JQ061399,2b
EU293543,2b
EU302587,2b
HM777249,2b
HM777248,2b
HM568437,2b
HM568436,2b
HM568435,2b
HM568434,2b
HM777250,2b
HM568433,2b
HM566119,2b
HM566115,2b
GU220398,2b
GU117920,2b
GU117915,2b
GU054447,2b
HM568432,2b
GU054443,2b
HM777251,2b
HM777253,2b
HM777427,2b
HM777401,2b
HM777398,2b
HM777397,2b
HM777263,2b
HM777262,2b
HM777252,2b
HM777261,2b
HM777259,2b
HM777258,2b
HM777257,2b
HM777256,2b
HM777255,2b
HM777254,2b
HM777260,2b
GU054407,2b
GU054403,2b
GQ379803,2b
FJ024191,2b
FJ024190,2b
FJ024189,2b
FJ024188,2b
EU867438,2b
FJ159757,2b
EU867437,2b
EU332549,2b
EU312151,2b
EU312150,2b
EU312149,2b
EU312148,2b
FJ159758,2b
FJ159759,2b
FJ159760,2b
GQ379229,2b
GQ281506,2b
FJ872271,2b
FJ872249,2b
FJ386799,2b
FJ386775,2b
FJ386698,2b
FJ159840,2b
FJ159839,2b
FJ159838,2b
FJ159837,2b
FJ159836,2b
FJ159835,2b
FJ159834,2b
FJ159761,2b
EU293544,2b
JQ061400,2b
JQ061402,2b
JQ061598,2b
JQ061597,2b
JQ061596,2b
JQ061594,2b
JQ061593,2b
JQ061599,2b
JQ061592,2b
JQ061590,2b
JQ061589,2b
JQ061587,2b
JQ061585,2b
JQ061591,2b
JQ061600,2b
JQ061602,2b
JQ061616,2b
JQ061615,2b
JQ061614,2b
JQ061613,2b
JQ061612,2b
JQ061611,2b
JQ061601,2b
JQ061610,2b
JQ061608,2b
JQ061607,2b
JQ061606,2b
JQ061605,2b
JQ061604,2b
JQ061603,2b
JQ061609,2b
JQ061617,2b
JQ061562,2b
JQ061556,2b
JQ061554,2b
JQ061553,2b
JQ061551,2b
JQ061580,2b
JQ061577,2b
JQ061576,2b
JQ061574,2b
JQ061572,2b
JQ061568,2b
JQ061573,2b
JQ061618,2b
JQ061671,2b
JQ061670,2b
JQ061669,2b
JQ061668,2b
JQ061667,2b
JQ061666,2b
JQ061663,2b
JQ061662,2b
JQ061660,2b
JQ061657,2b
JQ061685,2b
JQ061684,2b
JQ061674,2b
JQ061681,2b
JQ061679,2b
JQ061677,2b
JQ061676,2b
JQ061682,2b
JQ061656,2b
JQ061655,2b
JQ061654,2b
JQ061634,2b
JQ061633,2b
JQ061632,2b
JQ061631,2b
JQ061630,2b
JQ061629,2b
JQ061635,2b
JQ061628,2b
JQ061626,2b
JQ061623,2b
JQ061627,2b
JQ061636,2b
JQ061637,2b
JQ061638,2b
JQ061653,2b
JQ061652,2b
JQ061651,2b
JQ061650,2b
JQ061649,2b
JQ061647,2b
JQ061646,2b
JQ061645,2b
JQ061644,2b
JQ061643,2b
JQ061642,2b
JQ061641,2b
JQ061640,2b
JQ061639,2b
JQ061545,2b
JQ061453,2b
JQ061449,2b
JQ061448,2b
JQ061447,2b
JQ061445,2b
JQ061442,2b
JQ061441,2b
JQ061440,2b
JQ061439,2b
JQ061471,2b
JQ061470,2b
JQ061469,2b
JQ061468,2b
JQ061467,2b
JQ061466,2b
JQ061465,2b
JQ061463,2b
JQ061462,2b
JQ061461,2b
JQ061460,2b
JQ061438,2b
JQ061436,2b
JQ061416,2b
JQ061415,2b
JQ061414,2b
JQ061413,2b
JQ061412,2b
JQ061411,2b
JQ061417,2b
JQ061410,2b
JQ061408,2b
JQ061407,2b
JQ061404,2b
JQ061403,2b
JQ061409,2b
JQ061418,2b
JQ061419,2b
JQ061420,2b
JQ061435,2b
JQ061434,2b
JQ061433,2b
JQ061432,2b
JQ061431,2b
JQ061430,2b
JQ061429,2b
JQ061428,2b
JQ061426,2b
JQ061425,2b
JQ061424,2b
JQ061423,2b
JQ061422,2b
JQ061421,2b
JQ061472,2b
JQ061473,2b
JQ061475,2b
JQ061526,2b
JQ061525,2b
JQ061523,2b
JQ061521,2b
JQ061527,2b
JQ061520,2b
JQ061517,2b
JQ061515,2b
JQ061519,2b
JQ061544,2b
JQ061543,2b
JQ061542,2b
JQ061541,2b
JQ061540,2b
JQ061529,2b
JQ061531,2b
JQ061510,2b
JQ061489,2b
JQ061488,2b
JQ061487,2b
JQ061486,2b
JQ061485,2b
JQ061484,2b
JQ061490,2b
JQ061483,2b
JQ061481,2b
JQ061480,2b
JQ061479,2b
JQ061478,2b
JQ061477,2b
JQ061476,2b
JQ061482,2b
JQ061491,2b
JQ061492,2b
JQ061493,2b
JQ061505,2b
JQ061503,2b
JQ061502,2b
JQ061501,2b
JQ061500,2b
JQ061499,2b
JQ061498,2b
JQ061497,2b
JQ061496,2b
JQ061495,2b
JQ061494,2b
JQ061474,2b
DQ364460,2b
OK582528,2b
AF390588,2b
AF488353,2b
AF488376,2b
AF511758,2b
AF511759,2b
AF511760,2b
AF390587,2b
AF511761,2b
AF511763,2b
AF511764,2b
AF511765,2b
AF511860,2b
AF511861,2b
AF511862,2b
AF511762,2b
AF511863,2b
AF390586,2b
AF390584,2b
AF238486,2b
AF245288,2b
AF245289,2b
AF348703,2b
AF390574,2b
AF390585,2b
AF390576,2b
AF390580,2b
AF390581,2b
AF390583,2b
AF238220,2b
AF511864,2b
AF511866,2b
AJ228366,2b
AJ228367,2b
AJ228369,2b
AJ228375,2b
AJ228378,2b
AF511867,2b
AF515924,2b
AF515925,2b
AF516033,2b
AF516034,2b
AJ228356,2b
AF238219,2b
AF238218,2b
AF238217,2b
AF238166,2b
AF238167,2b
AF238168,2b
AF238169,2b
AF238170,2b
AF238171,2b
AF238165,2b
AF238172,2b
AF238174,2b
AF238175,2b
AF238176,2b
AF238177,2b
AF238178,2b
AF238179,2b
AF238173,2b
AF238164,2b
AF238162,2b
AF238148,2b
AF238149,2b
AF238150,2b
AF238151,2b
AF238152,2b
AF238153,2b
AF238163,2b
AF238156,2b
AF238157,2b
AF238158,2b
AF238159,2b
AF238160,2b
AF238161,2b
AF238181,2b
AF238182,2b
AF238183,2b
AF238203,2b
AF238204,2b
AF238205,2b
AF238206,2b
AF238207,2b
AF238208,2b
AF238202,2b
AF238209,2b
AF238211,2b
AF238212,2b
AF238213,2b
AF238214,2b
AF238215,2b
AF238216,2b
AF238210,2b
AF238200,2b
AF238199,2b
AF238184,2b
AF238185,2b
AF238186,2b
AF238187,2b
AF238188,2b
AF238189,2b
AF238190,2b
AF238191,2b
AF238193,2b
AF238195,2b
AF238196,2b
AF238197,2b
AF238198,2b
AF238147,2b
AJ228381,2b
AJ511168,2b
AJ511169,2b
AJ511171,2b
AJ511172,2b
AJ511173,2b
AJ511137,2b
AJ511174,2b
AJ511176,2b
AJ511177,2b
AJ511178,2b
AJ511179,2b
AJ511180,2b
AJ511181,2b
AJ511175,2b
AJ511136,2b
AJ511134,2b
AJ511120,2b
AJ511121,2b
AJ511122,2b
AJ511123,2b
AJ511124,2b
AJ511125,2b
AJ511135,2b
AJ511126,2b
AJ511128,2b
AJ511129,2b
AJ511130,2b
AJ511131,2b
AJ511133,2b
AJ511127,2b
AJ511119,2b
AJ511183,2b
AJ511185,2b
AJ511229,2b
AJ511231,2b
AJ511232,2b
AJ511233,2b
AJ511234,2b
AJ511228,2b
AJ511235,2b
AJ511240,2b
AJ511242,2b
AJ511184,2b
AJ511227,2b
AJ511186,2b
AJ511187,2b
AJ511188,2b
AJ511190,2b
AJ511191,2b
AJ511226,2b
AJ511192,2b
AJ511195,2b
AJ511196,2b
AJ511197,2b
AJ511116,2b
AJ228404,2b
AJ228406,2b
AJ228407,2b
AJ228410,2b
AJ228411,2b
AJ228386,2b
AJ228388,2b
AJ228399,2b
AJ228392,2b
AJ228393,2b
AJ228396,2b
AJ228417,2b
AJ228418,2b
AJ228439,2b
AJ228443,2b
AJ228445,2b
AJ228446,2b
AJ511109,2b
AJ511112,2b
AJ511114,2b
AJ511108,2b
AJ228436,2b
AJ228422,2b
AJ228427,2b
AJ228428,2b
AJ228431,2b
AF238146,2b
AF238145,2b
AF238144,2b
AB600815,2b
AB600816,2b
AB600817,2b
AB600818,2b
AB600819,2b
AB600820,2b
AB600814,2b
AB600821,2b
AB600823,2b
AB600824,2b
AB600825,2b
AB600826,2b
AB600827,2b
AB600828,2b
AB600822,2b
AB600829,2b
AB600813,2b
AB600811,2b
AB555529,2b
AB559564,2b
AB587138,2b
AB600801,2b
AB600802,2b
AB600812,2b
AB600803,2b
AB600805,2b
AB600806,2b
AB600807,2b
AB600808,2b
AB600809,2b
AB600810,2b
AB600804,2b
AB555524,2b
AB600830,2b
AB600832,2b
AB661388,2b
AB661389,2b
AB661390,2b
AB661391,2b
AB661392,2b
AB661393,2b
AB661387,2b
AB661394,2b
AB661396,2b
AB661397,2b
AB661398,2b
AB661399,2b
AB661401,2b
AB661395,2b
AB600831,2b
AB661386,2b
AB661384,2b
AB600833,2b
AB600834,2b
AB661373,2b
AB661374,2b
AB661375,2b
AB661385,2b
AB661376,2b
AB661378,2b
AB661379,2b
AB661380,2b
AB661381,2b
AB661382,2b
AB661383,2b
AB661377,2b
AB555523,2b
AB472170,2b
AB472169,2b
AB012549,2b
AB012551,2b
AB012548,2b
AB012557,2b
AB012559,2b
AB012562,2b
AB012563,2b
AB012547,2b
AB012545,2b
AB005701,2b
AB005702,2b
AB005703,2b
AB005704,2b
AB005705,2b
AB005706,2b
AB012546,2b
AB008089,2b
AB012539,2b
AB012540,2b
AB012541,2b
AB012542,2b
AB012543,2b
AB012544,2b
AB012538,2b
AB030987,2b
AB030988,2b
AB030995,2b
AB030996,2b
AB030997,2b
AB030998,2b
AB030986,2b
AB030999,2b
AB031002,2b
AB039867,2b
AB092964,2b
AB472166,2b
AB472167,2b
AB472168,2b
AB031000,2b
AB030985,2b
AB030980,2b
AB030979,2b
AB012567,2b
AB030907,2b
AB030960,2b
AB030961,2b
AB030963,2b
AB030964,2b
AB030965,2b
AB030966,2b
AB030967,2b
AB030968,2b
AB030970,2b
AB030973,2b
AB030974,2b
AB030975,2b
AB030976,2b
AB661402,2b
AB661403,2b
AB661404,2b
AB661405,2b
AF238093,2b
AF238094,2b
AF238095,2b
AF238096,2b
AF238098,2b
AF238092,2b
AF238099,2b
AF238101,2b
AF238102,2b
AF238103,2b
AF238105,2b
AF238106,2b
AF238100,2b
AF238107,2b
AF238091,2b
AF238089,2b
AF218879,2b
AF218880,2b
AF218881,2b
AF218882,2b
AF233698,2b
AF233699,2b
AF238090,2b
AF233707,2b
AF233719,2b
AF238084,2b
AF238087,2b
AF238088,2b
AF233708,2b
AF238108,2b
AF238109,2b
AF238130,2b
AF238131,2b
AF238132,2b
AF238133,2b
AF238134,2b
AF238135,2b
AF238129,2b
AF238136,2b
AF238138,2b
AF238139,2b
AF238140,2b
AF238142,2b
AF238143,2b
AF238137,2b
AF238128,2b
AF238127,2b
AF238126,2b
AF238111,2b
AF238112,2b
AF238113,2b
AF238114,2b
AF238115,2b
AF238116,2b
AF238117,2b
AF238118,2b
AF238119,2b
AF238120,2b
AF238121,2b
AF238123,2b
AF238124,2b
AF238125,2b
AF218878,2b
AJ511243,2b
AF218877,2b
AF217307,2b
AB661424,2b
AB661425,2b
AB661426,2b
AB661427,2b
AB661428,2b
AB661429,2b
AB661423,2b
AB661430,2b
AB661432,2b
AB705313,2b
AB705319,2b
AB705321,2b
AB705329,2b
AB661431,2b
AB705336,2b
AB661422,2b
AB661420,2b
AB661406,2b
AB661407,2b
AB661408,2b
AB661409,2b
AB661410,2b
AB661411,2b
AB661421,2b
AB661412,2b
AB661414,2b
AB661415,2b
AB661416,2b
AB661417,2b
AB661413,2b
AB705337,2b
AB705345,2b
AB705351,2b
AF164108,2b
AF164110,2b
AF206347,2b
AF206348,2b
AF206349,2b
AF206350,2b
AF107040,2b
AF206360,2b
AF206430,2b
AF206432,2b
AF206433,2b
AF217305,2b
AF217306,2b
AF206429,2b
AF071972,2b
AF071971,2b
AF071969,2b
AB705355,2b
AB705358,2b
AB705367,2b
AB705369,2b
AB705370,2b
AB705371,2b
AB705372,2b
AB705373,2b
AB705375,2b
AB705385,2b
AF057147,2b
AF057148,2b
AF057149,2b
AF071954,2b
AF071967,2b
AF218876,2b
OK582529,2b
AJ511244,2b
AJ511246,2b
DQ355625,2b
DQ355626,2b
DQ355627,2b
DQ355628,2b
DQ355629,2b
DQ355638,2b
DQ355639,2b
DQ355641,2b
DQ355642,2b
DQ355643,2b
DQ355644,2b
DQ355645,2b
DQ355646,2b
DQ355640,2b
DQ355677,2b
DQ355621,2b
DQ345618,2b
DQ345628,2b
DQ345629,2b
DQ355533,2b
DQ355534,2b
DQ355535,2b
DQ355536,2b
DQ355538,2b
DQ355540,2b
DQ355541,2b
DQ345616,2b
DQ355678,2b
DQ355680,2b
Z29459,2b
Z29458,2b
X78861,2b
X65548,2b
U56562,2b
DQ362898,2b
U10233,2b
U10229,2b
U10224,2b
U10195,2b
U10190,2b
U05030,2b
U56560,2b
DQ355679,2b
DQ362890,2b
DQ362887,2b
DQ355681,2b
DQ355682,2b
DQ355683,2b
DQ355684,2b
DQ355685,2b
DQ355686,2b
DQ362888,2b
DQ355687,2b
DQ355689,2b
DQ355690,2b
DQ355691,2b
DQ355692,2b
DQ355693,2b
DQ362886,2b
DQ355688,2b
DQ345615,2b
DQ345614,2b
DQ249794,2b
DQ220954,2b
DQ220955,2b
DQ220956,2b
DQ221003,2b
DQ221004,2b
DQ221005,2b
DQ220953,2b
DQ221006,2b
DQ221008,2b
DQ221009,2b
DQ221010,2b
DQ238625,2b
DQ238635,2b
DQ238636,2b
DQ221007,2b
DQ238657,2b
DQ220952,2b
DQ220950,2b
D66992,2b
D66993,2b
D66994,2b
D66995,2b
D66996,2b
D66997,2b
DQ220951,2b
D66998,2b
D67000,2b
D67001,2b
D67002,2b
D82034,2b
D85023,2b
DQ220949,2b
D66999,2b
DQ238659,2b
DQ238690,2b
DQ249507,2b
DQ249527,2b
DQ249528,2b
DQ249529,2b
DQ249530,2b
DQ249531,2b
DQ249532,2b
DQ249526,2b
DQ249533,2b
DQ249788,2b
DQ249789,2b
DQ249792,2b
DQ249793,2b
DQ249534,2b
DQ249525,2b
DQ249524,2b
DQ249523,2b
DQ249508,2b
DQ249509,2b
DQ249510,2b
DQ249511,2b
DQ249512,2b
DQ249513,2b
DQ249514,2b
DQ249515,2b
DQ249516,2b
DQ249517,2b
DQ249518,2b
DQ249519,2b
DQ249520,2b
DQ249521,2b
DQ249522,2b
OQ343052,2b
OP022919,2b
OP022918,2b
OP022916,2b
OK582581,2b
OK582580,2b
OK582577,2b
OK582575,2b
OK582573,2b
OK582572,2b
OK582571,2b
OK582570,2b
OK582569,2b
OK582568,2b
OK582574,2b
OK582567,2b
OK582583,2b
OK582585,2b
OK582599,2b
OK582598,2b
OK582597,2b
OK582596,2b
OK582594,2b
OK582584,2b
OK582593,2b
OK582591,2b
OK582590,2b
OK582589,2b
OK582587,2b
OK582586,2b
OK582566,2b
OK582565,2b
OK582544,2b
OK582543,2b
OK582542,2b
OK582541,2b
OK582545,2b
OK582538,2b
OK582532,2b
OK582531,2b
OK582537,2b
OK582548,2b
OK582563,2b
OK582562,2b
OK582561,2b
OK582557,2b
OK582556,2b
OK582553,2b
OK582552,2b
OK582551,2b
OK582550,2b
OK582600,2b
D66991,2b
OK582654,2b
OK582653,2b
OK582652,2b
OK582651,2b
OK582649,2b
OK582655,2b
OK582648,2b
OK582646,2b
OK582645,2b
OK582643,2b
OK582641,2b
OK582647,2b
OK582656,2b
OK582658,2b
OP022915,2b
OP022913,2b
OP022912,2b
OP022906,2b
OP022904,2b
ON351050,2b
OK582657,2b
ON351049,2b
OM525899,2b
OM525880,2b
OK582662,2b
OK582660,2b
OK582659,2b
ON351047,2b
OK582639,2b
OK582637,2b
OK582617,2b
OK582616,2b
OK582615,2b
OK582614,2b
OK582612,2b
OK582618,2b
OK582607,2b
OK582606,2b
OK582610,2b
OK582621,2b
OK582635,2b
OK582634,2b
OK582633,2b
OK582632,2b
OK582628,2b
OK582627,2b
OK582626,2b
OK582624,2b
OK582623,2b
OK582622,2b
OK582602,2b
D66990,2b
D66989,2b
D66988,2b
AY232748,2b
AY232749,2b
AY257446,2b
AY257448,2b
AY257460,2b
AY257461,2b
AY232747,2b
AY597255,2b
AY622929,2b
AY766576,2b
AY766654,2b
AY766668,2b
AY766672,2b
AY766688,2b
AY622926,2b
AY766781,2b
AY232746,2b
AY232744,2b
AY232730,2b
AY232731,2b
AY232732,2b
AY232733,2b
AY232734,2b
AY232735,2b
AY232745,2b
AY232736,2b
AY232738,2b
AY232739,2b
AY232740,2b
AY232741,2b
AY232742,2b
AY232743,2b
AY232737,2b
AY188170,2b
AY766841,2b
AY766937,2b
AY767212,2b
AY767239,2b
AY767286,2b
AY767314,2b
AY767363,2b
AY767379,2b
AY767197,2b
AY767399,2b
AY767449,2b
AY767459,2b
AY767495,2b
AY767512,2b
AY767514,2b
AY767528,2b
AY767448,2b
AY766929,2b
AY767187,2b
AY767161,2b
AY766944,2b
AY766986,2b
AY766992,2b
AY767013,2b
AY767028,2b
AY767064,2b
AY767170,2b
AY767085,2b
AY767098,2b
AY767102,2b
AY767114,2b
AY767131,2b
AY767151,2b
AY767153,2b
AY767090,2b
AY188168,2b
AY188167,2b
AM884975,2b
AM884976,2b
AM884977,2b
AM884978,2b
AM884979,2b
AM884980,2b
AM884974,2b
AM884983,2b
AM884984,2b
AM884986,2b
AM884987,2b
AM884988,2b
AM884982,2b
AM113975,2b
AJ511247,2b
AJ511248,2b
AJ511249,2b
AJ511251,2b
AJ511252,2b
AJ566127,2b
AJ566122,2b
AJ566123,2b
AJ566124,2b
AJ566125,2b
AM884990,2b
AM884991,2b
AM884992,2b
AY004006,2b
AY004024,2b
AY004025,2b
AY004026,2b
AY004027,2b
AY004028,2b
AY004005,2b
AY004029,2b
AY004031,2b
AY177883,2b
AY177884,2b
AY177885,2b
AY177886,2b
AY188166,2b
AY004030,2b
AY004004,2b
AY004003,2b
AY004002,2b
AM884993,2b
AM884994,2b
AM884995,2b
AM884996,2b
AM884997,2b
AM884998,2b
AM884999,2b
AM885000,2b
AM885003,2b
AM885004,2b
AM885006,2b
AM885007,2b
AY767555,2b
AJ511245,2b
AY767563,2b
AY767589,2b
D66936,2b
D66937,2b
D66938,2b
D66939,2b
D66940,2b
D66941,2b
D66935,2b
D66942,2b
D66944,2b
D66945,2b
D66946,2b
D66947,2b
D66948,2b
D66949,2b
D66943,2b
D66950,2b
D66934,2b
D66932,2b
D66918,2b
D66919,2b
D66920,2b
D66921,2b
D66922,2b
D66923,2b
D66933,2b
D66924,2b
D66926,2b
D66927,2b
D66928,2b
D66929,2b
D66930,2b
D66931,2b
D66925,2b
D66951,2b
D66952,2b
D66953,2b
D66973,2b
D66974,2b
D66975,2b
D66976,2b
D66977,2b
D66978,2b
D66972,2b
D66979,2b
D66981,2b
D66982,2b
D66983,2b
D66984,2b
D66985,2b
D66986,2b
D66980,2b
D66971,2b
D66970,2b
D66969,2b
D66954,2b
D66955,2b
D66956,2b
D66957,2b
D66958,2b
D66959,2b
D66960,2b
D66961,2b
D66962,2b
D66963,2b
D66964,2b
D66965,2b
D66966,2b
D66967,2b
D66968,2b
D66917,2b
AY767585,2b
D66916,2b
D66914,2b
AY768006,2b
AY768013,2b
AY768041,2b
AY768051,2b
AY768090,2b
AY768193,2b
AY768003,2b
AY768217,2b
AY768311,2b
AY948182,2b
D00828,2b
D10077,2b
D10119,2b
D10134,2b
AY768265,2b
D10649,2b
AY767998,2b
AY767925,2b
AY767596,2b
AY767629,2b
AY767645,2b
AY767684,2b
AY767697,2b
AY767704,2b
AY767985,2b
AY767760,2b
AY767783,2b
AY767838,2b
AY767857,2b
AY767871,2b
AY767878,2b
AY767912,2b
AY767763,2b
D66915,2b
D10650,2b
D14110,2b
D30728,2b
D30729,2b
D31606,2b
D45877,2b
D45878,2b
D45879,2b
D30727,2b
D49463,2b
D49465,2b
D66909,2b
D66910,2b
D66911,2b
D66912,2b
D66913,2b
D49464,2b
D10988,2b
D30726,2b
D30724,2b
D14113,2b
D14114,2b
D16696,2b
D16718,2b
D16719,2b
D16728,2b
D16729,2b
D30725,2b
D16730,2b
D16735,2b
D29816,2b
D30720,2b
D30721,2b
D30722,2b
D30723,2b
D16734,2b
DQ362899,2b
Z29460,2c
AB287346,2c
DQ506296,2c
DQ506297,2c
DQ506298,2c
DQ506299,2c
DQ506300,2c
DQ506301,2c
DQ506302,2c
DQ506303,2c
DQ506304,2c
DQ506305,2c
DQ506306,2c
DQ506307,2c
DQ506308,2c
DQ506309,2c
DQ506310,2c
DQ506311,2c
DQ506312,2c
DQ506313,2c
DQ506314,2c
DQ506965,2c
DQ506966,2c
DQ790371,2c
EF115800,2c
EF115824,2c
EF115825,2c
DQ506295,2c
EF116022,2c
DQ506294,2c
DQ506292,2c
DQ506265,2c
DQ506266,2c
DQ506267,2c
DQ506268,2c
DQ506269,2c
DQ506270,2c
DQ506271,2c
DQ506272,2c
DQ506273,2c
DQ506274,2c
DQ506275,2c
DQ506276,2c
DQ506277,2c
DQ506278,2c
DQ506279,2c
DQ506280,2c
DQ506281,2c
DQ506282,2c
DQ506283,2c
DQ506284,2c
DQ506285,2c
DQ506286,2c
DQ506287,2c
DQ506288,2c
DQ506289,2c
DQ506290,2c
DQ506291,2c
DQ506293,2c
EF116046,2c
EF116047,2c
EF136868,2c
HM777345,2c
HM777346,2c
HM777347,2c
HM777348,2c
HM777349,2c
HM777350,2c
HM777351,2c
HM777352,2c
HM777353,2c
HM777354,2c
HM777355,2c
HM777356,2c
HM777357,2c
HM777360,2c
HM777375,2c
HM777379,2c
HM777391,2c
HM777408,2c
JF511020,2c
JF511021,2c
JF511022,2c
JF511023,2c
JF511024,2c
JF511025,2c
JF511026,2c
JF511027,2c
JF511028,2c
HM777344,2c
GU054429,2c
GU054391,2c
GQ388001,2c
EF175805,2c
EF175807,2c
EF175808,2c
EF175812,2c
EF175813,2c
EF175828,2c
EF175830,2c
EF175831,2c
EF175835,2c
EF175836,2c
EF195025,2c
EF195026,2c
EF195027,2c
DQ506264,2c
EF205224,2c
EF543233,2c
FJ159833,2c
FJ386792,2c
FJ386795,2c
FJ872250,2c
FJ872251,2c
FJ872252,2c
FJ872253,2c
FJ872263,2c
FM881906,2c
GQ387952,2c
GQ387953,2c
EF205242,2c
JF511029,2c
DQ506263,2c
DQ506261,2c
DQ506171,2c
DQ506172,2c
DQ506173,2c
DQ506174,2c
DQ506175,2c
DQ506176,2c
DQ506177,2c
DQ506178,2c
DQ506179,2c
DQ506180,2c
DQ506181,2c
DQ506182,2c
DQ506183,2c
DQ506184,2c
DQ506185,2c
DQ506186,2c
DQ506188,2c
DQ506189,2c
DQ506191,2c
DQ506194,2c
DQ506195,2c
DQ506196,2c
DQ506197,2c
DQ506170,2c
DQ506198,2c
DQ506169,2c
DQ506167,2c
DQ506140,2c
DQ506141,2c
DQ506142,2c
DQ506143,2c
DQ506145,2c
DQ506146,2c
DQ506147,2c
DQ506148,2c
DQ506150,2c
DQ506151,2c
DQ506152,2c
DQ506153,2c
DQ506154,2c
DQ506156,2c
DQ506157,2c
DQ506159,2c
DQ506161,2c
DQ506162,2c
DQ506163,2c
DQ506164,2c
DQ506166,2c
DQ506168,2c
DQ506201,2c
DQ506234,2c
DQ506235,2c
DQ506236,2c
DQ506237,2c
DQ506238,2c
DQ506239,2c
DQ506240,2c
DQ506241,2c
DQ506242,2c
DQ506243,2c
DQ506244,2c
DQ506245,2c
DQ506246,2c
DQ506247,2c
DQ506248,2c
DQ506249,2c
DQ506250,2c
DQ506251,2c
DQ506252,2c
DQ506253,2c
DQ506254,2c
DQ506255,2c
DQ506256,2c
DQ506257,2c
DQ506258,2c
DQ506260,2c
DQ506233,2c
DQ506232,2c
DQ506231,2c
DQ506230,2c
DQ506202,2c
DQ506203,2c
DQ506205,2c
DQ506206,2c
DQ506208,2c
DQ506209,2c
DQ506210,2c
DQ506211,2c
DQ506212,2c
DQ506213,2c
DQ506214,2c
DQ506262,2c
DQ506215,2c
DQ506217,2c
DQ506218,2c
DQ506219,2c
DQ506220,2c
DQ506221,2c
DQ506224,2c
DQ506226,2c
DQ506228,2c
JF511030,2c
JF511031,2c
JF511032,2c
L38326,2c
L38327,2c
L38328,2c
L38329,2c
L38330,2c
L38337,2c
L38357,2c
L38358,2c
L38362,2c
L38363,2c
L38364,2c
L38365,2c
L38366,2c
L38367,2c
L38368,2c
L38375,2c
L39292,2c
LC368442,2c
LC368444,2c
LC538246,2c
M84833,2c
MK984707,2c
MN982220,2c
MT145568,2c
MT145570,2c
MT145606,2c
MT897493,2c
L38325,2c
MT897494,2c
L38324,2c
L38321,2c
JX418304,2c
JX418305,2c
KC143934,2c
KC197227,2c
KC197228,2c
KC967479,2c
KF489390,2c
KF489391,2c
KF489392,2c
KF489393,2c
KF489394,2c
KF489395,2c
KF489396,2c
KF511665,2c
KF511671,2c
L16641,2c
L23457,2c
L23458,2c
L23459,2c
L23460,2c
L29465,2c
L38257,2c
L38259,2c
L38319,2c
L38320,2c
L38322,2c
MT897495,2c
MT897496,2c
MT897497,2c
MW927693,2c
MW927695,2c
MW927699,2c
OK180937,2c
OK180938,2c
OK180940,2c
OK180941,2c
OK180942,2c
OK180943,2c
OK180944,2c
OK180945,2c
OK180946,2c
OK180947,2c
OK180948,2c
OK180949,2c
OK180950,2c
OK180951,2c
OK180952,2c
OQ784564,2c
OQ784565,2c
U10211,2c
U31231,2c
Z29455,2c
Z29456,2c
Z29457,2c
AB281400,2c
MW927688,2c
MW927681,2c
MW927674,2c
MW927673,2c
MT897498,2c
MT897499,2c
MT897500,2c
MT897501,2c
MT897502,2c
MT897503,2c
MT897505,2c
MT897506,2c
MT897507,2c
MT897508,2c
MT897509,2c
MT897510,2c
MT897511,2c
MT897512,2c
MT897514,2c
MT897515,2c
MT897516,2c
MT897517,2c
MT897519,2c
MT897520,2c
MT897521,2c
MW205262,2c
MW205263,2c
MW205271,2c
MW205451,2c
MW927662,2c
MW927669,2c
MT897513,2c
JX418302,2c
JF511065,2c
JF511066,2c
JF511068,2c
JF511069,2c
JF511070,2c
JF511071,2c
JF511072,2c
JF511073,2c
JF511074,2c
JF511075,2c
JF511076,2c
JF511077,2c
JF511078,2c
JF511079,2c
JF511081,2c
JF511083,2c
JF511084,2c
JF511085,2c
JF511086,2c
JF511087,2c
JF511088,2c
JF511089,2c
JF511090,2c
JF511091,2c
JF511092,2c
JF511064,2c
JF511063,2c
JF511062,2c
JF511061,2c
JF511033,2c
JF511034,2c
JF511035,2c
JF511036,2c
JF511037,2c
JF511038,2c
JF511039,2c
JF511040,2c
JF511041,2c
JF511042,2c
JF511043,2c
JF511044,2c
JF511045,2c
JF511093,2c
JF511046,2c
JF511048,2c
JF511049,2c
JF511050,2c
JF511051,2c
JF511052,2c
JF511053,2c
JF511054,2c
JF511055,2c
JF511056,2c
JF511057,2c
JF511058,2c
JF511059,2c
JF511060,2c
JF511047,2c
DQ506139,2c
JF511094,2c
JF511096,2c
JF511129,2c
JF511130,2c
JF511131,2c
JF511132,2c
JF511133,2c
JF511134,2c
JF511135,2c
JF511136,2c
JF722506,2c
JF722517,2c
JF722531,2c
JF722550,2c
JF722558,2c
JF722580,2c
JF722589,2c
JN656624,2c
JQ746507,2c
JQ924916,2c
JQ924917,2c
JQ924918,2c
JX227949,2c
JX227950,2c
JX227951,2c
JX227965,2c
JX227966,2c
JF511128,2c
JF511127,2c
JF511126,2c
JF511125,2c
JF511097,2c
JF511098,2c
JF511099,2c
JF511100,2c
JF511101,2c
JF511102,2c
JF511103,2c
JF511104,2c
JF511105,2c
JF511106,2c
JF511107,2c
JF511108,2c
JF511109,2c
JF511095,2c
JF511110,2c
JF511112,2c
JF511113,2c
JF511114,2c
JF511115,2c
JF511116,2c
JF511117,2c
JF511118,2c
JF511119,2c
JF511120,2c
JF511121,2c
JF511122,2c
JF511123,2c
JF511124,2c
JF511111,2c
JF511067,2c
AY506666,2c
AY506667,2c
AY506670,2c
AY506671,2c
AY506674,2c
AY506675,2c
AY506676,2c
AY506677,2c
AY506678,2c
AY506684,2c
AY506688,2c
AY506692,2c
AY506693,2c
AY506694,2c
AY587383,2c
AY587384,2c
AY587385,2c
AY587447,2c
AY587448,2c
AJ231448,2c
AJ231449,2c
AJ231467,2c
AJ231468,2c
AJ237555,2c
AJ237556,2c
AJ237557,2c
AJ237558,2c
AJ237559,2c
AJ237560,2c
AJ237561,2c
AJ237562,2c
AJ237564,2c
AJ291280,2c
AM279731,2c
AY070175,2c
AY089769,2c
AY172642,2c
AY172643,2c
AY172644,2c
AY172647,2c
AY172649,2c
AY257444,2c
AY257445,2c
AY257466,2c
AY587452,2c
AY587453,2c
D31973,2c
D31974,2c
D31975,2c
D31976,2c
D31977,2c
D31978,2c
D31979,2c
D31980,2c
D31981,2c
D31982,2c
D31983,2c
D31984,2c
D31985,2c
D31986,2c
D31987,2c
D31988,2c
D31989,2c
D31990,2c
D31991,2c
D31992,2c
D31993,2c
D31994,2c
D31995,2c
D31996,2c
D31997,2c
D31998,2c
D31999,2c
D31972,2c
AY944682,2c
AY944678,2c
AY944662,2c
AY587455,2c
AY587457,2c
AY587458,2c
AY587460,2c
AY587461,2c
AY766474,2c
AY766708,2c
AY766742,2c
AJ231447,2c
AY766904,2c
AY767062,2c
AY767398,2c
AY767575,2c
AY767689,2c
AY767770,2c
AY767989,2c
AY768169,2c
AY768173,2c
AY944638,2c
AY944639,2c
AY944640,2c
AY944641,2c
AY944653,2c
AY766993,2c
AJ231446,2c
AJ225331,2c
AF142397,2c
AF142398,2c
AF142399,2c
AF142400,2c
AF142401,2c
AF142402,2c
AF142403,2c
AF142404,2c
AF206334,2c
AF206335,2c
AF206336,2c
AF206337,2c
AF233721,2c
AF237634,2c
AF237636,2c
AF237637,2c
AF237638,2c
AF237639,2c
AF237643,2c
AF237647,2c
AF142396,2c
AF142395,2c
AF142394,2c
AF142393,2c
AB301777,2c
AB301778,2c
AB301779,2c
AB301780,2c
AB301781,2c
AB301782,2c
AB306343,2c
AB306365,2c
AB306369,2c
AB306377,2c
AB306392,2c
AB306401,2c
AF237648,2c
AB306402,2c
AF041321,2c
AF041324,2c
AF041326,2c
AF041327,2c
AF041329,2c
AF142385,2c
AF142386,2c
AF142387,2c
AF142388,2c
AF142389,2c
AF142390,2c
AF142391,2c
AF142392,2c
AF041314,2c
D50409,2c
AF237649,2c
AF462298,2c
AJ222675,2c
AJ222676,2c
AJ225304,2c
AJ225305,2c
AJ225306,2c
AJ225307,2c
AJ225308,2c
AJ225309,2c
AJ225310,2c
AJ225312,2c
AJ225313,2c
AJ225314,2c
AJ225316,2c
AJ225319,2c
AJ225320,2c
AJ225321,2c
AJ225322,2c
AJ225323,2c
AJ225324,2c
AJ225325,2c
AJ225326,2c
AJ225327,2c
AJ225328,2c
AJ225329,2c
AJ222674,2c
AJ222673,2c
AJ222672,2c
AJ222671,2c
AF462299,2c
AF462300,2c
AF462301,2c
AF463483,2c
AF463485,2c
AF515871,2c
AF515872,2c
AF515886,2c
AF515887,2c
AF515913,2c
AF515914,2c
AF515915,2c
AF388506,2c
AF515916,2c
AF515981,2c
AF515995,2c
AF515996,2c
AF516022,2c
AF516023,2c
AF516024,2c
AF516025,2c
AJ222665,2c
AJ222666,2c
AJ222667,2c
AJ222668,2c
AJ222669,2c
AJ222670,2c
AF515980,2c
D84398,2c
AJ225315,2c
DQ001266,2c
DQ220866,2c
DQ220867,2c
DQ220868,2c
DQ220869,2c
DQ220870,2c
DQ220871,2c
DQ220872,2c
DQ220873,2c
DQ220874,2c
DQ220875,2c
DQ221011,2c
DQ221012,2c
DQ221013,2c
DQ221014,2c
DQ221015,2c
DQ221016,2c
DQ221017,2c
DQ221018,2c
DQ221019,2c
DQ221020,2c
DQ221021,2c
DQ221022,2c
DQ221023,2c
DQ221024,2c
DQ221025,2c
DQ221026,2c
DQ221027,2c
DQ220865,2c
DQ221028,2c
DQ220864,2c
DQ220862,2c
DQ067779,2c
DQ067780,2c
DQ067781,2c
DQ067782,2c
DQ067784,2c
DQ067785,2c
DQ067786,2c
DQ067787,2c
DQ067788,2c
DQ067789,2c
DQ067790,2c
DQ067791,2c
DQ067792,2c
DQ067793,2c
DQ067823,2c
DQ067824,2c
DQ124363,2c
DQ220854,2c
DQ220855,2c
DQ220856,2c
DQ220857,2c
DQ220858,2c
DQ220859,2c
DQ220860,2c
DQ220861,2c
DQ220863,2c
DQ221029,2c
DQ221030,2c
DQ221031,2c
DQ506114,2c
DQ506115,2c
DQ506116,2c
DQ506118,2c
DQ506119,2c
DQ506120,2c
DQ506123,2c
DQ506125,2c
DQ506129,2c
DQ506130,2c
DQ506132,2c
DQ506133,2c
DQ001218,2c
DQ506107,2c
DQ506106,2c
DQ221032,2c
DQ238673,2c
DQ374416,2c
DQ374417,2c
DQ374419,2c
DQ458995,2c
DQ506087,2c
DQ067778,2c
DQ506097,2c
DQ506100,2c
DQ506102,2c
DQ506103,2c
DQ067777,2c
DQ374418,2c
DQ067775,2c
DQ067673,2c
DQ067674,2c
DQ067675,2c
DQ067676,2c
DQ067677,2c
DQ067678,2c
DQ067679,2c
DQ067680,2c
DQ067681,2c
DQ067682,2c
DQ067683,2c
DQ067684,2c
DQ067685,2c
DQ067686,2c
DQ067687,2c
DQ067688,2c
DQ067689,2c
DQ067690,2c
DQ067695,2c
DQ067696,2c
DQ067697,2c
DQ067698,2c
DQ067699,2c
DQ067700,2c
DQ067701,2c
DQ067702,2c
DQ067703,2c
DQ067672,2c
DQ067671,2c
DQ067669,2c
DQ067668,2c
DQ067633,2c
DQ067634,2c
DQ067635,2c
DQ067776,2c
DQ067636,2c
DQ067637,2c
DQ067638,2c
DQ067639,2c
DQ067640,2c
DQ067641,2c
DQ067642,2c
DQ067643,2c
DQ067644,2c
DQ067704,2c
DQ067645,2c
DQ067647,2c
DQ067648,2c
DQ067649,2c
DQ067650,2c
DQ067651,2c
DQ067652,2c
DQ067653,2c
DQ067654,2c
DQ067655,2c
DQ067656,2c
DQ067657,2c
DQ067666,2c
DQ067667,2c
DQ067646,2c
DQ067705,2c
DQ067670,2c
DQ067707,2c
DQ067747,2c
DQ067748,2c
DQ067749,2c
DQ067750,2c
DQ067751,2c
DQ067752,2c
DQ067753,2c
DQ067754,2c
DQ067755,2c
DQ067756,2c
DQ067757,2c
DQ067759,2c
DQ067760,2c
DQ067746,2c
DQ067761,2c
DQ067763,2c
DQ067764,2c
DQ067765,2c
DQ067766,2c
DQ067767,2c
DQ067768,2c
DQ067769,2c
DQ067770,2c
DQ067774,2c
DQ067706,2c
DQ067771,2c
DQ067772,2c
DQ067773,2c
DQ067762,2c
DQ067745,2c
DQ067758,2c
DQ067718,2c
DQ067744,2c
DQ067712,2c
DQ067713,2c
DQ067714,2c
DQ067715,2c
DQ067708,2c
DQ067716,2c
DQ067717,2c
DQ067719,2c
DQ067720,2c
DQ067721,2c
DQ067710,2c
DQ067723,2c
DQ067722,2c
DQ067733,2c
DQ067743,2c
DQ067742,2c
DQ067741,2c
DQ067740,2c
DQ067709,2c
DQ067738,2c
DQ067739,2c
DQ067736,2c
DQ067735,2c
DQ067734,2c
DQ067737,2c
DQ067711,2c
AY768242,3a
AY768243,3a
AY768240,3a
AY768232,3a
AY768233,3a
AY768293,3a
AY768228,3a
AY768218,3a
AY768244,3a
AY768208,3a
AY768200,3a
AY768198,3a
AY768229,3a
AY768248,3a
AY768286,3a
AY768252,3a
AY768294,3a
AY768188,3a
AY768290,3a
AY768289,3a
AY768295,3a
AY768285,3a
AY768251,3a
AY768282,3a
AY768271,3a
AY768270,3a
AY768267,3a
AY768263,3a
AY768256,3a
AY768253,3a
AY768274,3a
AY768187,3a
AY768110,3a
AY768181,3a
AY768116,3a
AY768115,3a
AY768114,3a
AY768112,3a
AY768111,3a
AY768107,3a
AY768121,3a
AY768102,3a
AY768099,3a
AY768098,3a
AY768088,3a
AY768296,3a
AY768095,3a
AY768093,3a
AY768101,3a
AY768123,3a
AY768124,3a
AY768125,3a
AY768179,3a
AY768172,3a
AY768171,3a
AY768167,3a
AY768162,3a
AY768158,3a
AY768154,3a
AY768153,3a
AY768147,3a
AY768146,3a
AY768142,3a
AY768141,3a
AY768133,3a
AY768129,3a
AY768128,3a
AY768183,3a
AY768300,3a
AY793214,3a
AY768302,3a
AY793208,3a
AY793207,3a
AY793205,3a
AY793202,3a
AY770990,3a
AY770989,3a
AY770988,3a
AY770987,3a
AY770986,3a
AY770985,3a
AY793212,3a
AY768086,3a
AY793222,3a
AY793211,3a
AY770984,3a
AY769890,3a
AY769880,3a
AY768336,3a
AY768334,3a
AY768333,3a
AY768332,3a
AY768330,3a
AY768324,3a
AY768339,3a
AY768322,3a
AY768313,3a
AY768309,3a
AY768308,3a
AY768305,3a
AY768304,3a
AY768303,3a
AY768319,3a
AY768342,3a
AY768346,3a
AY768348,3a
AY769715,3a
AY769714,3a
AY769710,3a
AY769709,3a
AY769708,3a
AY769707,3a
AY768364,3a
AY768363,3a
AY768362,3a
AY768360,3a
AY768359,3a
AY768357,3a
AY768354,3a
AY768352,3a
AY768351,3a
AY768301,3a
AY768083,3a
AY767646,3a
AY768071,3a
AY767757,3a
AY767748,3a
AY767743,3a
AY767742,3a
AY767741,3a
AY767739,3a
AY767758,3a
AY767737,3a
AY767730,3a
AY767719,3a
AY767716,3a
AY767711,3a
AY767710,3a
AY767707,3a
AY767735,3a
AY767706,3a
AY767761,3a
AY767771,3a
AY767812,3a
AY767811,3a
AY767810,3a
AY767808,3a
AY767801,3a
AY767800,3a
AY767768,3a
AY767797,3a
AY767791,3a
AY767787,3a
AY767785,3a
AY767778,3a
AY767773,3a
AY767772,3a
AY767792,3a
AY767814,3a
AY767699,3a
AY767688,3a
AY767621,3a
AY767619,3a
AY767618,3a
AY767616,3a
AY767612,3a
AY767609,3a
AY767622,3a
AY767605,3a
AY767595,3a
AY767592,3a
AY767591,3a
AY767586,3a
AY793227,3a
AY767587,3a
AY767599,3a
AY767694,3a
AY767627,3a
AY767633,3a
AY767682,3a
AY767680,3a
AY767678,3a
AY767676,3a
AY767671,3a
AY767668,3a
AY767628,3a
AY767664,3a
AY767656,3a
AY767652,3a
AY767648,3a
AY767640,3a
AY767638,3a
AY767634,3a
AY767658,3a
AY768078,3a
AY767819,3a
AY767826,3a
AY768020,3a
AY768016,3a
AY768014,3a
AY768011,3a
AY768004,3a
AY768002,3a
AY768021,3a
AY767993,3a
AY767991,3a
AY767984,3a
AY767980,3a
AY767978,3a
AY767976,3a
AY767975,3a
AY767992,3a
AY767974,3a
AY768022,3a
AY768029,3a
AY768067,3a
AY768059,3a
AY768058,3a
AY768050,3a
AY768048,3a
AY768047,3a
AY768025,3a
AY768043,3a
AY768038,3a
AY768035,3a
AY768034,3a
AY768033,3a
AY768032,3a
AY768031,3a
AY768040,3a
AY767825,3a
AY767971,3a
AY767968,3a
AY767883,3a
AY767874,3a
AY767870,3a
AY767861,3a
AY767860,3a
AY767859,3a
AY767885,3a
AY767854,3a
AY767848,3a
AY767843,3a
AY767842,3a
AY767841,3a
AY767829,3a
AY767827,3a
AY767853,3a
AY767969,3a
AY767886,3a
AY767901,3a
AY767967,3a
AY767963,3a
AY767960,3a
AY767950,3a
AY767949,3a
AY767945,3a
AY767895,3a
AY767936,3a
AY767931,3a
AY767917,3a
AY767909,3a
AY767907,3a
AY767906,3a
AY767902,3a
AY767935,3a
D14310,3a
AY958023,3a
AY958022,3a
AY958021,3a
AY958020,3a
AY958019,3a
AY958018,3a
AY958024,3a
AY958017,3a
AY958015,3a
AY958014,3a
AY958013,3a
AY958012,3a
AY958011,3a
AY958010,3a
AY958016,3a
AY958009,3a
AY958025,3a
AY958027,3a
AY958041,3a
AY958040,3a
AY958039,3a
AY958038,3a
AY958037,3a
AY958036,3a
AY958026,3a
AY958035,3a
AY958033,3a
AY958032,3a
AY958031,3a
AY958030,3a
AY958029,3a
AY958028,3a
AY958034,3a
AY958042,3a
AY958008,3a
AY958006,3a
AY957987,3a
AY957986,3a
AY957985,3a
AY956467,3a
AY955287,3a
AY948186,3a
AY957988,3a
AY948185,3a
AY948183,3a
AY948166,3a
AY948165,3a
AY948164,3a
AY948163,3a
AY948162,3a
AY948184,3a
AY958007,3a
AY957989,3a
AY957991,3a
AY958005,3a
AY958004,3a
AY958003,3a
AY958002,3a
AY958001,3a
AY958000,3a
AY957990,3a
AY957999,3a
AY957997,3a
AY957996,3a
AY957995,3a
AY957994,3a
AY957992,3a
AY957998,3a
AY958043,3a
AY958044,3a
AY973861,3a
D49450,3a
D31723,3a
D28917,3a
D28857,3a
D28844,3a
D28831,3a
D49451,3a
D17763,3a
D16761,3a
D16760,3a
D16759,3a
D14669,3a
D14603,3a
D14602,3a
D16762,3a
D14601,3a
D49466,3a
D49810,3a
DQ001212,3a
AY767584,3a
DQ001211,3a
DQ001210,3a
DQ001209,3a
DQ001208,3a
D49491,3a
DQ001207,3a
DQ001205,3a
DQ001204,3a
DQ001203,3a
DQ001202,3a
D85025,3a
D85024,3a
DQ001206,3a
D14600,3a
D14599,3a
D14598,3a
D10132,3a
D10131,3a
D10130,3a
D10127,3a
D10126,3a
D10125,3a
D10133,3a
D10124,3a
D10116,3a
D10115,3a
D10114,3a
D10113,3a
D10079,3a
D10078,3a
D10123,3a
D13448,3a
D13996,3a
D13997,3a
D14597,3a
D14596,3a
D14312,3a
D14311,3a
D14309,3a
D14308,3a
D14307,3a
D14306,3a
D14305,3a
D14214,3a
D14195,3a
D14181,3a
D14179,3a
D14178,3a
D14177,3a
AY948161,3a
AY793229,3a
AY948160,3a
AY948158,3a
AY793280,3a
AY793277,3a
AY793276,3a
AY793275,3a
AY793274,3a
AY793272,3a
AY793270,3a
AY793268,3a
AY793267,3a
AY793273,3a
AY793266,3a
AY793282,3a
AY793297,3a
AY793296,3a
AY793295,3a
AY793283,3a
AY793287,3a
AY793299,3a
AY793265,3a
AY793263,3a
AY793244,3a
AY793243,3a
AY793241,3a
AY793240,3a
AY793239,3a
AY793245,3a
AY793237,3a
AY793264,3a
AY793246,3a
AY793248,3a
AY793262,3a
AY793261,3a
AY793260,3a
AY793259,3a
AY793258,3a
AY793257,3a
AY793247,3a
AY793256,3a
AY793254,3a
AY793252,3a
AY793251,3a
AY793250,3a
AY793300,3a
AY793302,3a
AY921191,3a
AY921179,3a
AY921178,3a
AY921177,3a
AY921176,3a
AY921192,3a
AY921175,3a
AY921173,3a
AY878437,3a
AY878436,3a
AY871228,3a
AY871222,3a
AY835224,3a
AY921174,3a
AY835197,3a
AY921193,3a
AY921195,3a
AY948157,3a
AY948156,3a
AY944683,3a
AY944650,3a
AY944643,3a
AY944409,3a
AY921194,3a
AY921205,3a
AY921203,3a
AY921202,3a
AY921201,3a
AY921198,3a
AY921197,3a
AY921196,3a
AY921204,3a
AY834936,3a
AY821685,3a
AY793336,3a
AY793316,3a
AY793311,3a
AY793317,3a
AY793310,3a
AY793308,3a
AY793303,3a
AY793319,3a
AY793335,3a
AY793333,3a
AY793332,3a
AY793331,3a
AY793330,3a
AY793329,3a
AY793328,3a
AY793324,3a
AY948159,3a
AY767583,3a
AY231598,3a
AY767573,3a
AY653980,3a
AY653979,3a
AY653978,3a
AY653977,3a
AY653976,3a
AY653975,3a
AY653981,3a
AY653974,3a
AY653972,3a
AY653971,3a
AY653970,3a
AY653969,3a
AY653968,3a
AY653967,3a
AY653973,3a
AY653966,3a
AY653982,3a
AY653984,3a
AY691956,3a
AY689329,3a
AY689328,3a
AY689327,3a
AY653983,3a
AY653990,3a
AY653989,3a
AY653988,3a
AY653987,3a
AY653986,3a
AY653985,3a
AY689323,3a
AY691957,3a
AY653965,3a
AY653963,3a
AY522119,3a
AY522118,3a
AY522117,3a
AY522115,3a
AY522114,3a
AY522120,3a
AY522113,3a
AY522111,3a
AY522110,3a
AY522109,3a
AY522108,3a
AY522107,3a
AY522106,3a
AY653964,3a
AY523465,3a
AY653962,3a
AY653961,3a
AY653960,3a
AY653959,3a
AY653958,3a
AY653957,3a
AY522122,3a
AY653956,3a
AY587021,3a
AY548707,3a
AY548667,3a
AY548536,3a
AY545678,3a
AY545676,3a
AY597256,3a
AY691958,3a
AY691964,3a
AY732140,3a
AY732136,3a
AY732132,3a
AY732131,3a
AY732130,3a
AY732128,3a
AY733013,3a
AY732118,3a
AY732116,3a
AY732114,3a
AY732112,3a
AY732109,3a
AY732104,3a
AY732100,3a
AY732117,3a
AY706414,3a
AY733014,3a
AY733030,3a
AY733028,3a
AY733027,3a
AY733022,3a
AY691963,3a
AY706411,3a
AY692016,3a
AY692015,3a
AY692014,3a
AY692013,3a
AY692012,3a
AY692011,3a
AY692022,3a
AY692010,3a
AY692008,3a
AY691981,3a
AY691971,3a
AY691970,3a
AY691969,3a
AY691968,3a
AY692009,3a
AY706394,3a
AY706396,3a
AY706405,3a
AY706395,3a
AY706401,3a
AY706397,3a
AY522104,3a
AY522103,3a
AY188120,3a
AY188117,3a
AY188116,3a
AY188115,3a
AY188114,3a
AY188112,3a
AY188111,3a
AY188110,3a
AY188124,3a
AY190478,3a
AY190443,3a
AY190378,3a
AY190376,3a
AY188123,3a
AY190372,3a
AY190366,3a
AY190354,3a
AY190353,3a
AY190342,3a
AY190339,3a
AY190337,3a
AY190368,3a
AY188105,3a
AY177875,3a
AY177874,3a
AY177873,3a
AY177872,3a
AY177871,3a
AY177870,3a
AY177876,3a
AY177869,3a
AY177867,3a
AY177866,3a
AY177865,3a
AY177864,3a
AY177863,3a
AY177862,3a
AY177868,3a
AY177877,3a
AY177879,3a
AY177878,3a
AY188094,3a
AY188093,3a
AY188092,3a
AY177881,3a
AY177880,3a
AY190499,3a
AY389097,3a
AY389096,3a
AY389095,3a
AY389094,3a
AY389093,3a
AY389092,3a
AY389098,3a
AY389091,3a
AY389079,3a
AY389078,3a
AY389077,3a
AY389076,3a
AY389075,3a
AY389074,3a
AY389080,3a
AY389073,3a
AY389099,3a
AY389112,3a
AY506681,3a
AY391597,3a
AY391596,3a
AY391595,3a
AY391594,3a
AY389100,3a
AY391593,3a
AY389118,3a
AY389117,3a
AY389116,3a
AY389115,3a
AY389114,3a
AY389113,3a
AY391592,3a
AY389072,3a
AY389071,3a
AY389070,3a
AY366732,3a
AY366730,3a
AY366728,3a
AY344028,3a
AY366976,3a
AY257434,3a
DQ001213,3a
AY366979,3a
AY366982,3a
AY366990,3a
AY389069,3a
AY389068,3a
AY389067,3a
AY389066,3a
AY367049,3a
AY367048,3a
AY367046,3a
AY367044,3a
AY367043,3a
AY366992,3a
AY739392,3a
AY739393,3a
AY767198,3a
AY767195,3a
AY767192,3a
AY767190,3a
AY767188,3a
AY767185,3a
AY767199,3a
AY767183,3a
AY767178,3a
AY767169,3a
AY767167,3a
AY767157,3a
AY767156,3a
AY767152,3a
AY767181,3a
AY767149,3a
AY767203,3a
AY767214,3a
AY767264,3a
AY767263,3a
AY767262,3a
AY767254,3a
AY767251,3a
AY767244,3a
AY767206,3a
AY767240,3a
AY767229,3a
AY767222,3a
AY767221,3a
AY767220,3a
AY767217,3a
AY767215,3a
AY767236,3a
AY767269,3a
AY767148,3a
AY767143,3a
AY767056,3a
AY767053,3a
AY767050,3a
AY767049,3a
AY767047,3a
AY767038,3a
AY767058,3a
AY767037,3a
AY767026,3a
AY767025,3a
AY767017,3a
AY767014,3a
AY767011,3a
AY766998,3a
AY767035,3a
AY767146,3a
AY767066,3a
AY767075,3a
AY767138,3a
AY767137,3a
AY767127,3a
AY767126,3a
AY767123,3a
AY767121,3a
AY767068,3a
AY767120,3a
AY767112,3a
AY767109,3a
AY767101,3a
AY767083,3a
AY767081,3a
AY767080,3a
AY767118,3a
AY767271,3a
AY767284,3a
AY767292,3a
AY767493,3a
AY767488,3a
AY767483,3a
AY767470,3a
AY767469,3a
AY767466,3a
AY767496,3a
AY767460,3a
AY767445,3a
AY767444,3a
AY767443,3a
AY767440,3a
AY767439,3a
AY767436,3a
AY767458,3a
AY767435,3a
AY767502,3a
AY767515,3a
AY767568,3a
AY767567,3a
AY767565,3a
AY767564,3a
AY767560,3a
AY767558,3a
AY767508,3a
AY767557,3a
AY767553,3a
AY767549,3a
AY767543,3a
AY767533,3a
AY767531,3a
AY767516,3a
AY767556,3a
AY767433,3a
AY767432,3a
AY767427,3a
AY767361,3a
AY767360,3a
AY767352,3a
AY767350,3a
AY767349,3a
AY767347,3a
AY767368,3a
AY767340,3a
AY767325,3a
AY767324,3a
AY767308,3a
AY767306,3a
AY767296,3a
AY767294,3a
AY767338,3a
AY767372,3a
AY767373,3a
AY767381,3a
AY767425,3a
AY767422,3a
AY767420,3a
AY767418,3a
AY767417,3a
AY767416,3a
AY767412,3a
AY767409,3a
AY767406,3a
AY767403,3a
AY767401,3a
AY767400,3a
AY767389,3a
AY767388,3a
AY767383,3a
AY766997,3a
AY767578,3a
AY766995,3a
AY766984,3a
AY766643,3a
AY766642,3a
AY766641,3a
AY766637,3a
AY766630,3a
AY766621,3a
AY766645,3a
AY766619,3a
AY766613,3a
AY766611,3a
AY766610,3a
AY766606,3a
AY766605,3a
AY766603,3a
AY766615,3a
AY766600,3a
AY766646,3a
AY766648,3a
AY766684,3a
AY766681,3a
AY766674,3a
AY766673,3a
AY766669,3a
AY766647,3a
AY766665,3a
AY766662,3a
AY766660,3a
AY766659,3a
AY766658,3a
AY766652,3a
AY766651,3a
AY766663,3a
AY766687,3a
AY739407,3a
AY739406,3a
AY739405,3a
AY739404,3a
AY739403,3a
AY739402,3a
AY739408,3a
AY739401,3a
AY739399,3a
AY739398,3a
AY739397,3a
AY739396,3a
AY739395,3a
AY739394,3a
AY739400,3a
AY766598,3a
AY739409,3a
AY739411,3a
AY766577,3a
AY766564,3a
AY766540,3a
AY766539,3a
AY766529,3a
AY766497,3a
AY739410,3a
AY766496,3a
AY766494,3a
AY766493,3a
AY766492,3a
AY739414,3a
AY739413,3a
AY739412,3a
AY766495,3a
AY766692,3a
AY766693,3a
AY766698,3a
AY766912,3a
AY766907,3a
AY766895,3a
AY766884,3a
AY766875,3a
AY766871,3a
AY766913,3a
AY766869,3a
AY766861,3a
AY766860,3a
AY766855,3a
AY766853,3a
AY766849,3a
AY766847,3a
AY766867,3a
AY766844,3a
AY766914,3a
AY766917,3a
AY766976,3a
AY766974,3a
AY766971,3a
AY766966,3a
AY766963,3a
AY766960,3a
AY766915,3a
AY766958,3a
AY766947,3a
AY766945,3a
AY766943,3a
AY766939,3a
AY766936,3a
AY766927,3a
AY766957,3a
AY766839,3a
AY766837,3a
AY766826,3a
AY766745,3a
AY766743,3a
AY766741,3a
AY766734,3a
AY766732,3a
AY766726,3a
AY766746,3a
AY766722,3a
AY766714,3a
AY766712,3a
AY766707,3a
AY766703,3a
AY766700,3a
AY766699,3a
AY766716,3a
AY766752,3a
AY766754,3a
AY766761,3a
AY766825,3a
AY766824,3a
AY766823,3a
AY766817,3a
AY766815,3a
AY766813,3a
AY766808,3a
AY766804,3a
AY766801,3a
AY766791,3a
AY766777,3a
AY766773,3a
AY766772,3a
AY766767,3a
AY766766,3a
AY766994,3a
DQ001214,3a
DQ506058,3a
DQ001216,3a
DQ651812,3a
DQ651811,3a
DQ651810,3a
DQ651809,3a
DQ651808,3a
DQ651807,3a
DQ651806,3a
DQ651804,3a
DQ651803,3a
DQ651802,3a
DQ651801,3a
DQ651799,3a
DQ651798,3a
DQ651814,3a
DQ651816,3a
DQ651830,3a
DQ651829,3a
DQ651826,3a
DQ651825,3a
DQ651824,3a
DQ651822,3a
DQ651821,3a
DQ651819,3a
DQ651818,3a
DQ651817,3a
DQ651823,3a
DQ651831,3a
DQ651797,3a
DQ651795,3a
DQ651492,3a
DQ651491,3a
DQ651490,3a
DQ651489,3a
DQ651488,3a
DQ651487,3a
DQ651493,3a
DQ651486,3a
DQ651484,3a
DQ651483,3a
DQ651482,3a
DQ651481,3a
DQ651480,3a
DQ651479,3a
DQ651485,3a
DQ651796,3a
DQ651494,3a
DQ651496,3a
DQ651794,3a
DQ651793,3a
DQ651792,3a
DQ651790,3a
DQ651789,3a
DQ651495,3a
DQ651788,3a
DQ651784,3a
DQ651783,3a
DQ651782,3a
DQ651781,3a
DQ651478,3a
DQ651834,3a
DQ652089,3a
DQ652088,3a
DQ652087,3a
DQ652086,3a
DQ652085,3a
DQ652084,3a
DQ652083,3a
DQ652081,3a
DQ652080,3a
DQ652079,3a
DQ652078,3a
DQ652077,3a
DQ652076,3a
DQ652082,3a
DQ652075,3a
DQ652091,3a
DQ652093,3a
DQ652107,3a
DQ652106,3a
DQ652105,3a
DQ652104,3a
DQ652103,3a
DQ652102,3a
DQ652092,3a
DQ652101,3a
DQ652099,3a
DQ652098,3a
DQ652097,3a
DQ652096,3a
DQ652095,3a
DQ652094,3a
DQ652100,3a
DQ651833,3a
DQ652074,3a
DQ652072,3a
DQ651848,3a
DQ651847,3a
DQ651845,3a
DQ651844,3a
DQ651843,3a
DQ651849,3a
DQ651842,3a
DQ651840,3a
DQ651838,3a
DQ651836,3a
DQ651841,3a
DQ652073,3a
DQ651852,3a
DQ652071,3a
DQ652070,3a
DQ652069,3a
DQ652068,3a
DQ652067,3a
DQ652066,3a
DQ651851,3a
DQ652065,3a
DQ651857,3a
DQ651856,3a
DQ651855,3a
DQ651854,3a
DQ651853,3a
DQ652064,3a
DQ651477,3a
DQ651476,3a
DQ651475,3a
DQ506421,3a
DQ506420,3a
DQ506419,3a
DQ506418,3a
DQ506417,3a
DQ506416,3a
DQ506415,3a
DQ506413,3a
DQ506412,3a
DQ506410,3a
DQ506409,3a
DQ506408,3a
DQ506414,3a
DQ506407,3a
DQ506423,3a
DQ506438,3a
DQ506436,3a
DQ506435,3a
DQ506433,3a
DQ506431,3a
DQ506430,3a
DQ506428,3a
DQ506426,3a
DQ506406,3a
DQ506404,3a
DQ506385,3a
DQ506384,3a
DQ506383,3a
DQ506382,3a
DQ506381,3a
DQ506386,3a
DQ506379,3a
DQ506377,3a
DQ506376,3a
DQ506375,3a
DQ506374,3a
DQ506373,3a
DQ506372,3a
DQ506378,3a
DQ506389,3a
DQ506403,3a
DQ506402,3a
DQ506401,3a
DQ506399,3a
DQ506397,3a
DQ506395,3a
DQ506393,3a
DQ506392,3a
DQ506390,3a
DQ651456,3a
DQ651455,3a
DQ651454,3a
DQ651453,3a
DQ651452,3a
DQ651451,3a
DQ651457,3a
DQ651450,3a
DQ651448,3a
DQ651447,3a
DQ651446,3a
DQ651445,3a
DQ651444,3a
DQ651443,3a
DQ651449,3a
DQ651442,3a
DQ651458,3a
DQ651460,3a
DQ651474,3a
DQ651473,3a
DQ651472,3a
DQ651471,3a
DQ651470,3a
DQ651459,3a
DQ651468,3a
DQ651466,3a
DQ651465,3a
DQ651464,3a
DQ651463,3a
DQ651462,3a
DQ651461,3a
DQ651467,3a
DQ640385,3a
DQ640374,3a
DQ640363,3a
DQ506964,3a
DQ506447,3a
DQ506444,3a
DQ508483,3a
DQ518400,3a
DQ518401,3a
DQ640359,3a
DQ640348,3a
DQ640337,3a
DQ530670,3a
DQ530669,3a
DQ530668,3a
DQ530667,3a
DQ530665,3a
DQ530664,3a
DQ518409,3a
DQ518408,3a
DQ518407,3a
DQ518406,3a
DQ518405,3a
DQ652108,3a
DQ652109,3a
DQ652110,3a
DQ652111,3a
EF115850,3a
EF115849,3a
EF115644,3a
EF115642,3a
EF115851,3a
EF115641,3a
EF115639,3a
EF115635,3a
EF115634,3a
EF015743,3a
EF115640,3a
EF015742,3a
EF115852,3a
EF115857,3a
EF116082,3a
EF116081,3a
EF116080,3a
EF116079,3a
EF116078,3a
EF116074,3a
EF115856,3a
EF116073,3a
EF116071,3a
EF115864,3a
EF115861,3a
EF115860,3a
EF115859,3a
EF115858,3a
EF116072,3a
EF116083,3a
EF015741,3a
EF015739,3a
EF015715,3a
EF015714,3a
EF015713,3a
EF015712,3a
EF015710,3a
EF015709,3a
EF015716,3a
EF015708,3a
EF015706,3a
EF015705,3a
EF015703,3a
EF015701,3a
EF015700,3a
EF015707,3a
EF015740,3a
EF015717,3a
EF015719,3a
EF015738,3a
EF015737,3a
EF015736,3a
EF015735,3a
EF015734,3a
EF015733,3a
EF015718,3a
EF015732,3a
EF015730,3a
EF015729,3a
EF015728,3a
EF015727,3a
EF015726,3a
EF015720,3a
EF015731,3a
EF116086,3a
EF127909,3a
EF127910,3a
EF136863,3a
EF136862,3a
EF136861,3a
EF136860,3a
EF127957,3a
EF127956,3a
EF136864,3a
EF127955,3a
EF127953,3a
EF127952,3a
EF127951,3a
EF127950,3a
EF127949,3a
EF127948,3a
EF127954,3a
EF127947,3a
EF136865,3a
EF154710,3a
AY177861,3a
EF195031,3a
EF195030,3a
EF195029,3a
EF189902,3a
EF189901,3a
EF136866,3a
EF185983,3a
EF185975,3a
EF185960,3a
EF154713,3a
EF154712,3a
EF154711,3a
EF185976,3a
EF127946,3a
EF127945,3a
EF127944,3a
EF127924,3a
EF127923,3a
EF127922,3a
EF127921,3a
EF127920,3a
EF127919,3a
EF127925,3a
EF127918,3a
EF127916,3a
EF127915,3a
EF127914,3a
EF127913,3a
EF127912,3a
EF127911,3a
EF127917,3a
EF127926,3a
EF127927,3a
EF127928,3a
EF127943,3a
EF127942,3a
EF127941,3a
EF127940,3a
EF127939,3a
EF127938,3a
EF127937,3a
EF127936,3a
EF127935,3a
EF127934,3a
EF127933,3a
EF127932,3a
EF127931,3a
EF127930,3a
EF127929,3a
EF015699,3a
DQ506371,3a
DQ911568,3a
DQ911566,3a
DQ776862,3a
DQ776861,3a
DQ776860,3a
DQ776859,3a
DQ776858,3a
DQ776857,3a
DQ776863,3a
DQ776856,3a
DQ776854,3a
DQ776853,3a
DQ776852,3a
DQ776851,3a
DQ776850,3a
DQ776849,3a
DQ776855,3a
DQ776848,3a
DQ776864,3a
DQ776866,3a
DQ776880,3a
DQ776879,3a
DQ776878,3a
DQ776877,3a
DQ776876,3a
DQ776875,3a
DQ776865,3a
DQ776874,3a
DQ776872,3a
DQ776871,3a
DQ776870,3a
DQ776869,3a
DQ776868,3a
DQ776867,3a
DQ776873,3a
DQ776881,3a
DQ776847,3a
DQ666258,3a
DQ652125,3a
DQ652124,3a
DQ652123,3a
DQ652122,3a
DQ652121,3a
DQ652120,3a
DQ652126,3a
DQ652119,3a
DQ652116,3a
DQ652115,3a
DQ652114,3a
DQ652112,3a
DQ652118,3a
DQ666267,3a
DQ652129,3a
DQ666242,3a
DQ663603,3a
DQ652141,3a
DQ652140,3a
DQ652139,3a
DQ652138,3a
DQ652128,3a
DQ652137,3a
DQ652135,3a
DQ652134,3a
DQ652133,3a
DQ652132,3a
DQ652131,3a
DQ652130,3a
DQ652136,3a
DQ776882,3a
DQ776883,3a
DQ776884,3a
DQ793151,3a
DQ793150,3a
DQ793149,3a
DQ793148,3a
DQ793147,3a
DQ793146,3a
DQ793152,3a
DQ793145,3a
DQ793143,3a
DQ793142,3a
DQ793141,3a
DQ793140,3a
DQ793139,3a
DQ793138,3a
DQ793144,3a
DQ793137,3a
DQ793153,3a
DQ793155,3a
DQ911565,3a
DQ911564,3a
DQ898026,3a
DQ898023,3a
DQ898022,3a
DQ898018,3a
DQ793154,3a
DQ898006,3a
DQ897980,3a
DQ897975,3a
DQ793159,3a
DQ793158,3a
DQ793157,3a
DQ793156,3a
DQ897988,3a
DQ793136,3a
DQ790292,3a
DQ790291,3a
DQ790271,3a
DQ790270,3a
DQ790269,3a
DQ777805,3a
DQ776894,3a
DQ776893,3a
DQ790272,3a
DQ776892,3a
DQ776890,3a
DQ776889,3a
DQ776888,3a
DQ776887,3a
DQ776886,3a
DQ776885,3a
DQ776891,3a
DQ790273,3a
DQ790274,3a
DQ790275,3a
DQ790290,3a
DQ790289,3a
DQ790288,3a
DQ790287,3a
DQ790286,3a
DQ790285,3a
DQ790284,3a
DQ790283,3a
DQ790282,3a
DQ790281,3a
DQ790280,3a
DQ790279,3a
DQ790278,3a
DQ790277,3a
DQ790276,3a
DQ911567,3a
DQ001215,3a
DQ506370,3a
DQ505755,3a
DQ505754,3a
DQ505753,3a
DQ505746,3a
DQ505771,3a
DQ505770,3a
DQ505762,3a
DQ505717,3a
DQ505716,3a
DQ505720,3a
DQ485287,3a
DQ485284,3a
DQ485282,3a
DQ485280,3a
DQ437509,3a
DQ430820,3a
DQ505739,3a
DQ505737,3a
DQ505736,3a
DQ505733,3a
DQ505727,3a
DQ430819,3a
DQ505827,3a
DQ505825,3a
DQ505824,3a
DQ505823,3a
DQ505822,3a
DQ505828,3a
DQ505821,3a
DQ505817,3a
DQ505816,3a
DQ505815,3a
DQ505814,3a
DQ505820,3a
DQ505813,3a
DQ505845,3a
DQ505844,3a
DQ505843,3a
DQ505842,3a
DQ505841,3a
DQ505830,3a
DQ505837,3a
DQ505836,3a
DQ505838,3a
DQ505812,3a
DQ505810,3a
DQ505789,3a
DQ505787,3a
DQ505792,3a
DQ505780,3a
DQ505784,3a
DQ505811,3a
DQ505806,3a
DQ505803,3a
DQ363130,3a
DQ363129,3a
DQ363128,3a
DQ249645,3a
DQ249644,3a
DQ249643,3a
DQ249642,3a
DQ238706,3a
DQ238702,3a
DQ249795,3a
DQ238701,3a
DQ238695,3a
DQ238687,3a
DQ238684,3a
DQ238683,3a
DQ238679,3a
DQ238697,3a
DQ238672,3a
DQ249796,3a
DQ355613,3a
DQ355654,3a
DQ355652,3a
DQ355651,3a
DQ355650,3a
DQ355649,3a
DQ355612,3a
DQ355648,3a
DQ355618,3a
DQ355614,3a
DQ355647,3a
DQ355655,3a
DQ238667,3a
DQ238661,3a
DQ001263,3a
DQ001262,3a
DQ001261,3a
DQ001260,3a
DQ001259,3a
DQ001258,3a
DQ001264,3a
DQ001257,3a
DQ001255,3a
DQ001254,3a
DQ001253,3a
DQ001252,3a
DQ001251,3a
DQ001250,3a
DQ001256,3a
DQ238663,3a
DQ065821,3a
DQ065830,3a
DQ238660,3a
DQ238654,3a
DQ238649,3a
DQ238645,3a
DQ238641,3a
DQ238639,3a
DQ065822,3a
DQ238638,3a
DQ238630,3a
DQ233316,3a
DQ233315,3a
DQ065835,3a
DQ065834,3a
DQ065833,3a
DQ238632,3a
DQ355704,3a
DQ355705,3a
DQ363109,3a
DQ363108,3a
DQ363107,3a
DQ363106,3a
DQ363105,3a
DQ363104,3a
DQ363110,3a
DQ363103,3a
DQ363101,3a
DQ363100,3a
DQ363099,3a
DQ363098,3a
DQ363097,3a
DQ363096,3a
DQ363102,3a
DQ363095,3a
DQ363111,3a
DQ363113,3a
DQ363127,3a
DQ363126,3a
DQ363125,3a
DQ363124,3a
DQ363123,3a
DQ363122,3a
DQ363112,3a
DQ363121,3a
DQ363119,3a
DQ363118,3a
DQ363117,3a
DQ363116,3a
DQ363115,3a
DQ363114,3a
DQ363120,3a
DQ363094,3a
DQ363093,3a
DQ363092,3a
DQ355719,3a
DQ355718,3a
DQ355717,3a
DQ355716,3a
DQ355715,3a
DQ355714,3a
DQ355720,3a
DQ355711,3a
DQ355710,3a
DQ355709,3a
DQ355708,3a
DQ355707,3a
DQ355706,3a
DQ355712,3a
DQ355721,3a
DQ355722,3a
DQ355723,3a
DQ363091,3a
DQ363090,3a
DQ363089,3a
DQ363088,3a
DQ363087,3a
DQ363086,3a
DQ363085,3a
DQ363084,3a
DQ355730,3a
DQ355728,3a
DQ355727,3a
DQ355726,3a
DQ355725,3a
DQ355724,3a
DQ505846,3a
DQ505847,3a
DQ505848,3a
DQ506044,3a
DQ506043,3a
DQ506042,3a
DQ506041,3a
DQ506040,3a
DQ506039,3a
DQ506045,3a
DQ506038,3a
DQ506036,3a
DQ506034,3a
DQ506033,3a
DQ506030,3a
DQ506048,3a
DQ506063,3a
DQ506059,3a
DQ506056,3a
DQ506054,3a
DQ506053,3a
DQ506052,3a
DQ506050,3a
DQ506049,3a
DQ506029,3a
DQ506008,3a
DQ506007,3a
DQ506006,3a
DQ506005,3a
DQ506003,3a
DQ506000,3a
DQ505997,3a
DQ505996,3a
DQ505995,3a
DQ506028,3a
DQ506026,3a
DQ506024,3a
DQ506018,3a
DQ506015,3a
DQ506014,3a
DQ506019,3a
DQ506065,3a
DQ506066,3a
DQ506347,3a
DQ506346,3a
DQ506344,3a
DQ506350,3a
DQ506343,3a
DQ506341,3a
DQ506340,3a
DQ506338,3a
DQ506337,3a
DQ506336,3a
DQ506342,3a
DQ506351,3a
DQ506353,3a
DQ506367,3a
DQ506366,3a
DQ506365,3a
DQ506364,3a
DQ506363,3a
DQ506362,3a
DQ506361,3a
DQ506357,3a
DQ506334,3a
DQ506080,3a
DQ506076,3a
DQ506082,3a
DQ506073,3a
DQ506070,3a
DQ506074,3a
DQ506315,3a
DQ506331,3a
DQ506329,3a
DQ506328,3a
DQ506326,3a
DQ506318,3a
DQ506317,3a
DQ506369,3a
DQ505993,3a
DQ505899,3a
DQ505895,3a
DQ505894,3a
DQ505900,3a
DQ505891,3a
DQ505889,3a
DQ505888,3a
DQ505886,3a
DQ505885,3a
DQ505917,3a
DQ505916,3a
DQ505915,3a
DQ505913,3a
DQ505912,3a
DQ505902,3a
DQ505911,3a
DQ505907,3a
DQ505884,3a
DQ505882,3a
DQ505862,3a
DQ505860,3a
DQ505859,3a
DQ505857,3a
DQ505853,3a
DQ505883,3a
DQ505867,3a
DQ505881,3a
DQ505876,3a
DQ505866,3a
DQ505875,3a
DQ505872,3a
DQ505871,3a
DQ505874,3a
DQ505920,3a
DQ505921,3a
DQ505972,3a
DQ505971,3a
DQ505970,3a
DQ505969,3a
DQ505967,3a
DQ505973,3a
DQ505964,3a
DQ505961,3a
DQ505959,3a
DQ505965,3a
DQ505958,3a
DQ505976,3a
DQ505986,3a
DQ505975,3a
DQ505984,3a
DQ505981,3a
DQ505978,3a
DQ505956,3a
DQ505931,3a
DQ505930,3a
DQ505929,3a
DQ505927,3a
DQ505925,3a
DQ505924,3a
DQ505923,3a
DQ505922,3a
DQ505937,3a
DQ505938,3a
DQ505954,3a
DQ505945,3a
DQ505944,3a
DQ505943,3a
AY177860,3a
AF463019,3a
AY177858,3a
AF463228,3a
AF463227,3a
AF463226,3a
AF463225,3a
AF463224,3a
AF463223,3a
AF463229,3a
AF463222,3a
AF463220,3a
AF463218,3a
AF463217,3a
AF463215,3a
AF463221,3a
AF463230,3a
AF463232,3a
AF463246,3a
AF463243,3a
AF463231,3a
AF463240,3a
AF463107,3a
AF463106,3a
AF463103,3a
AF463096,3a
AF463212,3a
AF463124,3a
AF463110,3a
AF463300,3a
AF463299,3a
AF463298,3a
AF463296,3a
AF463295,3a
AF463301,3a
AF463294,3a
AF463291,3a
AF463290,3a
AF463318,3a
AF463317,3a
AF463315,3a
AF463313,3a
AF463303,3a
AF463312,3a
AF463309,3a
AF463311,3a
AF463283,3a
AF463261,3a
AF462998,3a
AF462997,3a
AF462996,3a
AF462995,3a
AF462993,3a
AF462999,3a
AF462990,3a
AF462304,3a
AF462303,3a
AF462302,3a
AF426733,3a
AF462991,3a
AF426732,3a
AF463000,3a
AF463002,3a
AF463015,3a
AF463012,3a
AF463011,3a
AF463001,3a
AF463007,3a
AF463005,3a
AF463009,3a
AF426731,3a
AF426729,3a
AF426710,3a
AF426709,3a
AF426705,3a
AF426711,3a
AF426704,3a
AF426702,3a
AF426701,3a
AF426699,3a
AF426698,3a
AF426697,3a
AF426703,3a
AF426712,3a
AF426714,3a
AF426727,3a
AF426726,3a
AF426725,3a
AF426723,3a
AF426713,3a
AF426722,3a
AF426720,3a
AF426719,3a
AF426718,3a
AF426717,3a
AF426716,3a
AF426715,3a
AF426721,3a
EF195032,3a
AF463020,3a
AF463071,3a
AF463070,3a
AF463065,3a
AF463061,3a
AF463060,3a
AF463059,3a
AF463087,3a
AF463056,3a
AF463032,3a
AF463031,3a
AF463028,3a
AF463027,3a
AF463053,3a
AF463046,3a
AF463040,3a
AF426696,3a
AJ006316,3a
AJ006311,3a
AF548564,3a
AF548563,3a
AF548561,3a
AJ006317,3a
AF548558,3a
AF548557,3a
AF548556,3a
AF548555,3a
AF548554,3a
AF548553,3a
AF548559,3a
AF548552,3a
AJ006318,3a
AJ289047,3a
AJ289061,3a
AJ289060,3a
AJ289059,3a
AJ289058,3a
AJ289057,3a
AJ289056,3a
AJ006323,3a
AJ289055,3a
AJ289053,3a
AJ289052,3a
AJ289051,3a
AJ289050,3a
AJ289049,3a
AJ289048,3a
AJ289054,3a
AJ289062,3a
AF548551,3a
AF516378,3a
AF516377,3a
AF516376,3a
AF516375,3a
AF516374,3a
AF516373,3a
AF516379,3a
AF516372,3a
AF516370,3a
AF516369,3a
AF516368,3a
AF516367,3a
AF516050,3a
AF516049,3a
AF516371,3a
AF548550,3a
AF516380,3a
AF525895,3a
AF548548,3a
AF548547,3a
AF548545,3a
AF525908,3a
AF525907,3a
AF516381,3a
AF525904,3a
AF525901,3a
AF525900,3a
AF525899,3a
AF525898,3a
AF525897,3a
AF525896,3a
AF525902,3a
AF516048,3a
AJ289063,3a
AJ289065,3a
AJ405088,3a
AJ405087,3a
AJ405086,3a
AJ405085,3a
AJ405084,3a
AJ405083,3a
AJ507267,3a
AJ405082,3a
AJ405080,3a
AJ405079,3a
AJ405078,3a
AJ405077,3a
AJ405076,3a
AJ405075,3a
AJ405081,3a
AJ405074,3a
AJ507268,3a
AJ507271,3a
AJ510770,3a
AJ510769,3a
AJ510768,3a
AJ507287,3a
AJ507286,3a
AJ507284,3a
AJ507270,3a
AJ507283,3a
AJ507278,3a
AJ507277,3a
AJ507276,3a
AJ507275,3a
AJ507273,3a
AJ507272,3a
AJ507282,3a
AJ289064,3a
AJ405073,3a
AJ405071,3a
AJ289079,3a
AJ289078,3a
AJ289077,3a
AJ289076,3a
AJ289075,3a
AJ289074,3a
AJ291246,3a
AJ289073,3a
AJ289071,3a
AJ289070,3a
AJ289069,3a
AJ289068,3a
AJ289067,3a
AJ289066,3a
AJ289072,3a
AJ405072,3a
AJ291256,3a
AJ405056,3a
AJ405070,3a
AJ405069,3a
AJ405068,3a
AJ405067,3a
AJ405066,3a
AJ405065,3a
AJ291276,3a
AJ405064,3a
AJ405062,3a
AJ405061,3a
AJ405060,3a
AJ405059,3a
AJ405058,3a
AJ405057,3a
AJ405063,3a
AF516047,3a
AF516045,3a
AF516044,3a
AF482732,3a
AF482731,3a
AF482728,3a
AF482727,3a
AF466525,3a
AF482733,3a
AF466523,3a
AF466521,3a
AF466517,3a
AF466515,3a
AF484981,3a
AF484986,3a
AF506543,3a
AF506542,3a
AF506540,3a
AF506538,3a
AF495917,3a
AF495916,3a
AF484982,3a
AF495915,3a
AF488369,3a
AF488362,3a
AF488357,3a
AF484990,3a
AF484987,3a
AF495914,3a
AF506544,3a
AF463487,3a
AF463336,3a
AF463335,3a
AF463337,3a
AF463326,3a
AF463325,3a
AF463488,3a
AF463340,3a
AF463354,3a
AF463345,3a
AF463344,3a
AF463342,3a
AF506546,3a
AF506554,3a
AF506558,3a
AF506679,3a
AF506675,3a
AF506669,3a
AF506667,3a
AF506666,3a
AF506664,3a
AF506683,3a
AF506663,3a
AF506655,3a
AF506654,3a
AF506647,3a
AF506638,3a
AF506636,3a
AF506629,3a
AF506657,3a
AF506627,3a
AF506684,3a
AF506687,3a
AF515973,3a
AF515972,3a
AF515941,3a
AF515940,3a
AF515939,3a
AF515938,3a
AF506686,3a
AF515936,3a
AF515864,3a
AF515863,3a
AF506695,3a
AF506693,3a
AF506692,3a
AF506688,3a
AF515935,3a
AF506626,3a
AF506623,3a
AF506622,3a
AF506586,3a
AF506583,3a
AF506582,3a
AF506581,3a
AF506580,3a
AF506579,3a
AF506587,3a
AF506578,3a
AF506575,3a
AF506574,3a
AF506573,3a
AF506566,3a
AF506565,3a
AF506561,3a
AF506577,3a
AF506589,3a
AF506590,3a
AF506591,3a
AF506621,3a
AF506613,3a
AF506612,3a
AF506611,3a
AF506610,3a
AF506609,3a
AF506608,3a
AF506606,3a
AF506605,3a
AF506604,3a
AF506601,3a
AF506600,3a
AF506599,3a
AF506593,3a
AF506592,3a
AF426694,3a
AF426693,3a
AB523110,3a
AB472177,3a
AB472172,3a
AB472164,3a
AB444582,3a
AB444581,3a
AB444579,3a
AB444576,3a
AB444575,3a
AB444574,3a
AB444573,3a
AB444572,3a
AB444571,3a
AB444577,3a
AB444570,3a
AB523152,3a
AB523349,3a
AF007504,3a
AF007503,3a
AF007502,3a
AF007501,3a
AF007499,3a
AB523307,3a
AB792683,3a
AB714165,3a
AB691596,3a
AB691595,3a
AB587135,3a
AB555539,3a
AB714166,3a
AF007505,3a
AB444569,3a
AB444567,3a
AB444541,3a
AB444540,3a
AB444539,3a
AB444538,3a
AB444537,3a
AB444536,3a
AB444542,3a
AB444535,3a
AB444533,3a
AB444532,3a
AB444531,3a
AB444530,3a
AB444529,3a
AB444528,3a
AB444534,3a
AB444568,3a
AB444543,3a
AB444545,3a
AB444566,3a
AB444565,3a
AB444557,3a
AB444556,3a
AB444555,3a
AB444554,3a
AB444544,3a
AB444553,3a
AB444551,3a
AB444550,3a
AB444549,3a
AB444548,3a
AB444547,3a
AB444546,3a
AB444552,3a
AB444527,3a
AF007506,3a
AF007508,3a
AF289521,3a
AF289520,3a
AF245286,3a
AF233718,3a
AF233717,3a
AF289522,3a
AF233709,3a
AF233700,3a
AF217313,3a
AF217312,3a
AF217311,3a
AF217310,3a
AF217309,3a
AF233705,3a
AF217308,3a
AF289523,3a
AF289525,3a
AF320787,3a
AF289538,3a
AF289537,3a
AF289536,3a
AF289535,3a
AF289534,3a
AF289524,3a
AF289533,3a
AF289531,3a
AF289528,3a
AF289527,3a
AF289532,3a
AF007507,3a
AF206418,3a
AF206416,3a
AF029299,3a
AF029297,3a
AF007522,3a
AF007521,3a
AF007518,3a
AF007517,3a
AF046866,3a
AF007516,3a
AF007514,3a
AF007513,3a
AF007512,3a
AF007511,3a
AF007510,3a
AF007509,3a
AF007515,3a
AF057150,3a
AF057152,3a
AF206371,3a
AF158613,3a
AF134752,3a
AF134741,3a
AF134737,3a
AF057151,3a
AF077233,3a
AF077228,3a
AF077227,3a
AF071970,3a
AF062822,3a
AF062820,3a
AF057153,3a
AF077229,3a
AB444526,3a
AB444525,3a
AB444524,3a
AB327140,3a
AB327139,3a
AB327138,3a
AB327137,3a
AB327136,3a
AB327131,3a
AB327141,3a
AB327130,3a
AB327128,3a
AB327127,3a
AB327126,3a
AB327125,3a
AB327124,3a
AB327123,3a
AB327129,3a
AB327115,3a
AB327142,3a
AB327144,3a
AB444431,3a
AB444430,3a
AB444429,3a
AB330360,3a
AB330338,3a
AB330336,3a
AB327143,3a
AB330316,3a
AB327150,3a
AB327149,3a
AB327148,3a
AB327147,3a
AB327146,3a
AB327145,3a
AB327151,3a
AB444432,3a
AB327114,3a
AB327112,3a
AB204661,3a
AB204660,3a
AB204659,3a
AB204658,3a
AB204657,3a
AB204656,3a
AB269327,3a
AB204655,3a
AB081071,3a
AB081070,3a
AB081069,3a
AB081064,3a
AB081063,3a
AB081062,3a
AB092965,3a
AB327113,3a
AB269329,3a
AB290944,3a
AB327111,3a
AB327110,3a
AB327109,3a
AB327108,3a
AB327107,3a
AB291005,3a
AB269336,3a
AB291003,3a
AB290968,3a
AB290962,3a
AB290960,3a
AB290956,3a
AB290952,3a
AB290946,3a
AB290989,3a
AB444433,3a
AB444434,3a
AB444435,3a
AB444505,3a
AB444504,3a
AB444503,3a
AB444502,3a
AB444501,3a
AB444500,3a
AB444506,3a
AB444499,3a
AB444497,3a
AB444496,3a
AB444495,3a
AB444494,3a
AB444493,3a
AB444492,3a
AB444498,3a
AB444491,3a
AB444507,3a
AB444509,3a
AB444523,3a
AB444522,3a
AB444521,3a
AB444520,3a
AB444519,3a
AB444518,3a
AB444508,3a
AB444517,3a
AB444515,3a
AB444514,3a
AB444513,3a
AB444512,3a
AB444511,3a
AB444510,3a
AB444516,3a
AB444490,3a
AB444489,3a
AB444488,3a
AB444449,3a
AB444448,3a
AB444447,3a
AB444446,3a
AB444445,3a
AB444444,3a
AB444450,3a
AB444443,3a
AB444441,3a
AB444440,3a
AB444439,3a
AB444438,3a
AB444437,3a
AB444436,3a
AB444442,3a
AB444451,3a
AB444452,3a
AB444453,3a
AB444487,3a
AB444486,3a
AB444485,3a
AB444484,3a
AB444483,3a
AB444463,3a
AB444462,3a
AB444461,3a
AB444460,3a
AB444459,3a
AB444458,3a
AB444457,3a
AB444456,3a
AB444455,3a
AB444454,3a
AF320788,3a
AF320789,3a
AF320790,3a
AF320791,3a
AF426572,3a
AF426571,3a
AF426570,3a
AF426569,3a
AF426568,3a
AF426567,3a
AF426573,3a
AF426566,3a
AF426564,3a
AF426563,3a
AF426562,3a
AF426565,3a
AF426603,3a
AF426619,3a
AF426618,3a
AF426617,3a
AF426616,3a
AF426615,3a
AF426614,3a
AF426613,3a
AF426611,3a
AF426610,3a
AF426609,3a
AF426608,3a
AF426607,3a
AF426606,3a
AF426612,3a
AF426620,3a
AF426557,3a
AF426555,3a
AF426536,3a
AF426535,3a
AF426534,3a
AF426533,3a
AF426532,3a
AF426531,3a
AF426537,3a
AF426530,3a
AF426528,3a
AF426525,3a
AF426524,3a
AF426523,3a
AF426529,3a
AF426556,3a
AF426538,3a
AF426540,3a
AF426554,3a
AF426553,3a
AF426552,3a
AF426551,3a
AF426550,3a
AF426549,3a
AF426539,3a
AF426548,3a
AF426546,3a
AF426545,3a
AF426544,3a
AF426543,3a
AF426542,3a
AF426541,3a
AF426547,3a
AF426621,3a
AF426622,3a
AF426623,3a
AF426674,3a
AF426672,3a
AF426671,3a
AF426670,3a
AF426669,3a
AF426675,3a
AF426668,3a
AF426666,3a
AF426665,3a
AF426664,3a
AF426661,3a
AF426667,3a
AF426676,3a
AF426678,3a
AF426691,3a
AF426690,3a
AF426689,3a
AF426688,3a
AF426687,3a
AF426677,3a
AF426686,3a
AF426684,3a
AF426683,3a
AF426682,3a
AF426681,3a
AF426680,3a
AF426679,3a
AF426685,3a
AF426659,3a
AF426658,3a
AF426657,3a
AF426637,3a
AF426636,3a
AF426635,3a
AF426634,3a
AF426633,3a
AF426632,3a
AF426638,3a
AF426631,3a
AF426629,3a
AF426628,3a
AF426627,3a
AF426630,3a
AF426639,3a
AF426641,3a
AF426656,3a
AF426655,3a
AF426654,3a
AF426653,3a
AF426652,3a
AF426649,3a
AF426648,3a
AF426647,3a
AF426646,3a
AF426645,3a
AF426644,3a
AF426643,3a
AF426642,3a
AF426522,3a
AJ510771,3a
AF426521,3a
AF426519,3a
AF388445,3a
AF388444,3a
AF388443,3a
AF388442,3a
AF388441,3a
AF388440,3a
AF388446,3a
AF388439,3a
AF381143,3a
AF339321,3a
AF339320,3a
AF339319,3a
AF339318,3a
AF339317,3a
AF381144,3a
AF339316,3a
AF388447,3a
AF388449,3a
AF388463,3a
AF388462,3a
AF388461,3a
AF388460,3a
AF388459,3a
AF388458,3a
AF388448,3a
AF388457,3a
AF388455,3a
AF388454,3a
AF388453,3a
AF388452,3a
AF388451,3a
AF388450,3a
AF388456,3a
AF388464,3a
AF339315,3a
AF339212,3a
AF320805,3a
AF320804,3a
AF320803,3a
AF320802,3a
AF320801,3a
AF320800,3a
AF320806,3a
AF320799,3a
AF320797,3a
AF320796,3a
AF320795,3a
AF320794,3a
AF320793,3a
AF320792,3a
AF320798,3a
AF339252,3a
AF320807,3a
AF320809,3a
AF339211,3a
AF339210,3a
AF339209,3a
AF339208,3a
AF339207,3a
AF339206,3a
AF320808,3a
AF339205,3a
AF339203,3a
AF339202,3a
AF320813,3a
AF320812,3a
AF320811,3a
AF320810,3a
AF339204,3a
AF388465,3a
AF388466,3a
AF388467,3a
AF426500,3a
AF426499,3a
AF426498,3a
AF426497,3a
AF426496,3a
AF426495,3a
AF426494,3a
AF426492,3a
AF426491,3a
AF426490,3a
AF426489,3a
AF426488,3a
AF426487,3a
AF426493,3a
AF426486,3a
AF426502,3a
AF426504,3a
AF426518,3a
AF426517,3a
AF426516,3a
AF426515,3a
AF426514,3a
AF426513,3a
AF426503,3a
AF426512,3a
AF426510,3a
AF426508,3a
AF426507,3a
AF426506,3a
AF426511,3a
AF426485,3a
AF426484,3a
AF426483,3a
AF388511,3a
AF388510,3a
AF388509,3a
AF388508,3a
AF388507,3a
AF388476,3a
AF388512,3a
AF388475,3a
AF388473,3a
AF388472,3a
AF388471,3a
AF388470,3a
AF388469,3a
AF388468,3a
AF388474,3a
AF388513,3a
AF388514,3a
AF388515,3a
AF426482,3a
AF426481,3a
AF426480,3a
AF426479,3a
AF426477,3a
AF426476,3a
AF416550,3a
AF416543,3a
AF416539,3a
AF416538,3a
AF416532,3a
AF416523,3a
AF416520,3a
AF426520,3a
AJ510772,3a
AJ510773,3a
AJ510774,3a
AM885064,3a
AM885063,3a
AM885062,3a
AM885061,3a
AM885060,3a
AM885059,3a
AM885065,3a
AM885058,3a
AM885056,3a
AM885054,3a
AM885053,3a
AM885051,3a
AM885057,3a
AM885050,3a
AM885066,3a
AM885068,3a
AM885082,3a
AM885081,3a
AM885080,3a
AM885078,3a
AM885077,3a
AM885067,3a
AM885074,3a
AM885073,3a
AM885072,3a
AM885071,3a
AM885070,3a
AM885069,3a
AM885075,3a
AM885083,3a
AM885049,3a
AM885047,3a
AM884936,3a
AM884935,3a
AM884934,3a
AM884933,3a
AM884932,3a
AM884931,3a
AM884928,3a
AM884927,3a
AM884925,3a
AM884924,3a
AM885048,3a
AM884940,3a
AM885046,3a
AM885045,3a
AM885044,3a
AM885043,3a
AM885042,3a
AM885041,3a
AM885040,3a
AM884944,3a
AM884943,3a
AM884942,3a
AM884922,3a
AM885084,3a
AM885086,3a
AM885339,3a
AM885338,3a
AM885337,3a
AM885336,3a
AM885335,3a
AM885334,3a
AM885340,3a
AM885333,3a
AM885331,3a
AM885330,3a
AM885275,3a
AM885274,3a
AM885332,3a
AM885341,3a
AM885343,3a
AM885544,3a
AM885543,3a
AM885542,3a
AM885353,3a
AM885352,3a
AM885351,3a
AM885349,3a
AM885348,3a
AM885347,3a
AM885346,3a
AM885344,3a
AM885085,3a
AM885270,3a
AM885100,3a
AM885099,3a
AM885098,3a
AM885097,3a
AM885095,3a
AM885101,3a
AM885092,3a
AM885091,3a
AM885090,3a
AM885088,3a
AM885087,3a
AM885093,3a
AM885269,3a
AM885251,3a
AM885264,3a
AM885262,3a
AM885261,3a
AM885256,3a
AM885255,3a
AM884921,3a
AM884920,3a
AM497626,3a
AM497625,3a
AM497624,3a
AM497623,3a
AM497622,3a
AM497621,3a
AM497627,3a
AM497620,3a
AM497618,3a
AM497617,3a
AM497616,3a
AM497615,3a
AM497614,3a
AM497613,3a
AM497619,3a
AM497612,3a
AM497628,3a
AM497630,3a
AM497645,3a
AM497644,3a
AM497643,3a
AM497642,3a
AM497641,3a
AM497639,3a
AM497629,3a
AM497638,3a
AM497636,3a
AM497635,3a
AM497634,3a
AM497633,3a
AM497632,3a
AM497631,3a
AM497637,3a
AM497646,3a
AM497611,3a
AM497609,3a
AM497590,3a
AM497589,3a
AM497588,3a
AM497587,3a
AM497586,3a
AM497585,3a
AM497591,3a
AM497584,3a
AM497582,3a
AM497581,3a
AM497580,3a
AM497579,3a
AM497578,3a
AM497577,3a
AM497583,3a
AM497610,3a
AM497592,3a
AM497594,3a
AM497608,3a
AM497607,3a
AM497606,3a
AM497605,3a
AM497604,3a
AM497603,3a
AM497593,3a
AM497602,3a
AM497600,3a
AM497599,3a
AM497598,3a
AM497597,3a
AM497596,3a
AM497595,3a
AM497601,3a
AM497647,3a
AM497648,3a
AM497649,3a
AM497700,3a
AM497699,3a
AM497698,3a
AM497697,3a
AM497696,3a
AM497695,3a
AM497701,3a
AM497694,3a
AM497692,3a
AM497691,3a
AM497690,3a
AM497689,3a
AM497688,3a
AM497687,3a
AM497693,3a
AM497686,3a
AM497702,3a
AM497704,3a
AM884918,3a
AM884916,3a
AM884915,3a
AM497714,3a
AM497713,3a
AM497703,3a
AM497712,3a
AM497710,3a
AM497709,3a
AM497708,3a
AM497707,3a
AM497706,3a
AM497705,3a
AM497711,3a
AM497685,3a
AM497684,3a
AM497683,3a
AM497663,3a
AM497662,3a
AM497661,3a
AM497660,3a
AM497659,3a
AM497658,3a
AM497664,3a
AM497657,3a
AM497655,3a
AM497654,3a
AM497653,3a
AM497652,3a
AM497651,3a
AM497650,3a
AM497656,3a
AM497665,3a
AM497666,3a
AM497667,3a
AM497682,3a
AM497681,3a
AM497680,3a
AM497679,3a
AM497678,3a
AM497677,3a
AM497676,3a
AM497675,3a
AM497674,3a
AM497673,3a
AM497672,3a
AM497671,3a
AM497670,3a
AM497669,3a
AM497668,3a
AM885545,3a
AM885546,3a
AM885547,3a
AM885548,3a
AY131428,3a
AY131427,3a
AY131426,3a
AY131424,3a
AY131423,3a
AY131422,3a
AY131429,3a
AY131413,3a
AY131401,3a
AY131399,3a
AY131395,3a
AY131391,3a
AY131390,3a
AY131389,3a
AY131408,3a
AY131388,3a
AY131431,3a
AY145908,3a
AY145939,3a
AY145936,3a
AY145935,3a
AY145931,3a
AY145928,3a
AY145926,3a
AY131434,3a
AY145924,3a
AY145918,3a
AY145916,3a
AY145915,3a
AY145913,3a
AY145911,3a
AY145909,3a
AY145921,3a
AY145942,3a
AY131379,3a
AY131363,3a
AY100109,3a
AY100108,3a
AY100107,3a
AY100106,3a
AY100105,3a
AY100104,3a
AY100110,3a
AY100103,3a
AY100101,3a
AY100100,3a
AY100099,3a
AY100098,3a
AY100097,3a
AY100096,3a
AY100102,3a
AY131372,3a
AY100111,3a
AY100113,3a
AY131360,3a
AY131359,3a
AY131358,3a
AY131357,3a
AY131356,3a
AY131355,3a
AY100112,3a
AY131353,3a
AY131349,3a
AY131348,3a
AY131344,3a
AY131343,3a
AY131341,3a
AY131338,3a
AY131352,3a
AY145945,3a
AY145957,3a
AY145962,3a
AY149720,3a
AY149719,3a
AY149718,3a
AY149717,3a
AY149716,3a
AY149715,3a
AY149722,3a
AY149714,3a
AY149706,3a
AY149705,3a
AY149702,3a
AY149699,3a
AY149697,3a
AY149707,3a
AY149696,3a
AY149723,3a
AY177857,3a
AY177856,3a
AY177855,3a
AY177854,3a
AY172638,3a
AY172637,3a
AY149724,3a
AY172636,3a
AY149732,3a
AY149731,3a
AY149729,3a
AY149728,3a
AY155455,3a
AY149695,3a
AY146057,3a
AY146054,3a
AY145997,3a
AY145993,3a
AY145987,3a
AY145984,3a
AY145980,3a
AY145979,3a
AY145999,3a
AY145971,3a
AY145968,3a
AY145966,3a
AY145964,3a
AY145963,3a
AY145974,3a
AY146000,3a
AY146005,3a
AY146052,3a
AY146046,3a
AY146045,3a
AY146044,3a
AY146040,3a
AY146039,3a
AY146038,3a
AY146036,3a
AY146035,3a
AY146025,3a
AY146024,3a
AY146018,3a
AY146017,3a
AY146016,3a
AY146013,3a
AY100095,3a
AM497576,3a
AY100094,3a
AY100092,3a
AY070186,3a
AY070185,3a
AY070184,3a
AY070183,3a
AY070182,3a
AY070181,3a
AY070187,3a
AY070180,3a
AY070178,3a
AY004018,3a
AY003994,3a
AY003993,3a
AY003992,3a
AY003991,3a
AY003990,3a
AY070188,3a
AY070190,3a
AY089778,3a
AY089777,3a
AY089776,3a
AY089775,3a
AY089774,3a
AY089773,3a
AY070189,3a
AY079285,3a
AY079252,3a
AY079251,3a
AY070194,3a
AY070192,3a
AY070191,3a
AY079264,3a
AY089779,3a
AY003989,3a
AY003975,3a
AM885562,3a
AM885561,3a
AM885560,3a
AM885559,3a
AM885558,3a
AM885557,3a
AM885563,3a
AM885556,3a
AM885554,3a
AM885553,3a
AM885552,3a
AM885551,3a
AM885550,3a
AM885549,3a
AM885555,3a
AY003976,3a
AM885564,3a
AM885566,3a
AY003974,3a
AY003973,3a
AY003972,3a
AY003971,3a
AY003970,3a
AY003943,3a
AM885565,3a
AY003942,3a
AY003939,3a
AM885570,3a
AM885569,3a
AM885568,3a
AM885567,3a
AY003941,3a
AY089780,3a
AY089781,3a
AY089782,3a
AY100073,3a
AY100072,3a
AY100071,3a
AY100070,3a
AY100069,3a
AY100068,3a
AY100074,3a
AY100067,3a
AY100065,3a
AY100064,3a
AY100063,3a
AY100062,3a
AY100061,3a
AY100060,3a
AY100066,3a
AY100059,3a
AY100075,3a
AY100077,3a
AY100091,3a
AY100090,3a
AY100089,3a
AY100088,3a
AY100087,3a
AY100086,3a
AY100076,3a
AY100085,3a
AY100083,3a
AY100082,3a
AY100081,3a
AY100080,3a
AY100079,3a
AY100078,3a
AY100084,3a
AY100058,3a
AY100057,3a
AY100056,3a
AY100036,3a
AY100035,3a
AY100034,3a
AY100033,3a
AY100032,3a
AY100031,3a
AY100037,3a
AY100030,3a
AY100028,3a
AY100027,3a
AY100026,3a
AY100025,3a
AY100024,3a
AY089783,3a
AY100029,3a
AY100038,3a
AY100039,3a
AY100040,3a
AY100055,3a
AY100054,3a
AY100053,3a
AY100052,3a
AY100051,3a
AY100050,3a
AY100049,3a
AY100048,3a
AY100047,3a
AY100046,3a
AY100045,3a
AY100044,3a
AY100043,3a
AY100042,3a
AY100041,3a
AY100093,3a
AY177859,3a
AM497575,3a
AM497573,3a
AJ867150,3a
AJ867149,3a
AJ867148,3a
AJ867147,3a
AJ867146,3a
AJ867145,3a
AJ867151,3a
AJ867144,3a
AJ867142,3a
AJ867141,3a
AJ867140,3a
AJ867139,3a
AJ867138,3a
AJ867137,3a
AJ867143,3a
AJ867136,3a
AJ867152,3a
AJ867154,3a
AJ867168,3a
AJ867167,3a
AJ867166,3a
AJ867165,3a
AJ867164,3a
AJ867163,3a
AJ867162,3a
AJ867160,3a
AJ867159,3a
AJ867158,3a
AJ867157,3a
AJ867156,3a
AJ867155,3a
AJ867161,3a
AJ867169,3a
AJ867135,3a
AJ867133,3a
AJ867114,3a
AJ867113,3a
AJ867112,3a
AJ867111,3a
AJ867110,3a
AJ867109,3a
AJ867115,3a
AJ867108,3a
AJ867106,3a
AJ867105,3a
AJ867104,3a
AJ867103,3a
AJ867102,3a
AJ867101,3a
AJ867107,3a
AJ867134,3a
AJ867116,3a
AJ867118,3a
AJ867132,3a
AJ867131,3a
AJ867130,3a
AJ867129,3a
AJ867128,3a
AJ867127,3a
AJ867117,3a
AJ867126,3a
AJ867124,3a
AJ867123,3a
AJ867122,3a
AJ867121,3a
AJ867120,3a
AJ867119,3a
AJ867125,3a
AJ867100,3a
AJ880743,3a
AJ880745,3a
AM263082,3a
AM263081,3a
AM263080,3a
AM263079,3a
AM263078,3a
AM263077,3a
AM263083,3a
AM263076,3a
AM263074,3a
AM263073,3a
AM263072,3a
AM263071,3a
AM263070,3a
AM263069,3a
AM263075,3a
AM263068,3a
AM263084,3a
AM263086,3a
AM263100,3a
AM263099,3a
AM263098,3a
AM263097,3a
AM263096,3a
AM263095,3a
AM263085,3a
AM263094,3a
AM263092,3a
AM263091,3a
AM263090,3a
AM263089,3a
AM263088,3a
AM263087,3a
AM263093,3a
AJ880744,3a
AM263067,3a
AM263065,3a
AM228879,3a
AM228878,3a
AM228877,3a
AM228876,3a
AM228875,3a
AM228874,3a
AM228880,3a
AM228873,3a
AM228870,3a
AM228869,3a
AM228868,3a
AM228867,3a
AM113976,3a
AJ880757,3a
AM228872,3a
AM263066,3a
AM228881,3a
AM228883,3a
AM263064,3a
AM263063,3a
AM228898,3a
AM228897,3a
AM228896,3a
AM228895,3a
AM228882,3a
AM228894,3a
AM228892,3a
AM228891,3a
AM228890,3a
AM228889,3a
AM228886,3a
AM228884,3a
AM228893,3a
AJ867099,3a
AJ867098,3a
AJ867097,3a
AJ510926,3a
AJ510924,3a
AJ510923,3a
AJ510922,3a
AJ510921,3a
AJ510927,3a
AJ510920,3a
AJ510918,3a
AJ510917,3a
AJ510916,3a
AJ510928,3a
AJ511139,3a
AJ511153,3a
AJ511152,3a
AJ511151,3a
AJ511150,3a
AJ511149,3a
AJ511148,3a
AJ511138,3a
AJ511147,3a
AJ511145,3a
AJ511144,3a
AJ511143,3a
AJ511142,3a
AJ511141,3a
AJ511140,3a
AJ511146,3a
AJ511154,3a
AJ510909,3a
AJ510783,3a
AJ510789,3a
AJ510782,3a
AJ510780,3a
AJ510779,3a
AJ510778,3a
AJ510777,3a
AJ510776,3a
AJ510775,3a
AJ510781,3a
AJ510910,3a
AJ510790,3a
AJ510908,3a
AJ510906,3a
AJ510904,3a
AJ510899,3a
AJ510796,3a
AJ510795,3a
AJ510794,3a
AJ511155,3a
AJ511156,3a
AJ511157,3a
AJ867078,3a
AJ867077,3a
AJ621237,3a
AJ621236,3a
AJ621235,3a
AJ621234,3a
AJ867079,3a
AJ621233,3a
AJ621230,3a
AJ621229,3a
AJ621228,3a
AJ621227,3a
AJ621226,3a
AJ621232,3a
AJ621224,3a
AJ867080,3a
AJ867082,3a
AJ867096,3a
AJ867095,3a
AJ867094,3a
AJ867093,3a
AJ867092,3a
AJ867091,3a
AJ867081,3a
AJ867090,3a
AJ867088,3a
AJ867087,3a
AJ867086,3a
AJ867085,3a
AJ867084,3a
AJ867083,3a
AJ867089,3a
AJ621222,3a
AJ621221,3a
AJ515647,3a
AJ515646,3a
AJ515645,3a
AJ511254,3a
AJ511167,3a
AJ511166,3a
AJ515648,3a
AJ511165,3a
AJ511163,3a
AJ511162,3a
AJ511161,3a
AJ511160,3a
AJ511159,3a
AJ511158,3a
AJ511164,3a
AJ515649,3a
AJ515650,3a
AJ515651,3a
AJ621220,3a
AJ621219,3a
AJ621216,3a
AJ621215,3a
AJ515661,3a
AJ515660,3a
AJ515659,3a
AJ515658,3a
AJ515657,3a
AJ515656,3a
AJ515655,3a
AJ515654,3a
AJ515653,3a
AJ515652,3a
AM263101,3a
AM263102,3a
AM263103,3a
AM263104,3a
AM493588,3a
AM493587,3a
AM493586,3a
AM493585,3a
AM493584,3a
AM493583,3a
AM493589,3a
AM493582,3a
AM493580,3a
AM493579,3a
AM493578,3a
AM493577,3a
AM493576,3a
AM493575,3a
AM493581,3a
AM493574,3a
AM493590,3a
AM493592,3a
AM493606,3a
AM493605,3a
AM493604,3a
AM493603,3a
AM493602,3a
AM493601,3a
AM493591,3a
AM493600,3a
AM493598,3a
AM493597,3a
AM493596,3a
AM493595,3a
AM493594,3a
AM493593,3a
AM493599,3a
AM493607,3a
AM493573,3a
AM493571,3a
AM493552,3a
AM493551,3a
AM493550,3a
AM493549,3a
AM493548,3a
AM493547,3a
AM493553,3a
AM493546,3a
AM493544,3a
AM493543,3a
AM493542,3a
AM493541,3a
AM493540,3a
AM493539,3a
AM493545,3a
AM493572,3a
AM493554,3a
AM493556,3a
AM493570,3a
AM493569,3a
AM493568,3a
AM493567,3a
AM493566,3a
AM493555,3a
AM493564,3a
AM493562,3a
AM493561,3a
AM493560,3a
AM493559,3a
AM493558,3a
AM493557,3a
AM493563,3a
AM493608,3a
AM493609,3a
AM493610,3a
AM493661,3a
AM493660,3a
AM493659,3a
AM493658,3a
AM493657,3a
AM493656,3a
AM493662,3a
AM493655,3a
AM493653,3a
AM493652,3a
AM493651,3a
AM493650,3a
AM493649,3a
AM493648,3a
AM493654,3a
AM493647,3a
AM493663,3a
AM497558,3a
AM497572,3a
AM497571,3a
AM497570,3a
AM497569,3a
AM497568,3a
AM497567,3a
AM493664,3a
AM497566,3a
AM497564,3a
AM497563,3a
AM497562,3a
AM497561,3a
AM497560,3a
AM497559,3a
AM497565,3a
AM493646,3a
AM493645,3a
AM493644,3a
AM493624,3a
AM493623,3a
AM493622,3a
AM493621,3a
AM493620,3a
AM493619,3a
AM493625,3a
AM493618,3a
AM493616,3a
AM493615,3a
AM493614,3a
AM493613,3a
AM493612,3a
AM493611,3a
AM493617,3a
AM493626,3a
AM493627,3a
AM493628,3a
AM493643,3a
AM493642,3a
AM493641,3a
AM493640,3a
AM493639,3a
AM493638,3a
AM493637,3a
AM493636,3a
AM493635,3a
AM493634,3a
AM493633,3a
AM493632,3a
AM493631,3a
AM493630,3a
AM493629,3a
AM493538,3a
AM497574,3a
AM493537,3a
AM493535,3a
AM263154,3a
AM263153,3a
AM263152,3a
AM263151,3a
AM263150,3a
AM263149,3a
AM263155,3a
AM263148,3a
AM263146,3a
AM263145,3a
AM263144,3a
AM263143,3a
AM263142,3a
AM263141,3a
AM263147,3a
AM263140,3a
AM263156,3a
AM263158,3a
AM263172,3a
AM263171,3a
AM263170,3a
AM263169,3a
AM263168,3a
AM263167,3a
AM263157,3a
AM263166,3a
AM263164,3a
AM263163,3a
AM263162,3a
AM263161,3a
AM263160,3a
AM263159,3a
AM263165,3a
AM263173,3a
AM263139,3a
AM263137,3a
AM263118,3a
AM263117,3a
AM263116,3a
AM263115,3a
AM263114,3a
AM263113,3a
AM263119,3a
AM263112,3a
AM263110,3a
AM263109,3a
AM263108,3a
AM263107,3a
AM263106,3a
AM263105,3a
AM263111,3a
AM263138,3a
AM263120,3a
AM263122,3a
AM263136,3a
AM263135,3a
AM263134,3a
AM263133,3a
AM263132,3a
AM263131,3a
AM263121,3a
AM263130,3a
AM263128,3a
AM263127,3a
AM263126,3a
AM263125,3a
AM263124,3a
AM263123,3a
AM263129,3a
AM263174,3a
AM263175,3a
AM263176,3a
AM493516,3a
AM493515,3a
AM493514,3a
AM493513,3a
AM493512,3a
AM493511,3a
AM493517,3a
AM493510,3a
AM493508,3a
AM423062,3a
AM423061,3a
AM423060,3a
AM423059,3a
AM423058,3a
AM493509,3a
AM423057,3a
AM493518,3a
AM493520,3a
AM493534,3a
AM493533,3a
AM493532,3a
AM493531,3a
AM493530,3a
AM493529,3a
AM493519,3a
AM493528,3a
AM493526,3a
AM493525,3a
AM493524,3a
AM493523,3a
AM493522,3a
AM493521,3a
AM493527,3a
AM423056,3a
AM423055,3a
AM423054,3a
AM423026,3a
AM423025,3a
AM423024,3a
AM423023,3a
AM423018,3a
AM423017,3a
AM423027,3a
AM423016,3a
AM423014,3a
AM423013,3a
AM423012,3a
AM423011,3a
AM422830,3a
AM279733,3a
AM423015,3a
AM423028,3a
AM423029,3a
AM423030,3a
AM423053,3a
AM423052,3a
AM423051,3a
AM423050,3a
AM423049,3a
AM423048,3a
AM423047,3a
AM423042,3a
AM423041,3a
AM423040,3a
AM423039,3a
AM423038,3a
AM423037,3a
AM423036,3a
AM423035,3a
AM493536,3a
EF195033,3a
EU023371,3a
EF195035,3a
HQ318880,3a
HQ318879,3a
HQ318878,3a
HQ318877,3a
HQ318876,3a
HQ318875,3a
HQ318874,3a
HQ318881,3a
HQ318873,3a
HQ318861,3a
HQ318860,3a
HQ318859,3a
HQ318855,3a
HQ318853,3a
HQ318852,3a
HQ318851,3a
HQ318862,3a
HQ318882,3a
HQ318883,3a
HQ318884,3a
HQ328054,3a
HQ328052,3a
HQ323687,3a
HQ323685,3a
HQ318896,3a
HQ318895,3a
HQ318894,3a
HQ318893,3a
HQ318892,3a
HQ318891,3a
HQ318890,3a
HQ318889,3a
HQ318888,3a
HQ318887,3a
HQ318886,3a
HQ318885,3a
HQ318849,3a
HQ318842,3a
HQ318841,3a
HQ318840,3a
HQ229586,3a
HQ229585,3a
HQ229584,3a
HQ229583,3a
HQ229581,3a
HQ229580,3a
HQ229564,3a
HQ229563,3a
HQ229562,3a
HQ229561,3a
HQ229560,3a
HQ229559,3a
HQ229557,3a
HQ229555,3a
HQ229553,3a
HQ229552,3a
HQ229551,3a
HQ229587,3a
HQ385885,3a
HQ229588,3a
HQ229590,3a
HQ318839,3a
HQ318838,3a
HQ260382,3a
HQ260381,3a
HQ229603,3a
HQ229602,3a
HQ229601,3a
HQ229600,3a
HQ229599,3a
HQ229598,3a
HQ229597,3a
HQ229596,3a
HQ229595,3a
HQ229594,3a
HQ229593,3a
HQ229592,3a
HQ229589,3a
HQ385899,3a
HQ396510,3a
HQ623320,3a
JF721203,3a
JF721202,3a
HQ912953,3a
HQ738645,3a
HQ728139,3a
HQ728137,3a
HQ728135,3a
HQ661856,3a
HQ661855,3a
HQ639942,3a
HQ639941,3a
HQ630407,3a
HQ630406,3a
HQ623363,3a
JF721204,3a
HQ623362,3a
JF721205,3a
JF721207,3a
JF721224,3a
JF721223,3a
JF721222,3a
JF721221,3a
JF721220,3a
JF721219,3a
JF721218,3a
JF721217,3a
JF721216,3a
JF721215,3a
JF721214,3a
JF721213,3a
JF721212,3a
JF721211,3a
JF721210,3a
JF721209,3a
JF721208,3a
JF721206,3a
HQ229550,3a
HQ623361,3a
HQ623359,3a
HQ623337,3a
HQ623336,3a
HQ623335,3a
HQ623334,3a
HQ623333,3a
HQ623332,3a
HQ623331,3a
HQ623330,3a
HQ623329,3a
HQ623328,3a
HQ623327,3a
HQ623326,3a
HQ623325,3a
HQ623324,3a
HQ623323,3a
HQ623322,3a
HQ623321,3a
HQ623338,3a
HQ623360,3a
HQ623339,3a
HQ623341,3a
HQ623358,3a
HQ623357,3a
HQ623356,3a
HQ623355,3a
HQ623354,3a
HQ623353,3a
HQ623352,3a
HQ623351,3a
HQ623350,3a
HQ623349,3a
HQ623348,3a
HQ623347,3a
HQ623346,3a
HQ623345,3a
HQ623344,3a
HQ623343,3a
HQ623342,3a
HQ623340,3a
HQ229549,3a
HQ229547,3a
HQ229540,3a
HQ229243,3a
HQ229239,3a
HQ229236,3a
HQ229231,3a
HQ229230,3a
HQ229229,3a
HQ229228,3a
HQ229227,3a
HQ229225,3a
HQ229224,3a
HQ229221,3a
HQ229218,3a
HQ229213,3a
HQ229212,3a
HQ229211,3a
HQ229206,3a
HQ229244,3a
HQ229205,3a
HQ229245,3a
HQ229248,3a
HQ229354,3a
HQ229352,3a
HQ229348,3a
HQ229343,3a
HQ229342,3a
HQ229340,3a
HQ229339,3a
HQ229337,3a
HQ229336,3a
HQ229335,3a
HQ229333,3a
HQ229268,3a
HQ229266,3a
HQ229259,3a
HQ229258,3a
HQ229256,3a
HQ229251,3a
HQ229247,3a
HQ229355,3a
HQ229204,3a
HQ229202,3a
HQ229160,3a
HQ229153,3a
HQ229152,3a
HQ229151,3a
HQ229147,3a
HQ229145,3a
HQ229144,3a
HQ229136,3a
HQ229133,3a
HQ229132,3a
HQ229127,3a
HQ229122,3a
HQ229121,3a
HQ229120,3a
HQ229118,3a
HQ229116,3a
HQ229111,3a
HQ229164,3a
HQ229203,3a
HQ229165,3a
HQ229169,3a
HQ229199,3a
HQ229198,3a
HQ229197,3a
HQ229195,3a
HQ229193,3a
HQ229191,3a
HQ229190,3a
HQ229189,3a
HQ229188,3a
HQ229185,3a
HQ229183,3a
HQ229182,3a
HQ229181,3a
HQ229177,3a
HQ229175,3a
HQ229174,3a
HQ229172,3a
HQ229166,3a
JF721225,3a
HQ229359,3a
HQ229362,3a
HQ229489,3a
HQ229488,3a
HQ229487,3a
HQ229486,3a
HQ229485,3a
HQ229482,3a
HQ229481,3a
HQ229480,3a
HQ229478,3a
HQ229476,3a
EF195034,3a
HQ229473,3a
HQ229472,3a
HQ229471,3a
HQ229468,3a
HQ229466,3a
HQ229465,3a
HQ229494,3a
HQ229464,3a
HQ229495,3a
HQ229500,3a
HQ229539,3a
HQ229537,3a
HQ229529,3a
HQ229527,3a
HQ229526,3a
HQ229524,3a
HQ229523,3a
HQ229522,3a
HQ229518,3a
HQ229515,3a
HQ229513,3a
HQ229512,3a
HQ229511,3a
HQ229510,3a
HQ229507,3a
HQ229506,3a
HQ229503,3a
HQ229497,3a
HQ229360,3a
HQ229460,3a
HQ229457,3a
HQ229395,3a
HQ229391,3a
HQ229390,3a
HQ229389,3a
HQ229388,3a
HQ229383,3a
HQ229382,3a
HQ229381,3a
HQ229378,3a
HQ229375,3a
HQ229373,3a
HQ229370,3a
HQ229368,3a
HQ229367,3a
HQ229366,3a
HQ229364,3a
HQ229363,3a
HQ229401,3a
HQ229458,3a
HQ229403,3a
HQ229406,3a
HQ229455,3a
HQ229452,3a
HQ229449,3a
HQ229448,3a
HQ229447,3a
HQ229444,3a
HQ229437,3a
HQ229436,3a
HQ229435,3a
HQ229431,3a
HQ229429,3a
HQ229428,3a
HQ229421,3a
HQ229418,3a
HQ229417,3a
HQ229412,3a
HQ229407,3a
HQ229405,3a
JF721226,3a
JF721227,3a
JF721228,3a
JN563631,3a
JN563630,3a
JN563629,3a
JN563628,3a
JN563627,3a
JN563626,3a
JN563625,3a
JN563624,3a
JN563623,3a
JN563622,3a
JN563621,3a
JN563620,3a
JN563619,3a
JN563618,3a
JN563617,3a
JN563616,3a
JN563615,3a
JN563632,3a
JN563614,3a
JN563633,3a
JN563635,3a
JN572959,3a
JN563651,3a
JN563650,3a
JN563649,3a
JN563648,3a
JN563647,3a
JN563646,3a
JN563645,3a
JN563644,3a
JN563643,3a
JN563642,3a
JN563641,3a
JN563640,3a
JN563639,3a
JN563638,3a
JN563637,3a
JN563636,3a
JN563634,3a
JN572993,3a
JN563613,3a
JN563611,3a
JN214841,3a
JN214836,3a
JN214834,3a
JN214833,3a
JN214832,3a
JN214828,3a
JN214824,3a
JN214822,3a
JN214811,3a
JN214787,3a
JN214776,3a
JN214772,3a
JN214771,3a
JN214753,3a
JN214751,3a
JN214745,3a
JN214737,3a
JN214842,3a
JN563612,3a
JN214850,3a
JN214853,3a
JN427012,3a
JN427011,3a
JN427010,3a
JN427008,3a
JN427007,3a
JN427005,3a
JN427004,3a
JN427000,3a
JN426998,3a
JN426997,3a
JN426995,3a
JN426992,3a
JN214879,3a
JN214878,3a
JN214876,3a
JN214857,3a
JN214851,3a
JN572996,3a
JN573028,3a
JN689524,3a
JN689523,3a
JN689522,3a
JN689521,3a
JN689520,3a
JN689519,3a
JN689518,3a
JN689517,3a
JN689516,3a
JN689515,3a
JN689514,3a
JN689513,3a
JN689512,3a
JN689511,3a
JN657415,3a
JN657406,3a
JN657405,3a
JN689525,3a
JN657404,3a
JN689526,3a
JN689528,3a
JN689545,3a
JN689544,3a
JN689543,3a
JN689542,3a
JN689541,3a
JN689540,3a
JN689539,3a
JN689538,3a
JN689537,3a
JN689536,3a
JN689535,3a
JN689534,3a
JN689533,3a
JN689532,3a
JN689531,3a
JN689530,3a
JN689529,3a
JN689527,3a
JN573001,3a
JN657403,3a
JN657395,3a
JN657335,3a
JN657331,3a
JN657329,3a
JN657327,3a
JN657326,3a
JN657322,3a
JN657319,3a
JN657318,3a
JN657317,3a
JN657316,3a
JN656625,3a
JN652211,3a
JN573097,3a
JN573082,3a
JN573079,3a
JN657344,3a
JN657396,3a
JN657348,3a
JN657351,3a
JN657389,3a
JN657386,3a
JN657385,3a
JN657384,3a
JN657378,3a
JN657377,3a
JN657375,3a
JN657374,3a
JN657373,3a
JN657372,3a
JN657357,3a
JN657356,3a
JN657355,3a
JN657354,3a
JN657353,3a
JN657352,3a
JN657349,3a
HQ229107,3a
JN214724,3a
JN214672,3a
JF721304,3a
JF721303,3a
JF721302,3a
JF721301,3a
JF721300,3a
JF721299,3a
JF721298,3a
JF721297,3a
JF721296,3a
JF721295,3a
JF721294,3a
JF721293,3a
JF721292,3a
JF721291,3a
JF721290,3a
JF721289,3a
JF721288,3a
JF721305,3a
JF721287,3a
JF824151,3a
JF824167,3a
JF824266,3a
JF824247,3a
JF824243,3a
JF824235,3a
JF824234,3a
JF824218,3a
JF824216,3a
JF824213,3a
JF824212,3a
JF824208,3a
JF824202,3a
JF824201,3a
JF824193,3a
JF824187,3a
JF824182,3a
JF824172,3a
JF824171,3a
JF824153,3a
JF824270,3a
JF721286,3a
JF721284,3a
JF721262,3a
JF721244,3a
JF721243,3a
JF721242,3a
JF721241,3a
JF721240,3a
JF721239,3a
JF721238,3a
JF721237,3a
JF721236,3a
JF721235,3a
JF721234,3a
JF721233,3a
JF721232,3a
JF721231,3a
JF721230,3a
JF721229,3a
JF721263,3a
JF721285,3a
JF721264,3a
JF721266,3a
JF721283,3a
JF721282,3a
JF721281,3a
JF721280,3a
JF721279,3a
JF721278,3a
JF721277,3a
JF721276,3a
JF721275,3a
JF721274,3a
JF721273,3a
JF721272,3a
JF721270,3a
JF721269,3a
JF721268,3a
JF721267,3a
JF721265,3a
JN214713,3a
JF824271,3a
JF824276,3a
JN207137,3a
JN207136,3a
JN207135,3a
JN207134,3a
JN207132,3a
JN207131,3a
JF964963,3a
JF824490,3a
JF824480,3a
JF824479,3a
JF824473,3a
JF824470,3a
JF824468,3a
JF824457,3a
JF824456,3a
JF824455,3a
JN207138,3a
JF824453,3a
JN207139,3a
JN207141,3a
JN214669,3a
JN214662,3a
JN214646,3a
JN214635,3a
JN214629,3a
JN214612,3a
JN214609,3a
JN214604,3a
JN214596,3a
JN207149,3a
JN207148,3a
JN207146,3a
JN207145,3a
JN207144,3a
JN207143,3a
JN207142,3a
JN207140,3a
JF824275,3a
JF824449,3a
JF824445,3a
JF824348,3a
JF824347,3a
JF824345,3a
JF824342,3a
JF824329,3a
JF824327,3a
JF824326,3a
JF824316,3a
JF824315,3a
JF824309,3a
JF824305,3a
JF824302,3a
JF824290,3a
JF824289,3a
JF824288,3a
JF824286,3a
JF824280,3a
JF824356,3a
JF824446,3a
JF824362,3a
JF824368,3a
JF824442,3a
JF824441,3a
JF824438,3a
JF824422,3a
JF824418,3a
JF824409,3a
JF824408,3a
JF824404,3a
JF824401,3a
JF824398,3a
JF824393,3a
JF824391,3a
JF824388,3a
JF824387,3a
JF824383,3a
JF824377,3a
JF824376,3a
JF824367,3a
HQ229106,3a
HQ229105,3a
HQ229104,3a
GQ387955,3a
GQ387954,3a
GQ379804,3a
GQ379231,3a
GQ356779,3a
GQ356778,3a
GQ356777,3a
GQ356776,3a
GQ356775,3a
GQ356774,3a
GQ356772,3a
GQ356771,3a
GQ356770,3a
GQ356769,3a
GQ356768,3a
GQ387956,3a
GQ356766,3a
GQ387957,3a
GQ387959,3a
GQ411068,3a
GQ388013,3a
GQ388012,3a
GQ388011,3a
GQ388010,3a
GQ388009,3a
GQ388008,3a
GQ388007,3a
GQ388006,3a
GQ388005,3a
GQ388004,3a
GQ388003,3a
GQ387964,3a
GQ387963,3a
GQ387962,3a
GQ387961,3a
GQ387960,3a
GQ387958,3a
GQ411069,3a
GQ356741,3a
GQ356740,3a
GQ356738,3a
GQ356737,3a
GQ356735,3a
GQ356734,3a
GQ356732,3a
GQ356731,3a
GQ356727,3a
GQ356726,3a
GQ356725,3a
GQ356742,3a
GQ356743,3a
GQ356745,3a
GQ356762,3a
GQ356761,3a
GQ356760,3a
GQ356756,3a
GQ356755,3a
GQ356753,3a
GQ356752,3a
GQ356751,3a
GQ356750,3a
GQ356744,3a
GQ463452,3a
GQ490882,3a
GQ490941,3a
GQ490940,3a
GQ490939,3a
GQ490938,3a
GQ490937,3a
GQ490936,3a
GQ490935,3a
GQ490934,3a
GQ490933,3a
GQ490932,3a
GQ490931,3a
GQ490930,3a
GQ490929,3a
GQ490928,3a
GQ490927,3a
GQ490926,3a
GQ490925,3a
GQ490942,3a
GQ490924,3a
GQ490943,3a
GQ490945,3a
GQ490962,3a
GQ490961,3a
GQ490960,3a
GQ490959,3a
GQ490958,3a
GQ490957,3a
GQ490956,3a
GQ490955,3a
GQ490954,3a
GQ490953,3a
GQ490952,3a
GQ490951,3a
GQ490950,3a
GQ490949,3a
GQ490948,3a
GQ490947,3a
GQ490946,3a
GQ490944,3a
GQ490881,3a
GQ490923,3a
GQ490921,3a
GQ490899,3a
GQ490898,3a
GQ490897,3a
GQ490896,3a
GQ490895,3a
GQ490894,3a
GQ490893,3a
GQ490892,3a
GQ490891,3a
GQ490890,3a
GQ490889,3a
GQ490888,3a
GQ490887,3a
GQ490886,3a
GQ490885,3a
GQ490884,3a
GQ490883,3a
GQ490900,3a
GQ490922,3a
GQ490901,3a
GQ490903,3a
GQ490920,3a
GQ490919,3a
GQ490918,3a
GQ490917,3a
GQ490916,3a
GQ490915,3a
GQ490914,3a
GQ490913,3a
GQ490912,3a
GQ490911,3a
GQ490910,3a
GQ490909,3a
GQ490908,3a
GQ490907,3a
GQ490906,3a
GQ490905,3a
GQ490904,3a
GQ490902,3a
GQ490963,3a
GQ356615,3a
GQ356614,3a
GQ356613,3a
GQ356612,3a
GQ356611,3a
GQ356610,3a
GQ356609,3a
GQ356608,3a
GQ356607,3a
GQ356605,3a
GQ356604,3a
GQ356603,3a
GQ356602,3a
GQ356601,3a
GQ356600,3a
GQ356599,3a
GQ356598,3a
GQ356617,3a
GQ356619,3a
GQ356636,3a
GQ356635,3a
GQ356633,3a
GQ356631,3a
GQ356629,3a
GQ356628,3a
GQ356627,3a
GQ356626,3a
GQ356625,3a
GQ356623,3a
GQ356622,3a
GQ356621,3a
GQ356620,3a
GQ356618,3a
GQ356637,3a
GQ356597,3a
GQ356595,3a
GQ356573,3a
GQ356572,3a
GQ356571,3a
GQ356570,3a
GQ356569,3a
GQ356568,3a
GQ356567,3a
GQ356566,3a
GQ356565,3a
GQ356564,3a
GQ356563,3a
GQ356562,3a
GQ356561,3a
GQ356560,3a
GQ356557,3a
GQ356574,3a
GQ356575,3a
GQ356594,3a
GQ356592,3a
GQ356591,3a
GQ356589,3a
GQ356588,3a
GQ356587,3a
GQ356586,3a
GQ356585,3a
GQ356584,3a
GQ356583,3a
GQ356581,3a
GQ356579,3a
GQ356578,3a
GQ356576,3a
GQ356640,3a
GQ356699,3a
GQ356698,3a
GQ356697,3a
GQ356696,3a
GQ356694,3a
GQ356693,3a
GQ356689,3a
GQ356687,3a
GQ356686,3a
GQ356685,3a
GQ356684,3a
GQ356700,3a
GQ356682,3a
GQ356719,3a
GQ356718,3a
GQ356717,3a
GQ356714,3a
GQ356713,3a
GQ356712,3a
GQ356711,3a
GQ356709,3a
GQ356708,3a
GQ356705,3a
GQ356702,3a
GQ356639,3a
GQ356679,3a
GQ356657,3a
GQ356656,3a
GQ356652,3a
GQ356651,3a
GQ356649,3a
GQ356643,3a
GQ356661,3a
GQ356677,3a
GQ356676,3a
GQ356675,3a
GQ356674,3a
GQ356673,3a
GQ356672,3a
GQ356671,3a
GQ356670,3a
GQ356669,3a
GQ356668,3a
GQ356667,3a
GQ356666,3a
GQ356665,3a
GQ356664,3a
GQ490964,3a
GQ490966,3a
HM446368,3a
HM446367,3a
HM446366,3a
HM446365,3a
HM446364,3a
HM366723,3a
HM366722,3a
HM366721,3a
HM366720,3a
HM244819,3a
HM191482,3a
HM191481,3a
HM191479,3a
HM161678,3a
HM161677,3a
HM135520,3a
HM446650,3a
HM135519,3a
HM446651,3a
HM446653,3a
HM641731,3a
HM641730,3a
HM641729,3a
HM641728,3a
HM641725,3a
HM641724,3a
HM641722,3a
HM594184,3a
HM584121,3a
HM584120,3a
HM584119,3a
HM568439,3a
HM568438,3a
HM566116,3a
HM446652,3a
HM135518,3a
HM135516,3a
HM042018,3a
HM042017,3a
HM042016,3a
HM042015,3a
HM042014,3a
HM042013,3a
HM042012,3a
HM042011,3a
HM042010,3a
HM042009,3a
HM042008,3a
HM042007,3a
HM042006,3a
HM042005,3a
HM042004,3a
HM042003,3a
HM042002,3a
HM042019,3a
HM135517,3a
HM042020,3a
HM042065,3a
HM107694,3a
HM042081,3a
HM042080,3a
HM042079,3a
HM042078,3a
HM042077,3a
HM042076,3a
HM042075,3a
HM042074,3a
HM042073,3a
HM042072,3a
HM042071,3a
HM042070,3a
HM042069,3a
HM042068,3a
HM042067,3a
HM042066,3a
HM042064,3a
HM042001,3a
HM777333,3a
HM777335,3a
HQ229056,3a
HQ229055,3a
HQ229053,3a
HQ229052,3a
HQ229051,3a
HQ229049,3a
HQ202721,3a
HQ202720,3a
HQ202719,3a
HQ202718,3a
HQ202717,3a
HQ202716,3a
HQ202715,3a
HQ202536,3a
HQ189130,3a
HQ189129,3a
HQ189128,3a
HQ229058,3a
HQ189127,3a
HQ229059,3a
HQ229068,3a
HQ229099,3a
HQ229098,3a
HQ229097,3a
HQ229094,3a
HQ229091,3a
HQ229089,3a
HQ229086,3a
HQ229084,3a
HQ229083,3a
HQ229082,3a
HQ229080,3a
HQ229079,3a
HQ229078,3a
HQ229076,3a
HQ229075,3a
HQ229071,3a
HQ229070,3a
HQ229064,3a
HM777334,3a
HQ189126,3a
HQ189124,3a
HQ108093,3a
HQ108092,3a
HM777417,3a
HM777400,3a
HM777399,3a
HM777392,3a
HM777390,3a
HM777386,3a
HM777380,3a
HM777365,3a
HM777342,3a
HM777341,3a
HM777340,3a
HM777339,3a
HM777338,3a
HM777337,3a
HM777336,3a
HQ189125,3a
HQ108095,3a
HQ108097,3a
HQ184935,3a
HQ184934,3a
HQ184933,3a
HQ184932,3a
HQ184931,3a
HQ184930,3a
HQ184929,3a
HQ108107,3a
HQ108105,3a
HQ108104,3a
HQ108103,3a
HQ108102,3a
HQ108101,3a
HQ108100,3a
HQ108099,3a
HQ108098,3a
HQ108096,3a
GQ490965,3a
HM042000,3a
HM031212,3a
GQ491025,3a
GQ491024,3a
GQ491023,3a
GQ491022,3a
GQ491021,3a
GQ491020,3a
GQ491019,3a
GQ491018,3a
GQ491017,3a
GQ491016,3a
GQ491015,3a
GQ491014,3a
GQ491013,3a
GQ491012,3a
GQ491011,3a
GQ491010,3a
GQ491009,3a
GQ491026,3a
GQ491008,3a
GQ491027,3a
GU055317,3a
GU055348,3a
GU055347,3a
GU055346,3a
GU055345,3a
GU055344,3a
GU055343,3a
GU055342,3a
GU055341,3a
GU055327,3a
GU055326,3a
GU055325,3a
GU055324,3a
GU055323,3a
GU055321,3a
GU055320,3a
GU055318,3a
GU055316,3a
GU055349,3a
GQ491007,3a
GQ491005,3a
GQ490983,3a
GQ490982,3a
GQ490981,3a
GQ490980,3a
GQ490979,3a
GQ490978,3a
GQ490977,3a
GQ490976,3a
GQ490975,3a
GQ490974,3a
GQ490973,3a
GQ490972,3a
GQ490971,3a
GQ490970,3a
GQ490969,3a
GQ490968,3a
GQ490967,3a
GQ490984,3a
GQ491006,3a
GQ490985,3a
GQ490987,3a
GQ491004,3a
GQ491003,3a
GQ491002,3a
GQ491001,3a
GQ491000,3a
GQ490999,3a
GQ490998,3a
GQ490997,3a
GQ490996,3a
GQ490995,3a
GQ490994,3a
GQ490993,3a
GQ490992,3a
GQ490991,3a
GQ490990,3a
GQ490989,3a
GQ490988,3a
GQ490986,3a
HM031213,3a
GU055350,3a
GU055360,3a
HE974754,3a
HE974753,3a
HE974752,3a
HE974751,3a
HE974750,3a
HE974749,3a
HE974748,3a
HE974747,3a
HE974746,3a
HE974745,3a
HE974744,3a
GU945462,3a
GU945457,3a
GU945447,3a
GU945446,3a
GU945445,3a
HE974755,3a
GU945427,3a
HE974756,3a
HE974758,3a
HM031211,3a
HM031210,3a
HM009301,3a
HM009300,3a
HM009299,3a
HM009298,3a
HM009297,3a
HM009296,3a
HM009295,3a
HM009294,3a
HM009293,3a
HM009292,3a
HM009291,3a
HM009290,3a
HM009289,3a
HE974760,3a
HE974759,3a
HE974757,3a
GU055359,3a
GU814263,3a
GU736410,3a
GU126662,3a
GU126661,3a
GU126660,3a
GU126659,3a
GU126658,3a
GU126657,3a
GU126656,3a
GU126655,3a
GU126654,3a
GU117919,3a
GU056839,3a
GU055391,3a
GU055390,3a
GU055389,3a
GU055388,3a
GU055362,3a
GU055361,3a
GU126663,3a
GU797482,3a
GU126664,3a
GU126666,3a
GU570704,3a
GU441368,3a
GU220401,3a
GU186964,3a
GU186962,3a
GU186956,3a
GU186954,3a
GU186951,3a
GU186944,3a
GU186942,3a
GU186941,3a
GU183767,3a
GU183766,3a
GU180681,3a
GU180679,3a
GU172376,3a
GU172375,3a
GU126665,3a
JN689547,3a
JN689549,3a
JQ823159,3a
JQ823158,3a
JQ823157,3a
JQ823156,3a
JQ823155,3a
JQ823154,3a
JQ823153,3a
JQ823152,3a
JQ823151,3a
JQ823149,3a
JQ823148,3a
JQ823147,3a
JQ823146,3a
JQ823145,3a
JQ823144,3a
JQ823160,3a
JQ823142,3a
JQ823161,3a
JQ888227,3a
JX104181,3a
JX104179,3a
JX104178,3a
JX104175,3a
JX104174,3a
JX104170,3a
JX104168,3a
JX104167,3a
JX104164,3a
JX104163,3a
JQ924946,3a
JQ924945,3a
JQ924944,3a
JQ917746,3a
JQ888231,3a
JQ888230,3a
JQ888224,3a
JX104185,3a
JQ823141,3a
JQ803561,3a
JQ803539,3a
JQ803538,3a
JQ803537,3a
JQ803536,3a
JQ803535,3a
JQ803533,3a
JQ803532,3a
JQ803531,3a
JQ803530,3a
JQ803529,3a
JQ803528,3a
JQ803525,3a
JQ803524,3a
JQ803523,3a
JQ803540,3a
JQ803601,3a
JQ803541,3a
JQ803543,3a
JQ803560,3a
JQ803559,3a
JQ803558,3a
JQ803557,3a
JQ803556,3a
JQ803555,3a
JQ803554,3a
JQ803553,3a
JQ803552,3a
JQ803551,3a
JQ803549,3a
JQ803547,3a
JQ803546,3a
JQ803545,3a
JQ803544,3a
JQ803542,3a
JQ803522,3a
JX104186,3a
JX104189,3a
JX676949,3a
JX676938,3a
JX676912,3a
JX676878,3a
JX676863,3a
JX676858,3a
JX676836,3a
JX676812,3a
JX559399,3a
JX559398,3a
JX559397,3a
JX559395,3a
JX559394,3a
JX559392,3a
JX559391,3a
JX676972,3a
JX559390,3a
JX676994,3a
JX677085,3a
JX944418,3a
JX677511,3a
JX677482,3a
JX677478,3a
JX677441,3a
JX677387,3a
JX677365,3a
JX677342,3a
JX677331,3a
JX677305,3a
JX677271,3a
JX677256,3a
JX677251,3a
JX677229,3a
JX677205,3a
JX677118,3a
JX677089,3a
JX677048,3a
JX104188,3a
JX559387,3a
JX183380,3a
JX183364,3a
JX183349,3a
JX183340,3a
JX183314,3a
JX183313,3a
JX183302,3a
JX183300,3a
JX183286,3a
JX183284,3a
JX104209,3a
JX104205,3a
JX104202,3a
JX104199,3a
JX104194,3a
JX104192,3a
JX104190,3a
JX418308,3a
JX559388,3a
JX418309,3a
JX559386,3a
JX559385,3a
JX559384,3a
JX524893,3a
JX524892,3a
JX524891,3a
JX524890,3a
JX524889,3a
JX524888,3a
JX524887,3a
JX524886,3a
JX418317,3a
JX418316,3a
JX944419,3a
JQ803519,3a
JQ803413,3a
JQ803411,3a
JQ803410,3a
JQ803408,3a
JQ803406,3a
JQ803404,3a
JQ803400,3a
JQ803399,3a
JQ802270,3a
JQ802269,3a
JQ802268,3a
JQ803434,3a
JQ803431,3a
JQ803426,3a
JQ803422,3a
JQ803421,3a
JQ803418,3a
JQ802267,3a
JQ802265,3a
JQ802243,3a
JQ802242,3a
JQ802241,3a
JQ802240,3a
JQ802238,3a
JQ802237,3a
JQ802236,3a
JQ802235,3a
JQ802234,3a
JQ802233,3a
JQ802232,3a
JQ802231,3a
JQ802230,3a
JQ802229,3a
JQ802228,3a
JQ802227,3a
JQ802244,3a
JQ802266,3a
JQ802245,3a
JQ802264,3a
JQ802263,3a
JQ802262,3a
JQ802261,3a
JQ802259,3a
JQ802258,3a
JQ802257,3a
JQ802256,3a
JQ802255,3a
JQ802253,3a
JQ802252,3a
JQ802251,3a
JQ802250,3a
JQ802249,3a
JQ802248,3a
JQ802246,3a
JQ803438,3a
JQ803497,3a
JQ803495,3a
JQ803492,3a
JQ803491,3a
JQ803490,3a
JQ803488,3a
JQ803485,3a
JQ803483,3a
JQ803481,3a
JQ803498,3a
JQ803480,3a
JQ803518,3a
JQ803514,3a
JQ803511,3a
JQ803510,3a
JQ803479,3a
JQ803477,3a
JQ803455,3a
JQ803454,3a
JQ803450,3a
JQ803448,3a
JQ803447,3a
JQ803446,3a
JQ803441,3a
JQ803440,3a
JQ803439,3a
JQ803456,3a
JQ803457,3a
JQ803459,3a
JQ803476,3a
JQ803475,3a
JQ803474,3a
JQ803473,3a
JQ803472,3a
JQ803471,3a
JQ803468,3a
JQ803467,3a
JQ803465,3a
JQ803464,3a
JQ803460,3a
JQ803458,3a
JQ802226,3a
JX944420,3a
JX944422,3a
KF035126,3a
KF035125,3a
KF035124,3a
KF035123,3a
KF006854,3a
KF006853,3a
KF006852,3a
KC995282,3a
KC995281,3a
KC995280,3a
KC967222,3a
KC960555,3a
KC862309,3a
KC844041,3a
KC836883,3a
KC825339,3a
KC796015,3a
KF035127,3a
KC796014,3a
KF053146,3a
KF057047,3a
KF214735,3a
KF214734,3a
KF214732,3a
KF214731,3a
KF214730,3a
KF214729,3a
KF113365,3a
KF113364,3a
KF060289,3a
KF060288,3a
KF060287,3a
KF060286,3a
KF060285,3a
KF060284,3a
KF057051,3a
KF057049,3a
KF057048,3a
KF057046,3a
KF214736,3a
KC796013,3a
KC520848,3a
KC415744,3a
KC415743,3a
KC415742,3a
KC415741,3a
KC415740,3a
KC415739,3a
KC415738,3a
KC415737,3a
KC415736,3a
KC415735,3a
KC415734,3a
KC351634,3a
KC351633,3a
KC351632,3a
KC351631,3a
KC351630,3a
KC351629,3a
KC415745,3a
KC520849,3a
KC415746,3a
KC415748,3a
KC520847,3a
KC520844,3a
KC520843,3a
KC520840,3a
KC520838,3a
KC520835,3a
KC520831,3a
KC493966,3a
KC415757,3a
KC415756,3a
KC415755,3a
KC415754,3a
KC415753,3a
KC415752,3a
KC415751,3a
KC415750,3a
KC415749,3a
KC415747,3a
KC351628,3a
KF214737,3a
KF214741,3a
KJ130254,3a
KJ130253,3a
KJ130252,3a
KJ130251,3a
KJ130250,3a
KJ130249,3a
KF511672,3a
KF511657,3a
KF489417,3a
KF489416,3a
KF437684,3a
KF279475,3a
KF279474,3a
KF279473,3a
KF279472,3a
KF279471,3a
KJ130255,3a
KF279470,3a
KJ130256,3a
KJ130258,3a
KJ130274,3a
KJ130273,3a
KJ130272,3a
KJ130271,3a
KJ130270,3a
KJ130269,3a
KJ130268,3a
KJ130267,3a
KJ130266,3a
KJ130265,3a
KJ130264,3a
KJ130263,3a
KJ130262,3a
KJ130261,3a
KJ130260,3a
KJ130259,3a
KJ130257,3a
KF214740,3a
KF279469,3a
KF279467,3a
KF279444,3a
KF279443,3a
KF279440,3a
KF279438,3a
KF279437,3a
KF279436,3a
KF279435,3a
KF273127,3a
KF273126,3a
KF273123,3a
KF273118,3a
KF273112,3a
KF279468,3a
KF279449,3a
KF279466,3a
KF279465,3a
KF279464,3a
KF279463,3a
KF279462,3a
KF279461,3a
KF279460,3a
KF279459,3a
KF279458,3a
KF279457,3a
KF279456,3a
KF279455,3a
KF279454,3a
KF279453,3a
KF279452,3a
KF279451,3a
KF279448,3a
JX944421,3a
KC351627,3a
KC351625,3a
KC118244,3a
KC118243,3a
KC118242,3a
KC118241,3a
KC118240,3a
KC118239,3a
KC118238,3a
KC118237,3a
KC118236,3a
KC118235,3a
KC118233,3a
KC118232,3a
KC118231,3a
KC118230,3a
KC118229,3a
KC118228,3a
KC118245,3a
KC118227,3a
KC118246,3a
KC118248,3a
KC118327,3a
KC118326,3a
KC118325,3a
KC118324,3a
KC118323,3a
KC118322,3a
KC118321,3a
KC118320,3a
KC118319,3a
KC118318,3a
KC118317,3a
KC118316,3a
KC118315,3a
KC118314,3a
KC118313,3a
KC118312,3a
KC118311,3a
KC118247,3a
KC118328,3a
KC118226,3a
KC118224,3a
JX977866,3a
JX977865,3a
JX977864,3a
JX977863,3a
JX977862,3a
JX977861,3a
JX977859,3a
JX977858,3a
JX977857,3a
JX977856,3a
JX977855,3a
JX977854,3a
JX977853,3a
JX944426,3a
JX944425,3a
JX944423,3a
JX977867,3a
KC118225,3a
JX977868,3a
JX977870,3a
KC118223,3a
KC118222,3a
KC118221,3a
KC118220,3a
KC118219,3a
KC118218,3a
KC118217,3a
KC118216,3a
KC118214,3a
KC118213,3a
KC118212,3a
KC118211,3a
JX977874,3a
JX977873,3a
JX977872,3a
JX977871,3a
JX977869,3a
KC351626,3a
KC118329,3a
KC118331,3a
KC348430,3a
KC348429,3a
KC348428,3a
KC348427,3a
KC348426,3a
KC348425,3a
KC348424,3a
KC285362,3a
KC285361,3a
KC285360,3a
KC285359,3a
KC285358,3a
KC285357,3a
KC285329,3a
KC285328,3a
KC285327,3a
KC285326,3a
KC351604,3a
KC285325,3a
KC351605,3a
KC351607,3a
KC351624,3a
KC351623,3a
KC351622,3a
KC351621,3a
KC351620,3a
KC351619,3a
KC351618,3a
KC351617,3a
KC351616,3a
KC351615,3a
KC351614,3a
KC351613,3a
KC351612,3a
KC351611,3a
KC351610,3a
KC351609,3a
KC351608,3a
KC351606,3a
KC118330,3a
KC285324,3a
KC285322,3a
KC285300,3a
KC285299,3a
KC285298,3a
KC285297,3a
KC285296,3a
KC285295,3a
KC285294,3a
KC285293,3a
KC285292,3a
KC285291,3a
KC285290,3a
KC285289,3a
KC285288,3a
KC285287,3a
KC143935,3a
KC143898,3a
KC143897,3a
KC285301,3a
KC285323,3a
KC285302,3a
KC285304,3a
KC285321,3a
KC285320,3a
KC285319,3a
KC285318,3a
KC285317,3a
KC285316,3a
KC285315,3a
KC285314,3a
KC285313,3a
KC285312,3a
KC285311,3a
KC285310,3a
KC285309,3a
KC285308,3a
KC285307,3a
KC285306,3a
KC285305,3a
KC285303,3a
GQ356556,3a
JQ802223,3a
JN689776,3a
JN689775,3a
JN689774,3a
JN689773,3a
JN689772,3a
JN689771,3a
JN689770,3a
JN689769,3a
JN689768,3a
JN689767,3a
JN689766,3a
JN689765,3a
JN689764,3a
JN689763,3a
JN689762,3a
JN689761,3a
JN689760,3a
JN689777,3a
JN689759,3a
JN689780,3a
JN689797,3a
JN689796,3a
JN689795,3a
JN689794,3a
JN689793,3a
JN689792,3a
JN689791,3a
JN689790,3a
JN689789,3a
JN689788,3a
JN689787,3a
JN689786,3a
JN689785,3a
JN689783,3a
JN689782,3a
JN689781,3a
JN689779,3a
JN689798,3a
JN689758,3a
JN689756,3a
JN689734,3a
JN689733,3a
JN689732,3a
JN689731,3a
JN689730,3a
JN689729,3a
JN689728,3a
JN689727,3a
JN689726,3a
JN689725,3a
JN689724,3a
JN689723,3a
JN689722,3a
JN689721,3a
JN689720,3a
JN689719,3a
JN689718,3a
JN689735,3a
JN689757,3a
JN689736,3a
JN689738,3a
JN689755,3a
JN689754,3a
JN689753,3a
JN689752,3a
JN689751,3a
JN689750,3a
JN689749,3a
JN689747,3a
JN689746,3a
JN689745,3a
JN689744,3a
JN689743,3a
JN689742,3a
JN689741,3a
JN689740,3a
JN689739,3a
JN689737,3a
JN689717,3a
JN689799,3a
JN689801,3a
JN689860,3a
JN689859,3a
JN689858,3a
JN689857,3a
JN689856,3a
JN689855,3a
JN689854,3a
JN689853,3a
JN689851,3a
JN689850,3a
JN689849,3a
JN689848,3a
JN689847,3a
JN689846,3a
JN689861,3a
JN689862,3a
JN689864,3a
JN689881,3a
JN689880,3a
JN689879,3a
JN689878,3a
JN689877,3a
JN689876,3a
JN689875,3a
JN689874,3a
JN689873,3a
JN689872,3a
JN689871,3a
JN689870,3a
JN689869,3a
JN689868,3a
JN689867,3a
JN689866,3a
JN689865,3a
JN689840,3a
JN689818,3a
JN689817,3a
JN689816,3a
JN689815,3a
JN689814,3a
JN689812,3a
JN689811,3a
JN689810,3a
JN689809,3a
JN689808,3a
JN689807,3a
JN689806,3a
JN689805,3a
JN689803,3a
JN689802,3a
JN689819,3a
JN689841,3a
JN689820,3a
JN689822,3a
JN689839,3a
JN689838,3a
JN689836,3a
JN689835,3a
JN689834,3a
JN689833,3a
JN689832,3a
JN689831,3a
JN689830,3a
JN689829,3a
JN689828,3a
JN689827,3a
JN689826,3a
JN689825,3a
JN689824,3a
JN689823,3a
JN689821,3a
JN689882,3a
JN689716,3a
JN689714,3a
JN689608,3a
JN689607,3a
JN689606,3a
JN689605,3a
JN689604,3a
JN689603,3a
JN689602,3a
JN689601,3a
JN689600,3a
JN689599,3a
JN689598,3a
JN689597,3a
JN689596,3a
JN689595,3a
JN689594,3a
JN689593,3a
JN689592,3a
JN689609,3a
JN689591,3a
JN689610,3a
JN689612,3a
JN689629,3a
JN689628,3a
JN689627,3a
JN689626,3a
JN689625,3a
JN689624,3a
JN689623,3a
JN689622,3a
JN689621,3a
JN689620,3a
JN689619,3a
JN689618,3a
JN689617,3a
JN689616,3a
JN689615,3a
JN689614,3a
JN689613,3a
JN689611,3a
JN689630,3a
JN689590,3a
JN689588,3a
JN689566,3a
JN689565,3a
JN689564,3a
JN689563,3a
JN689562,3a
JN689561,3a
JN689560,3a
JN689559,3a
JN689558,3a
JN689557,3a
JN689556,3a
JN689555,3a
JN689554,3a
JN689553,3a
JN689552,3a
JN689551,3a
JN689550,3a
JN689567,3a
JN689589,3a
JN689568,3a
JN689570,3a
JN689587,3a
JN689586,3a
JN689585,3a
JN689584,3a
JN689583,3a
JN689582,3a
JN689581,3a
JN689580,3a
JN689579,3a
JN689578,3a
JN689577,3a
JN689576,3a
JN689575,3a
JN689574,3a
JN689573,3a
JN689572,3a
JN689571,3a
JN689569,3a
JN689715,3a
JN689631,3a
JN689633,3a
JN689692,3a
JN689691,3a
JN689690,3a
JN689689,3a
JN689688,3a
JN689687,3a
JN689686,3a
JN689685,3a
JN689684,3a
JN689683,3a
JN689682,3a
JN689681,3a
JN689680,3a
JN689679,3a
JN689678,3a
JN689677,3a
JN689676,3a
JN689693,3a
JN689675,3a
JN689694,3a
JN689696,3a
JN689713,3a
JN689712,3a
JN689711,3a
JN689710,3a
JN689709,3a
JN689707,3a
JN689706,3a
JN689705,3a
JN689704,3a
JN689703,3a
JN689702,3a
JN689701,3a
JN689700,3a
JN689699,3a
JN689698,3a
JN689697,3a
JN689695,3a
JN689632,3a
JN689674,3a
JN689672,3a
JN689650,3a
JN689649,3a
JN689648,3a
JN689647,3a
JN689646,3a
JN689645,3a
JN689644,3a
JN689643,3a
JN689642,3a
JN689641,3a
JN689640,3a
JN689639,3a
JN689638,3a
JN689637,3a
JN689636,3a
JN689635,3a
JN689634,3a
JN689651,3a
JN689673,3a
JN689652,3a
JN689654,3a
JN689671,3a
JN689670,3a
JN689669,3a
JN689668,3a
JN689667,3a
JN689666,3a
JN689665,3a
JN689664,3a
JN689663,3a
JN689662,3a
JN689661,3a
JN689660,3a
JN689659,3a
JN689658,3a
JN689657,3a
JN689656,3a
JN689655,3a
JN689653,3a
JQ802224,3a
JN689883,3a
JN689885,3a
JQ514563,3a
JQ514562,3a
JQ433655,3a
JQ433654,3a
JQ433653,3a
JQ433652,3a
JQ433651,3a
JQ433650,3a
JQ433649,3a
JQ433648,3a
JQ433647,3a
JQ433646,3a
JQ433645,3a
JQ433644,3a
JQ433643,3a
JQ433642,3a
JQ433641,3a
JQ664687,3a
JQ433640,3a
JQ668315,3a
JQ668317,3a
JQ797678,3a
JQ797677,3a
JQ797676,3a
JQ797675,3a
JQ797674,3a
JQ717260,3a
JQ717259,3a
JQ717258,3a
JQ717257,3a
JQ717256,3a
JQ717255,3a
JQ717254,3a
JQ668322,3a
JQ668321,3a
JQ668320,3a
JQ668319,3a
JQ668318,3a
JQ668316,3a
JQ797679,3a
JQ433639,3a
JQ433637,3a
JQ433615,3a
JQ433614,3a
JQ433613,3a
JQ433612,3a
JQ433611,3a
JQ433610,3a
JQ433609,3a
JQ433608,3a
JQ323501,3a
JQ323498,3a
JQ323497,3a
JQ323493,3a
JQ323492,3a
JQ323491,3a
JQ323490,3a
JQ323489,3a
JQ323488,3a
JQ433616,3a
JQ433638,3a
JQ433617,3a
JQ433619,3a
JQ433636,3a
JQ433635,3a
JQ433634,3a
JQ433633,3a
JQ433632,3a
JQ433631,3a
JQ433630,3a
JQ433629,3a
JQ433628,3a
JQ433627,3a
JQ433626,3a
JQ433625,3a
JQ433624,3a
JQ433623,3a
JQ433622,3a
JQ433621,3a
JQ433620,3a
JQ433618,3a
JQ323487,3a
JQ797680,3a
JQ797682,3a
JQ802200,3a
JQ802199,3a
JQ802197,3a
JQ802196,3a
JQ802195,3a
JQ802194,3a
JQ802192,3a
JQ802191,3a
JQ802190,3a
JQ802189,3a
JQ802188,3a
JQ802187,3a
JQ802185,3a
JQ802202,3a
JQ802184,3a
JQ802222,3a
JQ802220,3a
JQ802219,3a
JQ802218,3a
JQ802217,3a
JQ802215,3a
JQ802213,3a
JQ802212,3a
JQ802211,3a
JQ802210,3a
JQ802208,3a
JQ802206,3a
JQ802204,3a
JQ797681,3a
JQ802183,3a
JQ802158,3a
JQ802157,3a
JQ802155,3a
JQ802154,3a
JQ802152,3a
JQ802151,3a
JQ802150,3a
JQ802147,3a
JQ802145,3a
JQ802144,3a
JQ797683,3a
JQ802160,3a
JQ802161,3a
JQ802163,3a
JQ802180,3a
JQ802179,3a
JQ802176,3a
JQ802175,3a
JQ802172,3a
JQ802171,3a
JQ802168,3a
JQ802166,3a
JQ802165,3a
JQ802164,3a
JN689884,3a
JQ323486,3a
JQ323484,3a
JQ038428,3a
JQ038427,3a
JQ038425,3a
JQ038423,3a
JQ038422,3a
JQ038421,3a
JQ038419,3a
JQ038417,3a
JQ038416,3a
JN836949,3a
JN836946,3a
JN714194,3a
JN689930,3a
JN689929,3a
JN689928,3a
JQ038429,3a
JN689927,3a
JQ038431,3a
JQ038434,3a
JQ038451,3a
JQ038450,3a
JQ038449,3a
JQ038448,3a
JQ038447,3a
JQ038446,3a
JQ038445,3a
JQ038444,3a
JQ038443,3a
JQ038442,3a
JQ038441,3a
JQ038440,3a
JQ038439,3a
JQ038438,3a
JQ038437,3a
JQ038436,3a
JQ038435,3a
JQ038433,3a
JQ038452,3a
JN689926,3a
JN689924,3a
JN689902,3a
JN689901,3a
JN689900,3a
JN689899,3a
JN689898,3a
JN689897,3a
JN689896,3a
JN689895,3a
JN689894,3a
JN689893,3a
JN689892,3a
JN689891,3a
JN689890,3a
JN689889,3a
JN689888,3a
JN689887,3a
JN689886,3a
JN689903,3a
JN689925,3a
JN689904,3a
JN689906,3a
JN689923,3a
JN689922,3a
JN689921,3a
JN689920,3a
JN689919,3a
JN689918,3a
JN689917,3a
JN689916,3a
JN689915,3a
JN689914,3a
JN689913,3a
JN689912,3a
JN689911,3a
JN689910,3a
JN689909,3a
JN689908,3a
JN689907,3a
JN689905,3a
JQ323485,3a
JQ038453,3a
JQ038455,3a
JQ303461,3a
JQ303449,3a
JQ303432,3a
JQ303387,3a
JQ303366,3a
JQ303359,3a
JQ303352,3a
JQ273006,3a
JQ272998,3a
JQ272990,3a
JQ272988,3a
JQ272982,3a
JQ272974,3a
JQ272973,3a
JQ272962,3a
JQ303464,3a
JQ272952,3a
JQ303465,3a
JQ303468,3a
JQ323483,3a
JQ323482,3a
JQ323481,3a
JQ303633,3a
JQ303592,3a
JQ303591,3a
JQ303590,3a
JQ303589,3a
JQ303588,3a
JQ303587,3a
JQ303543,3a
JQ303512,3a
JQ303504,3a
JQ303490,3a
JQ303478,3a
JQ303477,3a
JQ303466,3a
JQ038454,3a
JQ272950,3a
JQ272940,3a
JQ038474,3a
JQ038473,3a
JQ038472,3a
JQ038471,3a
JQ038470,3a
JQ038469,3a
JQ038468,3a
JQ038467,3a
JQ038466,3a
JQ038465,3a
JQ038464,3a
JQ038463,3a
JQ038461,3a
JQ038460,3a
JQ038459,3a
JQ038458,3a
JQ038456,3a
JQ038475,3a
JQ272941,3a
JQ038476,3a
JQ038478,3a
JQ272939,3a
JQ272931,3a
JQ272926,3a
JQ272922,3a
JQ272918,3a
JQ272917,3a
JQ038492,3a
JQ038491,3a
JQ038490,3a
JQ038489,3a
JQ038488,3a
JQ038487,3a
JQ038484,3a
JQ038483,3a
JQ038482,3a
JQ038481,3a
JQ038480,3a
JQ038477,3a
GQ356555,3a
HQ229474,3a
GQ356553,3a
EU023787,3a
EU023781,3a
EU023780,3a
EU023775,3a
EU023808,3a
EU023807,3a
EU023805,3a
EU023804,3a
EU023733,3a
EU023732,3a
EU023730,3a
EU023810,3a
EU023811,3a
EU023871,3a
EU023869,3a
EU023867,3a
EU023866,3a
EU023863,3a
EU023862,3a
EU023860,3a
EU023857,3a
EU023856,3a
EU023872,3a
EU023891,3a
EU023890,3a
EU023887,3a
EU023829,3a
EU023828,3a
EU023827,3a
EU023821,3a
EU023819,3a
EU023818,3a
EU023817,3a
EU023816,3a
EU023813,3a
EU023830,3a
EU023833,3a
EU023840,3a
EU023839,3a
EU023832,3a
EU023620,3a
EU023610,3a
EU023641,3a
EU023640,3a
EU023639,3a
EU023638,3a
EU023637,3a
EU023636,3a
EU023632,3a
EU023578,3a
EU023577,3a
EU023576,3a
EU023575,3a
EU023573,3a
EU023572,3a
EU023571,3a
EU023567,3a
EU023565,3a
EU023579,3a
EU023580,3a
EU023582,3a
EU023599,3a
EU023597,3a
EU023593,3a
EU023583,3a
EU023704,3a
EU023691,3a
EU023690,3a
EU023689,3a
EU023688,3a
EU023706,3a
EU023686,3a
EU023684,3a
EU023661,3a
EU023660,3a
EU023659,3a
EU023658,3a
EU023654,3a
EU023652,3a
EU023651,3a
EU023647,3a
EU023677,3a
EU023673,3a
EU023669,3a
EU023668,3a
EU023665,3a
EU099419,3a
EU099418,3a
EU099416,3a
EU099415,3a
EU099414,3a
EU081508,3a
EU081503,3a
EU081501,3a
EU081496,3a
EU081492,3a
EU081487,3a
EU081486,3a
EU081485,3a
EU081484,3a
EU081483,3a
EU081475,3a
EU099420,3a
EU081472,3a
EU099421,3a
EU165771,3a
EU410498,3a
EU399722,3a
EU399721,3a
EU399720,3a
EU332548,3a
EU332547,3a
EU332546,3a
EU315121,3a
EU315120,3a
EU315119,3a
EU315118,3a
EU287946,3a
EU266538,3a
EU266537,3a
EU266536,3a
EU266535,3a
EU266534,3a
EU165770,3a
EU410499,3a
EU081470,3a
EU081462,3a
EU081373,3a
EU081372,3a
EU081371,3a
EU081370,3a
EU081369,3a
EU081368,3a
EU081367,3a
EU081366,3a
EU081365,3a
EU081364,3a
EU081363,3a
EU081362,3a
EU081361,3a
EU081360,3a
EU081321,3a
EU081320,3a
EU081319,3a
EU081374,3a
EU081469,3a
EU081384,3a
EU081393,3a
EU081460,3a
EU081459,3a
EU081452,3a
EU081441,3a
EU081436,3a
EU081429,3a
EU081425,3a
EU081420,3a
EU081419,3a
EU081418,3a
EU081417,3a
EU081416,3a
EU081408,3a
EU081405,3a
EU081403,3a
EU081402,3a
EU081395,3a
EU081385,3a
EU081305,3a
EU410500,3a
EU410502,3a
EU684680,3a
EU684664,3a
EU684661,3a
EU684658,3a
EU684654,3a
EU684651,3a
EU684650,3a
EU684645,3a
EU684633,3a
EU684630,3a
EU684623,3a
EU684615,3a
EU684612,3a
EU684608,3a
EU684594,3a
EU684591,3a
EU482128,3a
EU684684,3a
EU482127,3a
EU684687,3a
EU684704,3a
EU686674,3a
EU686672,3a
EU686671,3a
EU686668,3a
EU686667,3a
EU686666,3a
EU684735,3a
EU684730,3a
EU684729,3a
EU684723,3a
EU684708,3a
EU684705,3a
EU684697,3a
EU410501,3a
EU482126,3a
EU482124,3a
EU414178,3a
EU414177,3a
EU414176,3a
EU414175,3a
EU414174,3a
EU414173,3a
EU414172,3a
EU414171,3a
EU414170,3a
EU414169,3a
EU414168,3a
EU414167,3a
EU414166,3a
EU414165,3a
EU410505,3a
EU410504,3a
EU410503,3a
EU414179,3a
EU482125,3a
EU414180,3a
EU414182,3a
EU482123,3a
EU482122,3a
EU482121,3a
EU482120,3a
EU482119,3a
EU482118,3a
EU482117,3a
EU482116,3a
EU482115,3a
EU482114,3a
EU482113,3a
EU482112,3a
EU482111,3a
EU482110,3a
EU482109,3a
EU482108,3a
EU435145,3a
EU414181,3a
EU081304,3a
EU045734,3a
EU045628,3a
EU045627,3a
EU045626,3a
EU045625,3a
EU045623,3a
EU045621,3a
EU045617,3a
EU045615,3a
EU045614,3a
EU045613,3a
EU045611,3a
EU045632,3a
EU045649,3a
EU045648,3a
EU045647,3a
EU045646,3a
EU045644,3a
EU045643,3a
EU045638,3a
EU045637,3a
EU045636,3a
EU045635,3a
EU045608,3a
EU045586,3a
EU045585,3a
EU045584,3a
EU045582,3a
EU045581,3a
EU045580,3a
EU023906,3a
EU045587,3a
EU045590,3a
EU045607,3a
EU045606,3a
EU045605,3a
EU045604,3a
EU045603,3a
EU045602,3a
EU045601,3a
EU045600,3a
EU045599,3a
EU045598,3a
EU045597,3a
EU045596,3a
EU045595,3a
EU045594,3a
EU045593,3a
EU045592,3a
EU045591,3a
EU045589,3a
EU045651,3a
EU045653,3a
EU045712,3a
EU045710,3a
EU045708,3a
EU045706,3a
EU045705,3a
EU045703,3a
EU045702,3a
EU045701,3a
EU045700,3a
EU045699,3a
EU045698,3a
EU045697,3a
EU045695,3a
EU045716,3a
EU045733,3a
EU045732,3a
EU045731,3a
EU045729,3a
EU045728,3a
EU045727,3a
EU045726,3a
EU045725,3a
EU045722,3a
EU045721,3a
EU045720,3a
EU045719,3a
EU045718,3a
EU045717,3a
EU045715,3a
EU045652,3a
EU045694,3a
EU045692,3a
EU045670,3a
EU045669,3a
EU045667,3a
EU045666,3a
EU045665,3a
EU045664,3a
EU045663,3a
EU045662,3a
EU045661,3a
EU045660,3a
EU045659,3a
EU045658,3a
EU045657,3a
EU045656,3a
EU045655,3a
EU045654,3a
EU045672,3a
EU045691,3a
EU045689,3a
EU045688,3a
EU045687,3a
EU045686,3a
EU045684,3a
EU045683,3a
EU045682,3a
EU045681,3a
EU045680,3a
EU045679,3a
EU045678,3a
EU045677,3a
EU045676,3a
EU045673,3a
EU023115,3a
EU023113,3a
EU023112,3a
EU023111,3a
EU023110,3a
EU023109,3a
EU023108,3a
EU023106,3a
EU023105,3a
EU023104,3a
EU023103,3a
EU023102,3a
EU023101,3a
EU023099,3a
EU023136,3a
EU023097,3a
EU023095,3a
EU023073,3a
EF612777,3a
EF543250,3a
EF543249,3a
EF543248,3a
EF543247,3a
EF543246,3a
EF543245,3a
EF543221,3a
EF543220,3a
EF543219,3a
EF543217,3a
EF543216,3a
EF543215,3a
EF543214,3a
EF543213,3a
EF543212,3a
EU023074,3a
EU023096,3a
EU023077,3a
EU023093,3a
EU023091,3a
EU023085,3a
EU023084,3a
EU023083,3a
EU023081,3a
EU023080,3a
EF543211,3a
EU023140,3a
EU023199,3a
EU023198,3a
EU023197,3a
EU023196,3a
EU023195,3a
EU023194,3a
EU023191,3a
EU023190,3a
EU023188,3a
EU023186,3a
EU023220,3a
EU023219,3a
EU023218,3a
EU023216,3a
EU023215,3a
EU023212,3a
EU023211,3a
EU023210,3a
EU023179,3a
EU023157,3a
EU023148,3a
EU023147,3a
EU023146,3a
EU023144,3a
EU023158,3a
EU023172,3a
EU023165,3a
EU023163,3a
EU023162,3a
EU023160,3a
EU023221,3a
EF543210,3a
EF543208,3a
EF208013,3a
EF208012,3a
EF208011,3a
EF208010,3a
EF208009,3a
EF208008,3a
EF208007,3a
EF208006,3a
EF208005,3a
EF208004,3a
EF208003,3a
EF208002,3a
EF208001,3a
EF208000,3a
EF207999,3a
EF207998,3a
EF207997,3a
EF208014,3a
EF207996,3a
EF208015,3a
EF208017,3a
EF210502,3a
EF210501,3a
EF210500,3a
EF210499,3a
EF210498,3a
EF210497,3a
EF210496,3a
EF210495,3a
EF210494,3a
EF210493,3a
EF210492,3a
EF210491,3a
EF210490,3a
EF210489,3a
EF210488,3a
EF210487,3a
EF208018,3a
EF208016,3a
EF210503,3a
EF207995,3a
EF207993,3a
EF195052,3a
EF195051,3a
EF195050,3a
EF195049,3a
EF195048,3a
EF195047,3a
EF195046,3a
EF195045,3a
EF195044,3a
EF195043,3a
EF195042,3a
EF195041,3a
EF195040,3a
EF195039,3a
EF195038,3a
EF195037,3a
EF195036,3a
EF195053,3a
EF207994,3a
EF195054,3a
EF195056,3a
EF207992,3a
EF207991,3a
EF207990,3a
EF207989,3a
EF207988,3a
EF207987,3a
EF195067,3a
EF195066,3a
EF195065,3a
EF195064,3a
EF195063,3a
EF195062,3a
EF195061,3a
EF195059,3a
EF195058,3a
EF195057,3a
EF195055,3a
EF210504,3a
EF210506,3a
EF442261,3a
EF442260,3a
EF442259,3a
EF442258,3a
EF442257,3a
EF442256,3a
EF442255,3a
EF442254,3a
EF442253,3a
EF442252,3a
EF363560,3a
EF363559,3a
EF363558,3a
EF363557,3a
EF210551,3a
EF210550,3a
EF210549,3a
EF442262,3a
EF210548,3a
EF470308,3a
EF470310,3a
EF543207,3a
EF543206,3a
EF543205,3a
EF543204,3a
EF543203,3a
EF543202,3a
EF543201,3a
EF543200,3a
EF543199,3a
EF543198,3a
EF523598,3a
EF523597,3a
EF470380,3a
EF470379,3a
EF470378,3a
EF470312,3a
EF470311,3a
EF470309,3a
EF210505,3a
EF210547,3a
EF210545,3a
EF210523,3a
EF210522,3a
EF210521,3a
EF210520,3a
EF210519,3a
EF210518,3a
EF210517,3a
EF210516,3a
EF210515,3a
EF210514,3a
EF210513,3a
EF210512,3a
EF210511,3a
EF210510,3a
EF210509,3a
EF210508,3a
EF210507,3a
EF210524,3a
EF210546,3a
EF210525,3a
EF210527,3a
EF210544,3a
EF210543,3a
EF210542,3a
EF210541,3a
EF210540,3a
EF210539,3a
EF210538,3a
EF210537,3a
EF210536,3a
EF210535,3a
EF210534,3a
EF210533,3a
EF210532,3a
EF210531,3a
EU023222,3a
EU023452,3a
EU023451,3a
EU023450,3a
EU023448,3a
EU023447,3a
EU023446,3a
EU023445,3a
EU023444,3a
EU023442,3a
EU023441,3a
EU023440,3a
EU023439,3a
EU023437,3a
EU023436,3a
EU023454,3a
EU023456,3a
EU023473,3a
EU023472,3a
EU023469,3a
EU023458,3a
EU023432,3a
EU023410,3a
EU023409,3a
EU023408,3a
EU023406,3a
EU023404,3a
EU023403,3a
EU023399,3a
EU023433,3a
EU023414,3a
EU023426,3a
EU023425,3a
EU023416,3a
EU023536,3a
EU023532,3a
EU023527,3a
EU023524,3a
EU023522,3a
EU023516,3a
EU023488,3a
EU023478,3a
EU023495,3a
EU023512,3a
EU023282,3a
EU023279,3a
EU023278,3a
EU023277,3a
EU023276,3a
EU023275,3a
EU023274,3a
EU023269,3a
EU023268,3a
EU023267,3a
EU023285,3a
EU023287,3a
EU023265,3a
EU023263,3a
EU023241,3a
EU023240,3a
EU023238,3a
EU023237,3a
EU023235,3a
EU023234,3a
EU023233,3a
EU023230,3a
EU023229,3a
EU023226,3a
EU023225,3a
EU023264,3a
EU023245,3a
EU023262,3a
EU023261,3a
EU023257,3a
EU023254,3a
EU023253,3a
EU023252,3a
EU023250,3a
EU023249,3a
EU023248,3a
EU023246,3a
EU023306,3a
EU023308,3a
EU023364,3a
EU023368,3a
EU023307,3a
EU023325,3a
EU023319,3a
EU023326,3a
EU023329,3a
EU686676,3a
GQ356530,3a
GQ356531,3a
GQ356533,3a
GQ356534,3a
GQ356536,3a
GQ356537,3a
GQ356538,3a
GQ356539,3a
GQ356540,3a
GQ356541,3a
GQ356542,3a
GQ356543,3a
GQ356544,3a
GQ356545,3a
GQ356529,3a
GQ356528,3a
GQ356526,3a
GQ356509,3a
GQ356510,3a
GQ356511,3a
GQ356512,3a
GQ356513,3a
GQ356514,3a
GQ356515,3a
GQ356516,3a
GQ356517,3a
GQ356518,3a
GQ356519,3a
GQ356520,3a
GQ356521,3a
GQ356522,3a
GQ356523,3a
GQ356524,3a
GQ356525,3a
GQ356527,3a
GQ356508,3a
FJ932268,3a
FJ932267,3a
FJ932266,3a
FJ932265,3a
FJ932264,3a
FJ932263,3a
FJ932262,3a
FJ932261,3a
FJ932260,3a
FJ932259,3a
FJ932258,3a
FJ932257,3a
FJ932256,3a
FJ932255,3a
FJ932254,3a
FJ932253,3a
FJ932252,3a
FJ932269,3a
GQ356552,3a
FJ932271,3a
GQ356551,3a
FN400980,3a
FN400979,3a
FN400974,3a
FN400969,3a
FN400960,3a
FN400959,3a
FN400950,3a
FN398088,3a
FJ932273,3a
FJ932272,3a
FJ932270,3a
FJ932251,3a
GQ356507,3a
GQ356505,3a
GQ356445,3a
GQ356446,3a
GQ356447,3a
GQ356448,3a
GQ356449,3a
GQ356450,3a
GQ356452,3a
GQ356453,3a
GQ356454,3a
GQ356455,3a
GQ356456,3a
GQ356459,3a
GQ356460,3a
GQ356461,3a
GQ356443,3a
GQ356426,3a
GQ356430,3a
GQ356433,3a
GQ356436,3a
GQ356440,3a
GQ356506,3a
GQ356463,3a
GQ356465,3a
GQ356492,3a
GQ356493,3a
GQ356496,3a
GQ356500,3a
GQ356501,3a
GQ356503,3a
GQ356504,3a
GQ356487,3a
GQ356464,3a
GQ356466,3a
GQ356467,3a
GQ356469,3a
GQ356470,3a
GQ356471,3a
GQ356472,3a
GQ356475,3a
GQ356480,3a
GQ356481,3a
GQ356483,3a
GQ356423,3a
FJ932250,3a
FJ932248,3a
FJ932139,3a
FJ932138,3a
FJ932137,3a
FJ932136,3a
FJ932135,3a
FJ932134,3a
FJ932133,3a
FJ932132,3a
FJ932131,3a
FJ932130,3a
FJ932129,3a
FJ932128,3a
FJ932127,3a
FJ932126,3a
FJ932125,3a
FJ932123,3a
FJ932122,3a
FJ932140,3a
FJ932121,3a
FJ932141,3a
FJ932143,3a
FJ932160,3a
FJ932159,3a
FJ932158,3a
FJ932157,3a
FJ932156,3a
FJ932155,3a
FJ932154,3a
FJ932153,3a
FJ932152,3a
FJ932151,3a
FJ932150,3a
FJ932149,3a
FJ932148,3a
FJ932147,3a
FJ932146,3a
FJ932145,3a
FJ932144,3a
FJ932142,3a
FJ932161,3a
FJ932119,3a
FJ932117,3a
FJ932095,3a
FJ932094,3a
FJ932093,3a
FJ932092,3a
FJ932091,3a
FJ932090,3a
FJ932089,3a
FJ932088,3a
FJ932087,3a
FJ932086,3a
FJ932085,3a
FJ932084,3a
FJ932083,3a
FJ932082,3a
FJ932081,3a
FJ932080,3a
FJ932079,3a
FJ932096,3a
FJ932118,3a
FJ932097,3a
FJ932099,3a
FJ932116,3a
FJ932115,3a
FJ932114,3a
FJ932113,3a
FJ932112,3a
FJ932111,3a
FJ932110,3a
FJ932109,3a
FJ932108,3a
FJ932107,3a
FJ932106,3a
FJ932105,3a
FJ932104,3a
FJ932103,3a
FJ932102,3a
FJ932101,3a
FJ932100,3a
FJ932098,3a
FJ932249,3a
FJ932162,3a
FJ932164,3a
FJ932225,3a
FJ932224,3a
FJ932223,3a
FJ932222,3a
FJ932221,3a
FJ932220,3a
FJ932219,3a
FJ932218,3a
FJ932217,3a
FJ932216,3a
FJ932215,3a
FJ932214,3a
FJ932213,3a
FJ932212,3a
FJ932211,3a
FJ932210,3a
FJ932209,3a
FJ932226,3a
FJ932207,3a
FJ932228,3a
FJ932230,3a
FJ932247,3a
FJ932246,3a
FJ932245,3a
FJ932244,3a
FJ932243,3a
FJ932242,3a
FJ932241,3a
FJ932240,3a
FJ932239,3a
FJ932238,3a
FJ932237,3a
FJ932236,3a
FJ932235,3a
FJ932234,3a
FJ932233,3a
FJ932232,3a
FJ932231,3a
FJ932229,3a
FJ932163,3a
FJ932206,3a
FJ932203,3a
FJ932181,3a
FJ932180,3a
FJ932179,3a
FJ932178,3a
FJ932177,3a
FJ932176,3a
FJ932175,3a
FJ932174,3a
FJ932173,3a
FJ932172,3a
FJ932170,3a
FJ932169,3a
FJ932168,3a
FJ932167,3a
FJ932166,3a
FJ932165,3a
FJ932182,3a
FJ932205,3a
FJ932183,3a
FJ932185,3a
FJ932202,3a
FJ932201,3a
FJ932200,3a
FJ932199,3a
FJ932198,3a
FJ932197,3a
FJ932196,3a
FJ932195,3a
FJ932194,3a
FJ932193,3a
FJ932192,3a
FJ932190,3a
FJ932189,3a
FJ932188,3a
FJ932187,3a
FJ932186,3a
FJ932184,3a
FJ932077,3a
GQ356422,3a
GQ356420,3a
GQ332561,3a
GQ332562,3a
GQ332563,3a
GQ334449,3a
GQ355940,3a
GQ355941,3a
GQ355942,3a
GQ356200,3a
GQ356201,3a
GQ356202,3a
GQ356203,3a
GQ356204,3a
GQ356205,3a
GQ356206,3a
GQ356207,3a
GQ356208,3a
GQ356209,3a
GQ332559,3a
GQ356210,3a
GQ332558,3a
GQ332556,3a
GQ275355,3a
GQ280383,3a
GQ285046,3a
GQ285047,3a
GQ285048,3a
GQ285049,3a
GQ300882,3a
GQ325251,3a
GQ332542,3a
GQ332543,3a
GQ332544,3a
GQ332545,3a
GQ332546,3a
GQ332549,3a
GQ332550,3a
GQ332551,3a
GQ332555,3a
GQ332557,3a
GQ241327,3a
GQ356211,3a
GQ356213,3a
GQ356235,3a
GQ356236,3a
GQ356237,3a
GQ356238,3a
GQ356239,3a
GQ356240,3a
GQ356241,3a
GQ356242,3a
GQ356243,3a
GQ356244,3a
GQ356245,3a
GQ356246,3a
GQ356247,3a
GQ356248,3a
GQ356249,3a
GQ356250,3a
GQ356251,3a
GQ356234,3a
GQ356212,3a
GQ356233,3a
GQ356231,3a
GQ356214,3a
GQ356215,3a
GQ356216,3a
GQ356217,3a
GQ356218,3a
GQ356219,3a
GQ356220,3a
GQ356221,3a
GQ356222,3a
GQ356224,3a
GQ356225,3a
GQ356226,3a
GQ356227,3a
GQ356229,3a
GQ356230,3a
GQ356232,3a
GQ356252,3a
GQ233035,3a
GQ233033,3a
FN401075,3a
FN401084,3a
FN401085,3a
FN401094,3a
FN401099,3a
FN401104,3a
FN401105,3a
FN401109,3a
FN401117,3a
FN401118,3a
FN401121,3a
FN401125,3a
FN401134,3a
FN401139,3a
FN401140,3a
FN401159,3a
FN401162,3a
FN401067,3a
FN401164,3a
FN401060,3a
FN401054,3a
FN400984,3a
FN400992,3a
FN400993,3a
FN400996,3a
FN401000,3a
FN401009,3a
FN401014,3a
FN401015,3a
FN401034,3a
FN401037,3a
FN401039,3a
FN401042,3a
FN401044,3a
FN401045,3a
FN401048,3a
FN401051,3a
FN401055,3a
GQ233034,3a
FN401167,3a
FN401170,3a
GQ206068,3a
GQ206072,3a
GQ206084,3a
GQ206105,3a
GQ206106,3a
GQ206107,3a
GQ206108,3a
GQ206109,3a
GQ206110,3a
GQ206112,3a
GQ206113,3a
GQ206114,3a
GQ206115,3a
GQ206116,3a
GQ206117,3a
GQ206118,3a
GQ206063,3a
FN401169,3a
GQ206055,3a
GQ206052,3a
FN401173,3a
FN401176,3a
FN401179,3a
FN401180,3a
FN401187,3a
FN401194,3a
FR850663,3a
FR850664,3a
GQ180059,3a
GQ180060,3a
GQ180061,3a
GQ180062,3a
GQ180063,3a
GQ180064,3a
GQ206039,3a
GQ206042,3a
GQ206050,3a
GQ206054,3a
GQ356421,3a
GQ356253,3a
GQ356255,3a
GQ356361,3a
GQ356362,3a
GQ356363,3a
GQ356364,3a
GQ356365,3a
GQ356366,3a
GQ356367,3a
GQ356368,3a
GQ356369,3a
GQ356370,3a
GQ356371,3a
GQ356372,3a
GQ356373,3a
GQ356374,3a
GQ356375,3a
GQ356376,3a
GQ356377,3a
GQ356360,3a
GQ356378,3a
GQ356359,3a
GQ356357,3a
GQ356340,3a
GQ356341,3a
GQ356342,3a
GQ356343,3a
GQ356344,3a
GQ356345,3a
GQ356346,3a
GQ356347,3a
GQ356348,3a
GQ356349,3a
GQ356350,3a
GQ356351,3a
GQ356352,3a
GQ356354,3a
GQ356355,3a
GQ356356,3a
GQ356358,3a
GQ356339,3a
GQ356379,3a
GQ356381,3a
GQ356403,3a
GQ356404,3a
GQ356405,3a
GQ356406,3a
GQ356407,3a
GQ356408,3a
GQ356409,3a
GQ356410,3a
GQ356411,3a
GQ356413,3a
GQ356414,3a
GQ356415,3a
GQ356416,3a
GQ356417,3a
GQ356380,3a
GQ356401,3a
GQ356399,3a
GQ356382,3a
GQ356383,3a
GQ356384,3a
GQ356385,3a
GQ356386,3a
GQ356387,3a
GQ356388,3a
GQ356389,3a
GQ356390,3a
GQ356391,3a
GQ356393,3a
GQ356394,3a
GQ356395,3a
GQ356396,3a
GQ356397,3a
GQ356398,3a
GQ356400,3a
GQ356338,3a
GQ356336,3a
GQ356277,3a
GQ356278,3a
GQ356279,3a
GQ356280,3a
GQ356281,3a
GQ356282,3a
GQ356283,3a
GQ356284,3a
GQ356285,3a
GQ356286,3a
GQ356287,3a
GQ356288,3a
GQ356289,3a
GQ356290,3a
GQ356291,3a
GQ356292,3a
GQ356293,3a
GQ356276,3a
GQ356294,3a
GQ356275,3a
GQ356273,3a
GQ356256,3a
GQ356257,3a
GQ356258,3a
GQ356259,3a
GQ356260,3a
GQ356261,3a
GQ356262,3a
GQ356263,3a
GQ356264,3a
GQ356265,3a
GQ356266,3a
GQ356267,3a
GQ356268,3a
GQ356269,3a
GQ356270,3a
GQ356271,3a
GQ356272,3a
GQ356274,3a
GQ356337,3a
GQ356295,3a
GQ356297,3a
GQ356319,3a
GQ356320,3a
GQ356321,3a
GQ356322,3a
GQ356323,3a
GQ356324,3a
GQ356325,3a
GQ356326,3a
GQ356327,3a
GQ356328,3a
GQ356329,3a
GQ356330,3a
GQ356331,3a
GQ356332,3a
GQ356333,3a
GQ356334,3a
GQ356335,3a
GQ356318,3a
GQ356296,3a
GQ356317,3a
GQ356315,3a
GQ356298,3a
GQ356299,3a
GQ356300,3a
GQ356301,3a
GQ356302,3a
GQ356303,3a
GQ356304,3a
GQ356305,3a
GQ356306,3a
GQ356307,3a
GQ356308,3a
GQ356309,3a
GQ356310,3a
GQ356311,3a
GQ356312,3a
GQ356313,3a
FJ932076,3a
FJ932074,3a
FJ159762,3a
FJ159748,3a
FJ159747,3a
FJ159746,3a
FJ159734,3a
FJ159733,3a
FJ024253,3a
FJ024252,3a
FJ024251,3a
FJ024250,3a
FJ024249,3a
FJ024248,3a
FJ024247,3a
FJ024246,3a
FJ024245,3a
FJ024244,3a
FJ024243,3a
FJ159763,3a
FJ024242,3a
FJ159764,3a
FJ159766,3a
FJ159826,3a
FJ159825,3a
FJ159824,3a
FJ159780,3a
FJ159779,3a
FJ159778,3a
FJ159777,3a
FJ159776,3a
FJ159775,3a
FJ159774,3a
FJ159773,3a
FJ159772,3a
FJ159771,3a
FJ159770,3a
FJ159769,3a
FJ159768,3a
FJ159767,3a
FJ159765,3a
FJ159827,3a
FJ024241,3a
FJ024239,3a
FJ024217,3a
FJ024216,3a
FJ024215,3a
FJ024213,3a
FJ024212,3a
FJ024211,3a
FJ024210,3a
FJ024209,3a
FJ024208,3a
FJ024207,3a
FJ024206,3a
FJ024204,3a
FJ024203,3a
FJ024202,3a
FJ024201,3a
FJ024218,3a
FJ024219,3a
FJ024238,3a
FJ024237,3a
FJ024236,3a
FJ024235,3a
FJ024231,3a
FJ024230,3a
FJ024229,3a
FJ024228,3a
FJ024225,3a
FJ024224,3a
FJ024223,3a
FJ024222,3a
FJ024200,3a
FJ159828,3a
FJ159830,3a
FJ435500,3a
FJ435498,3a
FJ435493,3a
FJ435485,3a
FJ435484,3a
FJ435483,3a
FJ435482,3a
FJ435479,3a
FJ435478,3a
FJ435476,3a
FJ435475,3a
FJ435473,3a
FJ435472,3a
FJ435469,3a
FJ435501,3a
FJ435464,3a
FJ435502,3a
FJ435506,3a
FJ435538,3a
FJ435535,3a
FJ435533,3a
FJ435531,3a
FJ435530,3a
FJ435528,3a
FJ435526,3a
FJ435525,3a
FJ435524,3a
FJ435523,3a
FJ435520,3a
FJ435519,3a
FJ435517,3a
FJ435513,3a
FJ435512,3a
FJ435509,3a
FJ435508,3a
FJ435503,3a
FJ159829,3a
FJ435459,3a
FJ236906,3a
FJ236905,3a
FJ236904,3a
FJ236903,3a
FJ236902,3a
FJ236901,3a
FJ210675,3a
FJ210672,3a
FJ210671,3a
FJ210670,3a
FJ159849,3a
FJ236907,3a
FJ435461,3a
FJ386730,3a
FJ386734,3a
FJ415098,3a
FJ415097,3a
FJ415096,3a
FJ386850,3a
FJ386849,3a
FJ386848,3a
FJ386847,3a
FJ386846,3a
FJ386845,3a
FJ386844,3a
FJ386817,3a
FJ386801,3a
FJ386790,3a
FJ386781,3a
FJ386773,3a
FJ386740,3a
FJ386739,3a
FJ386731,3a
FJ435540,3a
FJ024199,3a
EU710406,3a
EU710405,3a
EU710404,3a
FJ932075,3a
EU710402,3a
EU710401,3a
EU710400,3a
EU710399,3a
EU710398,3a
EU710397,3a
EU710396,3a
EU710394,3a
EU710393,3a
EU710392,3a
EU710391,3a
EU710390,3a
EU710389,3a
EU710407,3a
EU710388,3a
EU710408,3a
EU710412,3a
EU710430,3a
EU710429,3a
EU710428,3a
EU710427,3a
EU710426,3a
EU710425,3a
EU710424,3a
EU710423,3a
EU710421,3a
EU710420,3a
EU710419,3a
EU710418,3a
EU710417,3a
EU710416,3a
EU710415,3a
EU710414,3a
EU710413,3a
EU710410,3a
EU710431,3a
EU710386,3a
EU710384,3a
EU710348,3a
EU710347,3a
EU710345,3a
EU710344,3a
EU710343,3a
EU710342,3a
EU710341,3a
EU710340,3a
EU710339,3a
EU710337,3a
EU710333,3a
EU710332,3a
EU686679,3a
EU710349,3a
EU710385,3a
EU710351,3a
EU710354,3a
EU710381,3a
EU710380,3a
EU710379,3a
EU710378,3a
EU710377,3a
EU710376,3a
EU710375,3a
EU710374,3a
EU710372,3a
EU710371,3a
EU710369,3a
EU710368,3a
EU710367,3a
EU710366,3a
EU710361,3a
EU710360,3a
EU710355,3a
EU710353,3a
EU710433,3a
EU710435,3a
EU747822,3a
EU747814,3a
EU747790,3a
EU747789,3a
EU747788,3a
EU747787,3a
EU747786,3a
EU747785,3a
EU849145,3a
FJ024195,3a
FJ024194,3a
FJ009589,3a
FJ009588,3a
FJ009587,3a
FJ009586,3a
FJ009585,3a
FJ009584,3a
FJ009583,3a
FJ009582,3a
FJ009581,3a
EU867443,3a
EU867442,3a
EU835529,3a
EU710434,3a
EU747784,3a
EU747782,3a
EU710455,3a
EU710454,3a
EU710453,3a
EU710452,3a
EU710451,3a
EU710450,3a
EU710449,3a
EU710448,3a
EU710445,3a
EU710444,3a
EU710443,3a
EU710442,3a
EU710441,3a
EU710440,3a
EU710439,3a
EU710438,3a
EU710436,3a
EU710456,3a
EU747783,3a
EU710457,3a
EU710459,3a
EU747781,3a
EU747780,3a
EU747779,3a
EU747778,3a
EU747777,3a
EU747776,3a
EU747775,3a
EU747774,3a
EU747773,3a
EU747772,3a
EU747770,3a
EU747769,3a
EU710463,3a
EU710462,3a
EU710461,3a
EU710460,3a
EU710458,3a
FJ435541,3a
EU710403,3a
FJ435543,3a
FJ931550,3a
FJ931549,3a
FJ931548,3a
FJ931546,3a
FJ931545,3a
FJ931544,3a
FJ931543,3a
FJ931542,3a
FJ931541,3a
FJ931540,3a
FJ931539,3a
FJ931538,3a
FJ890486,3a
FJ890485,3a
FJ890484,3a
FJ890483,3a
FJ890482,3a
FJ931552,3a
FJ890481,3a
FJ931553,3a
FJ931558,3a
FJ931578,3a
FJ931577,3a
FJ931576,3a
FJ931575,3a
FJ931574,3a
FJ931573,3a
FJ931572,3a
FJ931571,3a
FJ931570,3a
FJ931569,3a
FJ931568,3a
FJ931567,3a
FJ931566,3a
FJ931564,3a
FJ931563,3a
FJ931562,3a
FJ931560,3a
FJ931554,3a
FJ931579,3a
FJ890480,3a
FJ890478,3a
FJ872288,3a
FJ872287,3a
FJ872286,3a
FJ872285,3a
FJ872284,3a
FJ872283,3a
FJ872282,3a
FJ872281,3a
FJ872280,3a
FJ872279,3a
FJ872278,3a
FJ872277,3a
FJ872276,3a
FJ872275,3a
FJ872274,3a
FJ872273,3a
FJ872272,3a
FJ872289,3a
FJ890479,3a
FJ872290,3a
FJ872292,3a
FJ890477,3a
FJ890453,3a
FJ890452,3a
FJ890451,3a
FJ890450,3a
FJ890449,3a
FJ890448,3a
FJ890447,3a
FJ890446,3a
FJ890445,3a
FJ890443,3a
FJ872296,3a
FJ872295,3a
FJ872294,3a
FJ872293,3a
FJ872291,3a
FJ864816,3a
FJ931585,3a
FJ931588,3a
FJ932053,3a
FJ932052,3a
FJ932051,3a
FJ932050,3a
FJ932049,3a
FJ932048,3a
FJ932047,3a
FJ932046,3a
FJ932044,3a
FJ932043,3a
FJ932042,3a
FJ932041,3a
FJ932040,3a
FJ932039,3a
FJ932038,3a
FJ932037,3a
FJ932036,3a
FJ932054,3a
FJ932035,3a
FJ932055,3a
FJ932057,3a
FJ932073,3a
FJ435542,3a
FJ932072,3a
FJ932071,3a
FJ932070,3a
FJ932069,3a
FJ932068,3a
FJ932067,3a
FJ932066,3a
FJ932065,3a
FJ932064,3a
FJ932063,3a
FJ932062,3a
FJ932061,3a
FJ932060,3a
FJ932059,3a
FJ932058,3a
FJ932056,3a
FJ931587,3a
FJ932034,3a
FJ932032,3a
FJ931608,3a
FJ931607,3a
FJ931606,3a
FJ931605,3a
FJ931604,3a
FJ931603,3a
FJ931602,3a
FJ931601,3a
FJ931600,3a
FJ931599,3a
FJ931598,3a
FJ931597,3a
FJ931596,3a
FJ931595,3a
FJ931592,3a
FJ931591,3a
FJ931590,3a
FJ931609,3a
FJ932033,3a
FJ932012,3a
FJ932014,3a
FJ932031,3a
FJ932030,3a
FJ932029,3a
FJ932028,3a
FJ932027,3a
FJ932026,3a
FJ932025,3a
FJ932024,3a
FJ932023,3a
FJ932022,3a
FJ932021,3a
FJ932020,3a
FJ932019,3a
FJ932018,3a
FJ932017,3a
FJ932016,3a
FJ932015,3a
FJ932013,3a
FJ864815,3a
FJ932045,3a
FJ864813,3a
FJ462955,3a
FJ462945,3a
FJ462942,3a
FJ462938,3a
FJ462936,3a
FJ462933,3a
FJ462930,3a
FJ462924,3a
FJ462921,3a
FJ462918,3a
FJ462915,3a
FJ462914,3a
FJ462909,3a
FJ462907,3a
FJ462905,3a
FJ462903,3a
FJ462896,3a
FJ462975,3a
FJ462895,3a
FJ462983,3a
FJ463026,3a
FJ687086,3a
FJ687085,3a
FJ687084,3a
FJ687083,3a
FJ652068,3a
FJ652067,3a
FJ652066,3a
FJ597166,3a
FJ597161,3a
FJ597160,3a
FJ597159,3a
FJ597150,3a
FJ597149,3a
FJ597148,3a
FJ597147,3a
FJ494921,3a
FJ481103,3a
FJ462987,3a
FJ687087,3a
FJ462894,3a
FJ462889,3a
FJ435580,3a
FJ435545,3a
FJ435576,3a
FJ435575,3a
FJ435571,3a
FJ435570,3a
FJ435568,3a
FJ435567,3a
FJ435565,3a
FJ435562,3a
FJ435561,3a
FJ435559,3a
FJ435557,3a
FJ435552,3a
FJ864814,3a
FJ435546,3a
FJ435581,3a
FJ462890,3a
FJ435582,3a
FJ462803,3a
FJ462884,3a
FJ462880,3a
FJ462878,3a
FJ462873,3a
FJ462872,3a
FJ462865,3a
FJ462864,3a
FJ462859,3a
FJ462848,3a
FJ462843,3a
FJ462838,3a
FJ462836,3a
FJ462833,3a
FJ462825,3a
FJ462823,3a
FJ462817,3a
FJ462806,3a
FJ462800,3a
FJ687088,3a
FJ435579,3a
FJ687090,3a
FJ864791,3a
FJ864790,3a
FJ864789,3a
FJ864788,3a
FJ864787,3a
FJ864786,3a
FJ864785,3a
FJ864784,3a
FJ864783,3a
FJ864782,3a
FJ864781,3a
FJ864780,3a
FJ864779,3a
FJ864778,3a
FJ864777,3a
FJ864776,3a
FJ864775,3a
FJ864792,3a
FJ851546,3a
FJ864793,3a
FJ864795,3a
FJ864811,3a
FJ687089,3a
FJ864812,3a
FJ864810,3a
FJ864809,3a
FJ864808,3a
FJ864807,3a
FJ864806,3a
FJ864805,3a
FJ864803,3a
FJ864802,3a
FJ864801,3a
FJ864800,3a
FJ864799,3a
FJ864798,3a
FJ864797,3a
FJ864796,3a
FJ864794,3a
FJ839678,3a
FJ864804,3a
FJ790797,3a
FJ687108,3a
FJ687107,3a
FJ687106,3a
FJ687105,3a
FJ687104,3a
FJ687103,3a
FJ687102,3a
FJ687101,3a
FJ687109,3a
FJ687100,3a
FJ687098,3a
FJ687096,3a
FJ687095,3a
FJ687094,3a
FJ687091,3a
FJ790798,3a
FJ687093,3a
FJ687092,3a
FJ687099,3a
FJ687110,3a
FJ687097,3a
FJ687112,3a
FJ687111,3a
FJ790793,3a
FJ790795,3a
FJ790792,3a
FJ768835,3a
FJ768834,3a
FJ687120,3a
FJ790796,3a
FJ768836,3a
FJ790794,3a
FJ687118,3a
FJ687117,3a
FJ687116,3a
FJ687113,3a
FJ687119,3a
FJ687114,3a
FJ687115,3a
MZ231038,3b
MZ231037,3b
MW927683,3b
MW205507,3b
MW205505,3b
MW205434,3b
MW205502,3b
MW205501,3b
MW205500,3b
MW205433,3b
MZ231039,3b
MW205499,3b
MW205504,3b
MW205503,3b
MZ231046,3b
MZ231041,3b
MZ368718,3b
MZ368719,3b
MZ368717,3b
MW205432,3b
MZ368716,3b
MZ368715,3b
MZ231040,3b
MZ368714,3b
MZ368712,3b
MZ368711,3b
MZ231045,3b
MZ231044,3b
MZ231043,3b
MZ231042,3b
MZ368713,3b
MW205431,3b
MT428205,3b
MW205293,3b
MN698216,3b
MN698215,3b
MZ368720,3b
MN698217,3b
MN698218,3b
MN698219,3b
MN698220,3b
MN698222,3b
MN698224,3b
MN698225,3b
MN698228,3b
MN698232,3b
MN807641,3b
MN970194,3b
MT428197,3b
MT428203,3b
MT428204,3b
MW205292,3b
MW205287,3b
MW205286,3b
MW205285,3b
MW205279,3b
MW205430,3b
MT428307,3b
MT428268,3b
MT428267,3b
MT428266,3b
MT428260,3b
MT428244,3b
MT428239,3b
MT428302,3b
MZ368721,3b
OM654293,3b
MZ368723,3b
OM654292,3b
OM914532,3b
OM914533,3b
OM914534,3b
OM914535,3b
OM914536,3b
OM914537,3b
ON156335,3b
ON156336,3b
ON156337,3b
ON156338,3b
ON156339,3b
ON156340,3b
ON156341,3b
ON156343,3b
ON156344,3b
OQ385272,3b
OQ385271,3b
OQ385270,3b
OQ385269,3b
OQ385268,3b
OQ385267,3b
OM654291,3b
OQ385266,3b
OQ385264,3b
OQ385263,3b
OQ296134,3b
OQ296066,3b
ON351052,3b
ON351048,3b
OQ385265,3b
OM654290,3b
OM654289,3b
OM654288,3b
MZ368737,3b
MZ368736,3b
MZ368735,3b
MZ368734,3b
MZ368733,3b
MZ368732,3b
MZ368738,3b
MZ368731,3b
MZ368729,3b
MZ368728,3b
MZ368727,3b
MZ368726,3b
MZ368725,3b
MZ368724,3b
MZ368730,3b
MZ368722,3b
MZ368739,3b
OK148443,3b
OM654287,3b
OM654286,3b
OM654285,3b
OM654284,3b
OM654283,3b
OM654282,3b
OM654281,3b
OM654279,3b
OM654278,3b
OM654277,3b
OM654280,3b
MN698214,3b
MN697877,3b
MN698210,3b
MN153153,3b
MN153154,3b
MN153155,3b
MN153160,3b
MN451405,3b
MN451498,3b
MN451603,3b
MN528418,3b
MN605948,3b
MN605949,3b
MN605950,3b
MN697747,3b
MN697748,3b
MN697787,3b
MN697820,3b
MN697909,3b
MN697908,3b
MN697907,3b
MN697897,3b
MN697896,3b
MN697895,3b
MN153152,3b
MN697894,3b
MN697872,3b
MN697866,3b
MN697865,3b
MN697863,3b
MN697861,3b
MN697821,3b
MN153151,3b
MN153148,3b
MK255943,3b
OQ385273,3b
MK255944,3b
MK255945,3b
MK255946,3b
MK255947,3b
MK255948,3b
MK255949,3b
MK255950,3b
MK270463,3b
MK270464,3b
MK270465,3b
MK270466,3b
MK270467,3b
MK270468,3b
MK270469,3b
MN153147,3b
MN153146,3b
MN153145,3b
MN153144,3b
MN153143,3b
MN153142,3b
MN153149,3b
MN153141,3b
MN153139,3b
MN153138,3b
MN153137,3b
MN153136,3b
MN153135,3b
MK270470,3b
MN153140,3b
MN698213,3b
MN697927,3b
MN698146,3b
MN698147,3b
MN698149,3b
MN698150,3b
MN698151,3b
MN698154,3b
MN698155,3b
MN698156,3b
MN698157,3b
MN698160,3b
MN698161,3b
MN698162,3b
MN698165,3b
MN698167,3b
MN698176,3b
MN698177,3b
MN698178,3b
MN698205,3b
MN698203,3b
MN698199,3b
MN698197,3b
MN698196,3b
MN698194,3b
MN698145,3b
MN698192,3b
MN698189,3b
MN698188,3b
MN698186,3b
MN698184,3b
MN698181,3b
MN698179,3b
MN698190,3b
MN697925,3b
MN698143,3b
MN698100,3b
MN697933,3b
MN697937,3b
MN697941,3b
MN697949,3b
MN697950,3b
MN697955,3b
MN697957,3b
MN697962,3b
MN697963,3b
MN697973,3b
MN697974,3b
MN697976,3b
MN697989,3b
MN697991,3b
MN697992,3b
MN697993,3b
MN698096,3b
MN698092,3b
MN698077,3b
MN698068,3b
MN698061,3b
MN698055,3b
MN698041,3b
MN698033,3b
MN698016,3b
MN698011,3b
MN698009,3b
MN697999,3b
MN697994,3b
MN698037,3b
OQ385274,3b
OR210652,3b
OQ385276,3b
OR210683,3b
OR210684,3b
OR210686,3b
OR210687,3b
OR210688,3b
OR210700,3b
OR210705,3b
OR210710,3b
OR210739,3b
OR210740,3b
OR210746,3b
OR210748,3b
OR210750,3b
OR210751,3b
OR210752,3b
OR210756,3b
OR210758,3b
OR210782,3b
OR210781,3b
OR210780,3b
OR210779,3b
OR210775,3b
OR210774,3b
OR210682,3b
OR210772,3b
OR210770,3b
OR210768,3b
OR210765,3b
OR210764,3b
OR210761,3b
OR210760,3b
OR210784,3b
OR210680,3b
OR210591,3b
OR210593,3b
OR210595,3b
OR210598,3b
OR210599,3b
OR210600,3b
OR210601,3b
OR210602,3b
OR210605,3b
OR210608,3b
OR210609,3b
OR210610,3b
OR210614,3b
OR210617,3b
OR210619,3b
OR210627,3b
OR210628,3b
OR210674,3b
OR210673,3b
OR210671,3b
OR210679,3b
OR210657,3b
OR210639,3b
OR210638,3b
OR210636,3b
OR210634,3b
OR210630,3b
OR210661,3b
OR210589,3b
OR210785,3b
OR210788,3b
OR210887,3b
OR210889,3b
OR210892,3b
OR210893,3b
OR210895,3b
OR210897,3b
OR210905,3b
OR210907,3b
OR210908,3b
OR210915,3b
OR210917,3b
OR210918,3b
OR210920,3b
OR210924,3b
OR210926,3b
OR210928,3b
MK255942,3b
Z36527,3b
Z36526,3b
Z36524,3b
Z36523,3b
OR210883,3b
X91299,3b
U77131,3b
U31271,3b
U31237,3b
U31235,3b
U14315,3b
OR210929,3b
U77132,3b
OR210786,3b
OR210882,3b
OR210877,3b
OR210789,3b
OR210790,3b
OR210796,3b
OR210801,3b
OR210807,3b
OR210809,3b
OR210810,3b
OR210814,3b
OR210816,3b
OR210820,3b
OR210822,3b
OR210824,3b
OR210825,3b
OR210827,3b
OR210828,3b
OR210830,3b
OR210831,3b
OR210874,3b
OR210870,3b
OR210867,3b
OR210865,3b
OR210859,3b
OR210857,3b
OR210881,3b
OR210853,3b
OR210851,3b
OR210849,3b
OR210845,3b
OR210840,3b
OR210839,3b
OR210835,3b
OR210852,3b
OR210587,3b
OR210586,3b
OR210585,3b
OQ385312,3b
OQ385313,3b
OQ385314,3b
OQ385315,3b
OQ385316,3b
OQ385317,3b
OQ621771,3b
OQ621775,3b
OQ621776,3b
OQ621777,3b
OQ621779,3b
OQ621781,3b
OQ621782,3b
OQ621783,3b
OQ621786,3b
OQ621787,3b
OQ621788,3b
OQ731481,3b
OQ731480,3b
OQ731479,3b
OQ731478,3b
OQ731476,3b
OQ656821,3b
OQ385311,3b
OQ656820,3b
OQ656811,3b
OQ656810,3b
OQ656809,3b
OQ656808,3b
OQ621791,3b
OQ621790,3b
OQ656812,3b
OQ731483,3b
OQ385310,3b
OQ385308,3b
OQ385277,3b
OQ385278,3b
OQ385279,3b
OQ385280,3b
OQ385281,3b
OQ385282,3b
OQ385283,3b
OQ385284,3b
OQ385285,3b
OQ385286,3b
OQ385287,3b
OQ385288,3b
OQ385289,3b
OQ385290,3b
OQ385291,3b
OQ385292,3b
OQ385293,3b
OQ385307,3b
OQ385306,3b
OQ385305,3b
OQ385304,3b
OQ385303,3b
OQ385302,3b
OQ385309,3b
OQ385301,3b
OQ385299,3b
OQ385298,3b
OQ385297,3b
OQ385296,3b
OQ385295,3b
OQ385294,3b
OQ385300,3b
OQ731484,3b
OQ731485,3b
OQ731486,3b
OR210511,3b
OR210513,3b
OR210514,3b
OR210515,3b
OR210516,3b
OR210517,3b
OR210524,3b
OR210528,3b
OR210529,3b
OR210534,3b
OR210536,3b
OR210539,3b
OR210540,3b
OR210546,3b
OR210547,3b
OR210551,3b
OR210583,3b
OR210580,3b
OR210579,3b
OR210578,3b
OR210576,3b
OR210575,3b
OR210507,3b
OR210573,3b
OR210571,3b
OR210566,3b
OR210564,3b
OR210562,3b
OR210572,3b
OR210500,3b
OR210443,3b
OR210441,3b
OR210436,3b
OR210434,3b
OR210430,3b
OR210459,3b
OQ731495,3b
OQ731492,3b
OQ731490,3b
OQ731489,3b
OQ731488,3b
OR210428,3b
OQ385275,3b
OR210463,3b
OR210466,3b
OR210498,3b
OR210496,3b
OR210492,3b
OR210491,3b
OR210489,3b
OR210482,3b
OR210464,3b
OR210480,3b
OR210477,3b
OR210474,3b
OR210473,3b
OR210472,3b
OR210471,3b
OR210470,3b
OR210478,3b
MK255941,3b
HQ229434,3b
MK255939,3b
EU081391,3b
EU081390,3b
EU081389,3b
EU081387,3b
EU081381,3b
EU081378,3b
EU081377,3b
EU081318,3b
EU081317,3b
EU081316,3b
EU081315,3b
EU081314,3b
EU081397,3b
EU081303,3b
EU081301,3b
EU081300,3b
EU081299,3b
EF616481,3b
EF612776,3b
EF543251,3b
EF543218,3b
EF185991,3b
EF185987,3b
EF185986,3b
EF185985,3b
EU081302,3b
EF185984,3b
EU081400,3b
EU081411,3b
FJ189507,3b
EU081507,3b
EU081504,3b
EU081499,3b
EU081497,3b
EU081482,3b
EU081481,3b
EU081480,3b
EU081478,3b
EU081471,3b
EU081467,3b
EU081464,3b
EU081458,3b
EU081404,3b
EU081457,3b
EU081454,3b
EU081451,3b
EU081448,3b
EU081445,3b
EU081444,3b
EU081440,3b
EU081437,3b
EU081434,3b
EU081432,3b
EU081430,3b
EU081415,3b
EU081414,3b
EU081413,3b
EU081456,3b
FJ189512,3b
EF185981,3b
EF185978,3b
DQ859959,3b
DQ859958,3b
DQ859943,3b
DQ777804,3b
DQ777803,3b
DQ777802,3b
DQ777801,3b
DQ777800,3b
DQ777786,3b
DQ777785,3b
DQ777784,3b
DQ777783,3b
DQ777782,3b
DQ859960,3b
DQ777781,3b
DQ640379,3b
DQ640378,3b
DQ640373,3b
DQ640358,3b
DQ640353,3b
DQ640352,3b
DQ640347,3b
DQ518403,3b
DQ485279,3b
DQ284965,3b
DQ140322,3b
DQ140302,3b
DQ140282,3b
DQ640384,3b
EF185979,3b
DQ859962,3b
EF115629,3b
EF185966,3b
EF185964,3b
EF185963,3b
EF185959,3b
EF185949,3b
EF185948,3b
EF185946,3b
EF185945,3b
EF185944,3b
EF185941,3b
EF185934,3b
EF185932,3b
EF185929,3b
DQ859964,3b
EF185928,3b
EF116085,3b
EF116077,3b
EF116076,3b
EF116068,3b
EF115868,3b
EF115863,3b
EF115855,3b
EF115854,3b
EF115846,3b
EF115646,3b
EF115638,3b
EF116091,3b
D85026,3b
FJ210673,3b
FJ210676,3b
FJ463016,3b
FJ463012,3b
FJ463011,3b
FJ463008,3b
FJ463007,3b
FJ463004,3b
FJ463003,3b
FJ463001,3b
FJ463000,3b
FJ462999,3b
FJ462998,3b
FJ462997,3b
FJ462996,3b
FJ463017,3b
FJ462995,3b
FJ462988,3b
FJ462985,3b
FJ462980,3b
FJ462979,3b
FJ462978,3b
FJ462977,3b
FJ462973,3b
FJ462972,3b
FJ462971,3b
FJ462970,3b
FJ462969,3b
FJ462968,3b
FJ462967,3b
FJ462993,3b
FJ462964,3b
FJ463019,3b
FJ463021,3b
FJ774956,3b
FJ774953,3b
FJ768904,3b
FJ463020,3b
FJ768903,3b
FJ768832,3b
FJ687124,3b
FJ687123,3b
FJ687122,3b
FJ687121,3b
FJ463027,3b
FJ463025,3b
FJ463023,3b
FJ463022,3b
MK255940,3b
FJ210674,3b
FJ462961,3b
FJ462958,3b
FJ462876,3b
FJ462875,3b
FJ462874,3b
FJ462871,3b
FJ462869,3b
FJ462867,3b
FJ462860,3b
FJ462858,3b
FJ462856,3b
FJ462855,3b
FJ462849,3b
FJ462847,3b
FJ462845,3b
FJ462881,3b
FJ462842,3b
FJ462837,3b
FJ462830,3b
FJ462828,3b
FJ462827,3b
FJ462826,3b
FJ462824,3b
FJ462813,3b
FJ462809,3b
FJ462808,3b
FJ462804,3b
FJ462802,3b
FJ462801,3b
FJ462799,3b
FJ462840,3b
FJ462959,3b
FJ462882,3b
FJ462886,3b
FJ462957,3b
FJ462954,3b
FJ462952,3b
FJ462951,3b
FJ462950,3b
FJ462948,3b
FJ462947,3b
FJ462943,3b
FJ462940,3b
FJ462939,3b
FJ462937,3b
FJ462932,3b
FJ462931,3b
FJ462885,3b
FJ462925,3b
FJ462920,3b
FJ462919,3b
FJ462917,3b
FJ462916,3b
FJ462913,3b
FJ462910,3b
FJ462908,3b
FJ462904,3b
FJ462902,3b
FJ462898,3b
FJ462893,3b
FJ462888,3b
FJ462887,3b
FJ462923,3b
GQ206037,3b
D82033,3b
D49374,3b
AM228888,3b
AM228887,3b
AM228885,3b
AM228871,3b
AM228866,3b
AJ621231,3b
AJ621218,3b
AF528324,3b
AF525903,3b
AF279121,3b
AF233725,3b
AF158610,3b
AB523352,3b
AY089772,3b
AB523323,3b
AB523314,3b
AB523310,3b
AB523302,3b
AB523298,3b
AB523287,3b
AB523285,3b
AB523280,3b
AB523236,3b
AB523203,3b
AB523171,3b
AB523170,3b
AB523156,3b
AB523124,3b
AB523317,3b
AB523114,3b
AY190335,3b
AY190338,3b
AY231584,3b
AY190507,3b
AY190501,3b
AY190495,3b
AY190470,3b
AY190454,3b
AY190448,3b
AY190423,3b
AY190416,3b
AY190412,3b
AY190400,3b
AY190336,3b
AY190384,3b
AY190367,3b
AY190365,3b
AY190361,3b
AY190360,3b
AY190359,3b
AY190358,3b
AY190356,3b
AY190352,3b
AY190350,3b
AY190348,3b
AY190345,3b
AY190340,3b
AY190387,3b
AB523102,3b
AB523086,3b
AB291004,3b
AB291001,3b
AB290998,3b
AB290994,3b
AB290987,3b
AB290977,3b
AB290976,3b
AB290975,3b
AB290973,3b
AB290972,3b
AB290971,3b
AB290961,3b
AB290959,3b
AB291006,3b
AB290958,3b
AB290954,3b
AB290953,3b
AB290951,3b
AB290949,3b
AB290948,3b
AB290945,3b
AB290942,3b
AB290941,3b
AB290939,3b
AB269345,3b
AB269338,3b
AB269337,3b
AB269328,3b
AB290955,3b
AB523098,3b
AB291008,3b
AB291016,3b
AB523039,3b
AB523007,3b
AB444578,3b
AB444564,3b
AB444563,3b
AB444562,3b
AB444561,3b
AB444560,3b
AB444473,3b
AB444472,3b
AB444471,3b
AB444469,3b
AB444468,3b
AB291010,3b
AB444467,3b
AB444465,3b
AB444464,3b
AB291057,3b
AB291056,3b
AB291049,3b
AB291048,3b
AB291044,3b
AB291043,3b
AB291042,3b
AB291041,3b
AB291032,3b
AB291031,3b
AB291020,3b
AB444466,3b
AY231586,3b
AY878480,3b
AY878479,3b
AY878478,3b
AY878477,3b
AY878476,3b
AY878475,3b
AY878474,3b
AY878473,3b
AY878472,3b
AY878471,3b
AY878470,3b
AY878469,3b
AY878468,3b
AY878481,3b
AY878467,3b
AY878465,3b
AY878464,3b
AY878463,3b
AY878461,3b
AY878460,3b
AY878459,3b
AY878458,3b
AY878457,3b
AY878456,3b
AY878455,3b
AY878454,3b
AY878453,3b
AY878466,3b
AY878452,3b
AY878482,3b
D10080,3b
D37854,3b
D37853,3b
D37852,3b
D37840,3b
D37839,3b
D37838,3b
D29654,3b
D29653,3b
D29652,3b
D29651,3b
D29650,3b
D29649,3b
D29648,3b
AY878483,3b
D29647,3b
D28845,3b
D28832,3b
D16737,3b
D16736,3b
D16721,3b
D16720,3b
D16617,3b
D16616,3b
D14199,3b
D14192,3b
D11443,3b
D10585,3b
D10081,3b
D28858,3b
AY878451,3b
AY878449,3b
AY768140,3b
AY768126,3b
AY767951,3b
AY767837,3b
AY767828,3b
AY767703,3b
AY767396,3b
AY767092,3b
AY766935,3b
AY766822,3b
AY739391,3b
AY739390,3b
AY739389,3b
AY768224,3b
AY739388,3b
AY739386,3b
AY739385,3b
AY515261,3b
AY443347,3b
AY443346,3b
AY438098,3b
AY438097,3b
AY435124,3b
AY311402,3b
AY311401,3b
AY739387,3b
AY878450,3b
AY768347,3b
AY834931,3b
AY878448,3b
AY878447,3b
AY878446,3b
AY878445,3b
AY878444,3b
AY878443,3b
AY878442,3b
AY878441,3b
AY878440,3b
AY878439,3b
AY878438,3b
AY871229,3b
AY871226,3b
AY834219,3b
AY871223,3b
AY835223,3b
AY835222,3b
AY835221,3b
AY835220,3b
AY835198,3b
AY835196,3b
AY835195,3b
AY835194,3b
AY835101,3b
AY834935,3b
AY834934,3b
AY834933,3b
AY834932,3b
AY871216,3b
GQ206040,3b
FJ768833,3b
GQ206044,3b
KF279426,3b
KF279425,3b
KF279424,3b
KF279423,3b
KF279422,3b
KF279421,3b
KF279420,3b
KF279419,3b
KF181707,3b
KF181706,3b
KF181705,3b
KF279427,3b
KF181692,3b
KF279428,3b
KF279430,3b
KF292855,3b
KF292851,3b
KF279429,3b
KF279433,3b
KF279432,3b
KF279431,3b
KC348414,3b
KC348413,3b
KC348412,3b
KC348411,3b
KC348410,3b
KC348409,3b
KC348408,3b
JX944417,3b
JX944416,3b
JX944415,3b
JX944413,3b
KC348415,3b
GQ206041,3b
JX944409,3b
JX944408,3b
JX944406,3b
JX944405,3b
JX944403,3b
JX944402,3b
JX944400,3b
JX944399,3b
JX944398,3b
JX944397,3b
KF181685,3b
KC348416,3b
KC348418,3b
KF181681,3b
KF181678,3b
KF181675,3b
KF181673,3b
KC844044,3b
KC348417,3b
KC441476,3b
KC441474,3b
KC441473,3b
KC441472,3b
KC441471,3b
KC441470,3b
KC441469,3b
KC441468,3b
KC441467,3b
KC348423,3b
KC348422,3b
KC348421,3b
KC348420,3b
KC348419,3b
KC441475,3b
JX944396,3b
MK255906,3b
MK255905,3b
MK255904,3b
MK255903,3b
MK255902,3b
MK255901,3b
MK255900,3b
MK255899,3b
MK255898,3b
MK255897,3b
MK255896,3b
MK255895,3b
MK255894,3b
MK255907,3b
MK255893,3b
MK255891,3b
MK255890,3b
MK255889,3b
MK255888,3b
MK255887,3b
MK255886,3b
MK255885,3b
MK255884,3b
MK255883,3b
MK255882,3b
MK255881,3b
MK255880,3b
MK255879,3b
MK255892,3b
MK255878,3b
MK255908,3b
MK255910,3b
MK255938,3b
MK255937,3b
MK255936,3b
MK255935,3b
MK255934,3b
MK255933,3b
MK255932,3b
MK255931,3b
MK255930,3b
MK255929,3b
MK255928,3b
MK255927,3b
MK255926,3b
MK255909,3b
MK255925,3b
MK255923,3b
MK255922,3b
MK255921,3b
MK255920,3b
MK255919,3b
MK255918,3b
MK255917,3b
MK255916,3b
MK255915,3b
MK255914,3b
MK255913,3b
MK255912,3b
MK255911,3b
MK255924,3b
MK255877,3b
MK255875,3b
MG776216,3b
MG776213,3b
MG776174,3b
LC414155,3b
LC368420,3b
KM589434,3b
KM589433,3b
KM589432,3b
KM589431,3b
KM589430,3b
KM589429,3b
KM589428,3b
MG776231,3b
KM589427,3b
KM589425,3b
KM589424,3b
KM589423,3b
KM589422,3b
KF728602,3b
KF728599,3b
KM589426,3b
MK255876,3b
MG776247,3b
MG776301,3b
MK255874,3b
MH458992,3b
MH458990,3b
MH458988,3b
MH458987,3b
MH458985,3b
MH458981,3b
MH458967,3b
MH458965,3b
MH458963,3b
MH458962,3b
MH458960,3b
MH458956,3b
MG776268,3b
MG787335,3b
MG787333,3b
MG787332,3b
MG787331,3b
MG787330,3b
MG787329,3b
MG787328,3b
MG787327,3b
MG787326,3b
MG787325,3b
MG787324,3b
MG787323,3b
MG787322,3b
MG787321,3b
MG787334,3b
JX944393,3b
HQ229493,3b
HQ229491,3b
HQ229483,3b
HQ229445,3b
HQ229432,3b
HQ229423,3b
HQ229408,3b
HQ229402,3b
HQ229384,3b
HQ229357,3b
HQ229344,3b
HQ229323,3b
HQ229249,3b
HQ229496,3b
HQ229237,3b
HQ229214,3b
HQ229210,3b
HQ229208,3b
HQ229200,3b
HQ229161,3b
HQ229150,3b
HQ229148,3b
HQ229139,3b
HQ229123,3b
HQ229117,3b
HQ229100,3b
HQ229073,3b
HQ229060,3b
HQ229223,3b
HQ229039,3b
HQ229505,3b
HQ229516,3b
HQ728133,3b
HQ705781,3b
HQ705780,3b
HQ705779,3b
HQ705778,3b
HQ705777,3b
HQ705776,3b
HQ705775,3b
HQ705774,3b
HQ661858,3b
HQ661857,3b
HQ229509,3b
HQ318872,3b
HQ318870,3b
HQ318869,3b
HQ318868,3b
HQ318867,3b
HQ318866,3b
HQ318865,3b
HQ318864,3b
HQ318858,3b
HQ318847,3b
HQ318837,3b
HQ229591,3b
HQ229582,3b
HQ229574,3b
JX944394,3b
JF721259,3b
HM161676,3b
HM042083,3b
GQ206135,3b
GQ206133,3b
GQ206132,3b
GQ206131,3b
GQ206130,3b
GQ206129,3b
GQ206128,3b
GQ206127,3b
GQ206126,3b
GQ206124,3b
GQ206123,3b
GQ285050,3b
GQ206122,3b
GQ206120,3b
GQ206119,3b
GQ206082,3b
GQ206081,3b
GQ206076,3b
GQ206074,3b
GQ206071,3b
GQ206069,3b
GQ206067,3b
GQ206066,3b
GQ206065,3b
GQ206064,3b
GQ206053,3b
GQ206121,3b
HM042084,3b
GQ285051,3b
GQ285053,3b
HM042082,3b
HM042024,3b
HM042023,3b
HM042022,3b
HM042021,3b
HM009306,3b
HM009305,3b
HM009304,3b
HM009303,3b
HM009302,3b
GU186946,3b
GU186945,3b
GU186943,3b
GQ285052,3b
GU186939,3b
GU186930,3b
GQ285065,3b
GQ285064,3b
GQ285063,3b
GQ285062,3b
GQ285061,3b
GQ285060,3b
GQ285059,3b
GQ285058,3b
GQ285057,3b
GQ285056,3b
GQ285055,3b
GQ285054,3b
GU186938,3b
JF721260,3b
HQ318871,3b
JF721320,3b
JX676844,3b
JX676838,3b
JX676793,3b
JX183381,3b
JX183369,3b
JX183368,3b
JX183367,3b
JX183366,3b
JX183365,3b
JX183348,3b
JX183346,3b
JX183345,3b
JX183341,3b
JX676983,3b
JF721261,3b
JX183319,3b
JX183318,3b
JX183317,3b
JX183316,3b
JX183315,3b
JX183296,3b
JX183295,3b
JX183283,3b
JQ888233,3b
JQ888232,3b
JQ888228,3b
JQ888226,3b
JQ668326,3b
JX183336,3b
JQ668325,3b
JX676995,3b
JX677032,3b
JX944392,3b
JX944391,3b
JX944389,3b
JX944388,3b
JX944387,3b
JX944385,3b
JX944384,3b
JX677542,3b
JX677515,3b
JX677497,3b
JX677492,3b
JX677031,3b
JX677471,3b
JX677425,3b
JX677424,3b
JX677388,3b
JX677376,3b
JX677237,3b
JX677231,3b
JX677186,3b
JX677149,3b
JX677122,3b
JX677104,3b
JX677099,3b
JX677078,3b
JX677064,3b
JX677457,3b
JQ668324,3b
JX183339,3b
JQ413428,3b
JQ303454,3b
JQ303452,3b
JQ303451,3b
JQ303445,3b
JQ303444,3b
JQ303443,3b
JQ303391,3b
JQ303376,3b
JQ303373,3b
JQ303371,3b
JQ303365,3b
JQ303353,3b
JQ065709,3b
JQ303455,3b
JQ038486,3b
JQ038418,3b
JN977115,3b
JN977092,3b
JN977066,3b
JN656626,3b
JN573044,3b
JN573022,3b
JN573016,3b
JN572973,3b
JN572968,3b
JN572963,3b
JF721322,3b
JF721321,3b
JQ668323,3b
JQ303456,3b
JQ038485,3b
JQ303458,3b
JQ303457,3b
JQ303586,3b
JQ303585,3b
JQ303584,3b
JQ303583,3b
JQ303582,3b
JQ303581,3b
JQ303579,3b
JQ303578,3b
JQ303577,3b
JQ303576,3b
JQ303575,3b
JQ303574,3b
JQ303573,3b
JQ303580,3b
JQ303541,3b
JQ303459,3b
JQ303572,3b
JQ303462,3b
JQ303472,3b
JQ303475,3b
JQ303480,3b
JQ303474,3b
JQ303484,3b
JQ303511,3b
JQ303514,3b
JQ303515,3b
JQ303517,3b
JQ303481,3b
AB103442,4
AB103447,4
AB103443,4
AB103444,4
AB103445,4
AB103446,4
AB103448,4
AB103454,4
AB103450,4
AB103451,4
AB103452,4
AB103453,4
AB103455,4
AB103441,4
AB103449,4
AB103440,4
AB103425,4
AB103438,4
AB103456,4
AB103424,4
AB103426,4
AB103427,4
AB103428,4
AB103429,4
AB103439,4
AB103430,4
AB103432,4
AB103433,4
AB103434,4
AB103435,4
AB103436,4
AB103437,4
AB103431,4
AB103457,4
AY548710,4
AB444481,4
JN642808,4
JN642807,4
JN642806,4
JN642805,4
JN642804,4
JN642803,4
JN642802,4
JN642801,4
JN642800,4
JN642798,4
JN642797,4
JN642796,4
JN642795,4
JN642794,4
JN642793,4
JN642792,4
JN642791,4
JN642790,4
JN642789,4
JN642788,4
JN642787,4
JN642809,4
JN642786,4
JN642810,4
JN642812,4
JN642834,4
JN642833,4
JN642832,4
JN642831,4
JN642830,4
JN642828,4
JN642827,4
JN642826,4
JN642825,4
JN642824,4
JN642823,4
JN642822,4
JN642821,4
JN642820,4
JN642819,4
JN642818,4
JN642817,4
JN642816,4
JN642815,4
JN642814,4
JN642813,4
JN642811,4
JN642785,4
JN642784,4
JN642783,4
JN642755,4
JN642754,4
JN642753,4
JN642752,4
JN642751,4
JN642750,4
JN642749,4
JN642747,4
JN642746,4
JN642745,4
JN642744,4
JN642743,4
JN642742,4
JN642741,4
JN642740,4
JN642739,4
JN642738,4
JN642737,4
JN642736,4
JN642735,4
JN642734,4
JN642756,4
JN642757,4
JN642758,4
JN642759,4
JN642782,4
JN642781,4
JN642779,4
JN642778,4
JN642777,4
JN642776,4
JN642775,4
JN642774,4
JN642773,4
JN642772,4
JN642836,4
JN642771,4
JN642769,4
JN642768,4
JN642767,4
JN642766,4
JN642765,4
JN642764,4
JN642763,4
JN642762,4
JN642761,4
JN642760,4
JN642770,4
JN642733,4
JN642837,4
JN642842,4
JN642918,4
JN642914,4
JN642913,4
JN642912,4
JN642910,4
JN642909,4
JN642908,4
JN642907,4
JN642906,4
JN642905,4
JN642904,4
JN642903,4
JN642902,4
JN642901,4
JN642900,4
JN642899,4
JN642898,4
JN642897,4
JN642896,4
JN642895,4
JN642894,4
JN642919,4
JN642893,4
JN642920,4
JN642922,4
JN642946,4
JN642945,4
JN642944,4
JN642943,4
JN642942,4
JN642941,4
JN642940,4
JN642939,4
JN642937,4
JN642936,4
JN642935,4
JN642934,4
JN642933,4
JN642932,4
JN642931,4
JN642930,4
JN642928,4
JN642926,4
JN642925,4
JN642924,4
JN642923,4
JN642921,4
JN642892,4
JN642891,4
JN642890,4
JN642863,4
JN642862,4
JN642861,4
JN642860,4
JN642859,4
JN642858,4
JN642857,4
JN642856,4
JN642855,4
JN642854,4
JN642853,4
JN642852,4
JN642851,4
JN642850,4
JN642849,4
JN642848,4
JN642847,4
JN642846,4
JN642845,4
JN642844,4
JN642843,4
JN642864,4
JN642865,4
JN642866,4
JN642867,4
JN642889,4
JN642888,4
JN642887,4
JN642886,4
JN642885,4
JN642884,4
JN642883,4
JN642882,4
JN642881,4
JN642839,4
JN642879,4
JN642877,4
JN642876,4
JN642875,4
JN642874,4
JN642873,4
JN642871,4
JN642870,4
JN642868,4
JN642878,4
JN642732,4
JN642731,4
JN642730,4
JF964976,4
JF964975,4
JF964974,4
JF964973,4
JF964972,4
JF964971,4
JF964966,4
JF964965,4
JF964964,4
HQ833265,4
HQ833246,4
HQ699754,4
HQ623403,4
HQ623402,4
HQ623401,4
HQ623400,4
HQ623399,4
JF964977,4
HQ623398,4
JF964978,4
JF964980,4
JN203153,4
JN203152,4
JN203151,4
JN203150,4
JN203149,4
JN203148,4
JN203147,4
JN203146,4
JN203145,4
JN203144,4
JN203143,4
JN116571,4
JN116570,4
JN116569,4
JN116568,4
JN116563,4
JN116562,4
JN055430,4
JN055415,4
JN038189,4
JN038188,4
JF964979,4
HQ623397,4
HQ623396,4
HQ623395,4
HQ623368,4
HQ623367,4
HQ623366,4
HQ623365,4
HQ623364,4
HQ537009,4
HQ537008,4
HQ438964,4
HQ438963,4
HQ438962,4
HQ438961,4
HQ438960,4
HQ438959,4
HQ438958,4
HQ438957,4
HQ438956,4
HQ438955,4
HQ438954,4
HQ438952,4
HQ438951,4
HQ623369,4
HQ623370,4
HQ623371,4
HQ623372,4
HQ623394,4
HQ623393,4
HQ623392,4
HQ623391,4
HQ623390,4
HQ623389,4
HQ623388,4
HQ623387,4
HQ623386,4
HQ623385,4
JN203154,4
HQ623384,4
HQ623382,4
HQ623381,4
HQ623380,4
HQ623379,4
HQ623378,4
HQ623377,4
HQ623376,4
HQ623375,4
HQ623374,4
HQ623373,4
HQ623383,4
JN203155,4
JN203156,4
JN203157,4
JN563673,4
JN563672,4
JN563671,4
JN563670,4
JN563669,4
JN563668,4
JN563667,4
JN563666,4
JN563665,4
JN563664,4
JN563663,4
JN563662,4
JN563661,4
JN563660,4
JN563659,4
JN563658,4
JN563657,4
JN563656,4
JN563655,4
JN563654,4
JN563653,4
JN563674,4
JN563675,4
JN563676,4
JN563677,4
JN642729,4
JN642728,4
JN642727,4
JN642726,4
JN642725,4
JN642724,4
JN642723,4
JN642722,4
JN642721,4
JN642720,4
JN563652,4
JN642719,4
JN564687,4
JN564686,4
JN564685,4
JN564684,4
JN564683,4
JN564682,4
JN564681,4
JN564680,4
JN564679,4
JN563678,4
JN564688,4
JN642947,4
JN214887,4
JN214707,4
JN203178,4
JN203177,4
JN203176,4
JN203175,4
JN203174,4
JN203173,4
JN203172,4
JN203171,4
JN203170,4
JN203169,4
JN203168,4
JN203167,4
JN203166,4
JN203165,4
JN203164,4
JN203163,4
JN203162,4
JN203161,4
JN203160,4
JN203159,4
JN203158,4
JN203179,4
JN203181,4
JN203182,4
JN203183,4
JN214678,4
JN214628,4
JN203205,4
JN203204,4
JN203203,4
JN203201,4
JN203200,4
JN203199,4
JN203198,4
JN203197,4
JN214881,4
JN203196,4
JN203194,4
JN203193,4
JN203192,4
JN203191,4
JN203190,4
JN203189,4
JN203188,4
JN203186,4
JN203185,4
JN203184,4
JN203195,4
HQ438950,4
JN642948,4
JN642950,4
KC143845,4
KC143844,4
KC143843,4
KC143842,4
KC143841,4
KC143840,4
KC143839,4
KC143838,4
KC143837,4
KC143836,4
KC143835,4
KC143834,4
KC143833,4
KC143832,4
KC143831,4
KC143830,4
KC143829,4
KC143828,4
KC143827,4
KC143826,4
KC143825,4
KC143846,4
KC143847,4
KC143849,4
KC143901,4
KC143900,4
KC143899,4
KC143867,4
KC143865,4
KC143864,4
KC143863,4
KC143862,4
KC143861,4
KC143860,4
KC143859,4
KC143858,4
KC143857,4
KC143856,4
KC143855,4
KC143854,4
KC143853,4
KC143852,4
KC143851,4
KC143850,4
KC143823,4
KC143822,4
KC143821,4
JX227976,4
JX227975,4
JX227973,4
JX227972,4
JX227971,4
JX227970,4
JX227964,4
JX227963,4
JX227962,4
JX227961,4
JX227960,4
JX227959,4
JX227958,4
JX227957,4
JQ917762,4
JQ917760,4
JQ917759,4
JQ917757,4
JQ917756,4
JQ917750,4
JX227977,4
JX227978,4
JX227979,4
JX677011,4
KC143820,4
KC143819,4
KC143817,4
KC143816,4
KC143815,4
KC143814,4
KC143813,4
KC118333,4
KC118249,4
KC012615,4
KC012614,4
KC012613,4
KC012612,4
KC012611,4
KC012610,4
KC012609,4
KC012608,4
KC012607,4
JX677404,4
KC012616,4
JQ917749,4
KC143903,4
KC143905,4
KF463178,4
KF463177,4
KF463176,4
KF463175,4
KF463174,4
KF463173,4
KF463172,4
KF463171,4
KF463170,4
KF463169,4
KF463168,4
KF463167,4
KF463166,4
KF463165,4
KF463164,4
KF463163,4
KF463162,4
KF463161,4
KF463160,4
KF463159,4
KF463158,4
KF463179,4
KF463157,4
KF463180,4
KF463182,4
KY440009,4
KY440003,4
KX214757,4
KF511678,4
KF511674,4
KF511673,4
KF511670,4
KF511669,4
KF511667,4
KF511662,4
KF511661,4
KF463187,4
KF463186,4
KF463185,4
KF463184,4
KF463183,4
KF463181,4
KF463156,4
KC844045,4
KC506776,4
KC143953,4
KC143952,4
KC143951,4
KC143950,4
KC143949,4
KC143948,4
KC143947,4
KC143946,4
KC143945,4
KC143944,4
KC143943,4
KC143942,4
KC143941,4
KC143940,4
KC143939,4
KC143938,4
KC143936,4
KC143908,4
KC143907,4
KC143906,4
KC143954,4
KC143955,4
KC143956,4
KC143957,4
KC506775,4
KC506774,4
KC506773,4
KC506772,4
KC506771,4
KC506770,4
KC506769,4
KC506768,4
KC506767,4
KC506766,4
KC143904,4
KC477398,4
KC351577,4
KC285334,4
KC285333,4
KC285332,4
KC285331,4
KC285330,4
KC143961,4
KC143960,4
KC143959,4
KC143958,4
KC351578,4
JQ917742,4
JQ917740,4
JQ318095,4
JQ318093,4
JQ318090,4
JQ318081,4
JQ318077,4
JQ318069,4
JQ318065,4
JQ318062,4
JQ318059,4
JQ318053,4
JQ318052,4
JQ318051,4
JQ318050,4
JQ318047,4
JQ318044,4
JQ318043,4
JQ318038,4
JQ318036,4
JQ228805,4
JQ228804,4
JQ318097,4
JQ228803,4
JQ318102,4
JQ318117,4
JQ318230,4
JQ318225,4
JQ318223,4
JQ318220,4
JQ318218,4
JQ318213,4
JQ318207,4
JQ318206,4
JQ318201,4
JQ318200,4
JQ318184,4
JQ318183,4
JQ318157,4
JQ318142,4
JQ318136,4
JQ318120,4
JN808440,4
JN808439,4
JN808438,4
JN642972,4
JN642971,4
JN642970,4
JN642969,4
JN642968,4
JN642967,4
JN642965,4
JN642964,4
JN642963,4
JN642962,4
JN642961,4
JN642960,4
JN642959,4
JN642958,4
JN642957,4
JN642956,4
JN642955,4
JN642954,4
JN642953,4
JN642952,4
JN642951,4
JN642973,4
JN642975,4
JN642976,4
JN642977,4
JN808437,4
JN808435,4
JN808434,4
JN808433,4
JN657400,4
JN657367,4
JN657365,4
JN657364,4
JQ318231,4
JN657343,4
JN657342,4
JN642987,4
JN642986,4
JN642985,4
JN642983,4
JN642982,4
JN642981,4
JN642980,4
JN642978,4
JN657362,4
JQ318234,4
JQ318237,4
JQ318238,4
JQ318555,4
JQ318541,4
JQ318540,4
JQ318528,4
JQ318517,4
JQ318507,4
JQ318505,4
JQ318503,4
JQ318502,4
JQ318496,4
JQ318488,4
JQ318487,4
JQ318485,4
JQ318483,4
JQ318470,4
JQ318466,4
JQ318465,4
JQ318463,4
JQ318461,4
JQ318458,4
JQ318450,4
JQ318556,4
JQ318560,4
JQ318565,4
JQ318570,4
JQ917733,4
JQ917729,4
JQ917721,4
JQ743317,4
JQ743316,4
JQ743315,4
JQ743314,4
JQ743313,4
JQ743312,4
JQ743311,4
JQ318449,4
JQ743310,4
JQ743308,4
JQ743307,4
JQ743306,4
JQ743305,4
JQ743304,4
JQ743303,4
JQ347515,4
JQ347514,4
JQ347513,4
JQ318571,4
JQ743309,4
JN642949,4
JQ318445,4
JQ318434,4
JQ318320,4
JQ318314,4
JQ318306,4
JQ318305,4
JQ318303,4
JQ318301,4
JQ318289,4
JQ318285,4
JQ318284,4
JQ318282,4
JQ318280,4
JQ318277,4
JQ318268,4
JQ318264,4
JQ318256,4
JQ318252,4
JQ318249,4
JQ318246,4
JQ318243,4
JQ318240,4
JQ318239,4
JQ318322,4
JQ318325,4
JQ318328,4
JQ318343,4
JQ318432,4
JQ318429,4
JQ318426,4
JQ318423,4
JQ318422,4
JQ318421,4
JQ318420,4
JQ318417,4
JQ318414,4
JQ318413,4
JQ318438,4
JQ318408,4
JQ318404,4
JQ318402,4
JQ318397,4
JQ318391,4
JQ318390,4
JQ318385,4
JQ318384,4
JQ318368,4
JQ318367,4
JQ318354,4
JQ318406,4
HQ438949,4
HQ438948,4
HQ438947,4
FJ795721,4
FJ795720,4
FJ795719,4
FJ795718,4
FJ795717,4
FJ795716,4
FJ795715,4
FJ795714,4
FJ795713,4
FJ795712,4
FJ795711,4
FJ795710,4
FJ795709,4
FJ795708,4
FJ795707,4
FJ795706,4
FJ795705,4
FJ795704,4
FJ795703,4
FJ795702,4
FJ795701,4
FJ807047,4
FJ795700,4
FJ807048,4
FJ807050,4
FJ807073,4
FJ807072,4
FJ807071,4
FJ807070,4
FJ807069,4
FJ807068,4
FJ807067,4
FJ807066,4
FJ807065,4
FJ807064,4
FJ807063,4
FJ807062,4
FJ807061,4
FJ807060,4
FJ807059,4
FJ807058,4
FJ807057,4
FJ807056,4
FJ807055,4
FJ807053,4
FJ807051,4
FJ807049,4
FJ795699,4
FJ795698,4
FJ795697,4
FJ775758,4
FJ775757,4
FJ775756,4
FJ775755,4
FJ775754,4
FJ775753,4
FJ775752,4
FJ775751,4
FJ775750,4
FJ775749,4
FJ775748,4
FJ775747,4
FJ775746,4
FJ775745,4
FJ775744,4
FJ775743,4
FJ775742,4
FJ775741,4
FJ775740,4
FJ775739,4
FJ775738,4
FJ775759,4
FJ775760,4
FJ775761,4
FJ775762,4
FJ795696,4
FJ795695,4
FJ795694,4
FJ795693,4
FJ795692,4
FJ795691,4
FJ795690,4
FJ795689,4
FJ775776,4
FJ775775,4
FJ807074,4
FJ775774,4
FJ775772,4
FJ775771,4
FJ775770,4
FJ775769,4
FJ775768,4
FJ775767,4
FJ775766,4
FJ775765,4
FJ775764,4
FJ775763,4
FJ775773,4
FJ775737,4
FJ807075,4
FJ807077,4
FJ807149,4
FJ807148,4
FJ807147,4
FJ807146,4
FJ807145,4
FJ807144,4
FJ807143,4
FJ807142,4
FJ807141,4
FJ807140,4
FJ807139,4
FJ807138,4
FJ807137,4
FJ807136,4
FJ807135,4
FJ807134,4
FJ807133,4
FJ807132,4
FJ807131,4
FJ807130,4
FJ807129,4
FJ807150,4
FJ807128,4
FJ807151,4
FJ807153,4
FJ872300,4
FJ872299,4
FJ872298,4
FJ872297,4
FJ839870,4
FJ839869,4
FJ807168,4
FJ807167,4
FJ807165,4
FJ807164,4
FJ807163,4
FJ807162,4
FJ807161,4
FJ807160,4
FJ807159,4
FJ807158,4
FJ807157,4
FJ807156,4
FJ807155,4
FJ807154,4
FJ807152,4
FJ807127,4
FJ807126,4
FJ807125,4
FJ807098,4
FJ807097,4
FJ807096,4
FJ807095,4
FJ807094,4
FJ807093,4
FJ807092,4
FJ807091,4
FJ807090,4
FJ807089,4
FJ807088,4
FJ807087,4
FJ807086,4
FJ807085,4
FJ807084,4
FJ807083,4
FJ807082,4
FJ807081,4
FJ807080,4
FJ807079,4
FJ807078,4
FJ807099,4
FJ807100,4
FJ807101,4
FJ807102,4
FJ807124,4
FJ807123,4
FJ807122,4
FJ807121,4
FJ807120,4
FJ807119,4
FJ807118,4
FJ807117,4
FJ807116,4
FJ807115,4
FJ807076,4
FJ807114,4
FJ807112,4
FJ807111,4
FJ807110,4
FJ807109,4
FJ807107,4
FJ807106,4
FJ807105,4
FJ807104,4
FJ807103,4
FJ807113,4
FJ775736,4
FJ775735,4
FJ775734,4
EU684636,4
EU684631,4
EU684621,4
EU684609,4
EU684603,4
EU684595,4
EU482148,4
EU482147,4
EU482146,4
EU482145,4
EU482144,4
EU482143,4
EU482142,4
EU482141,4
EU482140,4
EU482139,4
EU482138,4
EU482137,4
EU482136,4
EU482135,4
EU482134,4
EU684652,4
EU482133,4
EU684665,4
EU684675,4
FJ024267,4
FJ024266,4
FJ024264,4
FJ024261,4
FJ024260,4
FJ024259,4
FJ024258,4
FJ024257,4
FJ024254,4
EU835530,4
EU684731,4
EU684719,4
EU684712,4
EU684706,4
EU684694,4
EU684681,4
EU684673,4
EU482132,4
EU482131,4
EU482130,4
EF694514,4
EF694513,4
EF694512,4
EF694511,4
EF694510,4
EF694509,4
EF694508,4
EF694507,4
EF694506,4
EF694505,4
EF694504,4
EF694503,4
EF694502,4
EF694501,4
EF694500,4
EF694499,4
EF694498,4
EF694497,4
EF694496,4
EF694495,4
EF694494,4
EF694515,4
EF694516,4
EF694517,4
EF694518,4
EU482129,4
EU414184,4
EU414183,4
EU392175,4
EU392174,4
EU392173,4
EU392172,4
EU392171,4
EU392170,4
EU392169,4
EU334534,4
EU334532,4
EU334531,4
EU334530,4
EF694525,4
EF694524,4
EF694523,4
EF694522,4
EF694521,4
EF694520,4
EF694519,4
EU334533,4
FJ024271,4
FJ744090,4
FJ744089,4
FJ744088,4
FJ744087,4
FJ744086,4
FJ744085,4
FJ744084,4
FJ744083,4
FJ744082,4
FJ744081,4
FJ744080,4
FJ744079,4
FJ744078,4
FJ744077,4
FJ744076,4
FJ744075,4
FJ744074,4
FJ744073,4
FJ744072,4
FJ744071,4
FJ744070,4
FJ744091,4
FJ744092,4
FJ744093,4
FJ744094,4
FJ755941,4
FJ755940,4
FJ755939,4
FJ755938,4
FJ755937,4
FJ755936,4
FJ755934,4
FJ755933,4
FJ755932,4
FJ744069,4
FJ744106,4
FJ744104,4
FJ744103,4
FJ744102,4
FJ744101,4
FJ744100,4
FJ744099,4
FJ744098,4
FJ744097,4
FJ744096,4
FJ744095,4
FJ744105,4
FJ872301,4
FJ744068,4
FJ462441,4
FJ386794,4
FJ386786,4
FJ386785,4
FJ386778,4
FJ386760,4
FJ386750,4
FJ386746,4
FJ386722,4
FJ386711,4
FJ386708,4
FJ386707,4
FJ386705,4
FJ386690,4
FJ025856,4
FJ025855,4
FJ025854,4
FJ024273,4
FJ024272,4
FJ386805,4
FJ386808,4
FJ462440,4
FJ462439,4
FJ462438,4
FJ462437,4
FJ462436,4
FJ462435,4
FJ462434,4
FJ462433,4
FJ462432,4
FJ462431,4
FJ744067,4
FJ386826,4
FJ386823,4
FJ386822,4
FJ386821,4
FJ386820,4
FJ386819,4
FJ386818,4
FJ386812,4
FJ386811,4
FJ872302,4
FJ872303,4
FJ872304,4
GU088151,4
GU088150,4
GU088149,4
GU088148,4
GU088147,4
GU088146,4
GU088145,4
GU088144,4
GU088143,4
GU088142,4
GU088141,4
GU088140,4
GU088139,4
GU088138,4
GU088137,4
GU088136,4
GU088135,4
GU088134,4
GU088133,4
GU088132,4
GU085486,4
GU088152,4
GU075875,4
GU088153,4
GU088155,4
GU088183,4
GU088182,4
GU088181,4
GU088180,4
GU088179,4
GU088178,4
GU088177,4
GU088176,4
GU088175,4
GU088174,4
GU088173,4
GU088172,4
GU088171,4
GU088170,4
GU088169,4
GU088168,4
GU088167,4
GU088166,4
GU088165,4
GU088157,4
GU088156,4
GU088154,4
GU075874,4
GU054490,4
GU054489,4
GU054462,4
GU054461,4
GU054460,4
GU054459,4
GU054458,4
GU054457,4
GU054456,4
GU054455,4
GU054454,4
GU054453,4
GU054452,4
GU054378,4
GU054377,4
GU054376,4
GU054375,4
GU054374,4
GU054373,4
GU054372,4
GU054371,4
GU054370,4
GU054369,4
GU054463,4
GU054464,4
GU054465,4
GU054466,4
GU054488,4
GU054487,4
GU054486,4
GU054485,4
GU054484,4
GU054483,4
GU054482,4
GU054481,4
GU054480,4
GU054479,4
GU088184,4
GU054478,4
GU054476,4
GU054475,4
GU054474,4
GU054473,4
GU054472,4
GU054471,4
GU054470,4
GU054469,4
GU054468,4
GU054467,4
GU054477,4
GU088185,4
GU088186,4
GU814265,4
HQ385878,4
HQ385877,4
HQ385867,4
HQ385865,4
HM777372,4
HM777343,4
HM749059,4
HM749058,4
HM749057,4
HM749056,4
HM749055,4
HM749054,4
HM749053,4
HM623439,4
HM623438,4
HM623437,4
HM623436,4
HM623435,4
HM623434,4
HQ385879,4
HQ385880,4
HQ385881,4
HQ385882,4
HQ396514,4
HQ396512,4
HQ396509,4
HQ396506,4
HQ396505,4
HQ396500,4
HQ396493,4
HQ396484,4
HQ396478,4
HQ396473,4
HM623433,4
HQ396472,4
HQ385912,4
HQ385908,4
HQ385905,4
HQ385902,4
HQ385901,4
HQ385898,4
HQ385893,4
HQ385891,4
HQ385884,4
HQ396470,4
GU054368,4
HM623432,4
HM596352,4
HM363395,4
HM363393,4
HM363392,4
HM363391,4
HM363390,4
HM363389,4
HM363388,4
HM363387,4
HM363386,4
HM363385,4
HM363384,4
HM363383,4
HM107695,4
HM053609,4
HE974761,4
GU945458,4
GU945451,4
GU945450,4
GU945449,4
GU945448,4
GU945428,4
HM363396,4
HM363397,4
HM363398,4
HM363399,4
HM596351,4
HM596350,4
HM596349,4
HM596347,4
HM596346,4
HM596345,4
HM596344,4
HM596343,4
HM568444,4
HM623431,4
HM568443,4
HM568441,4
HM568440,4
HM566120,4
HM566117,4
HM363405,4
HM363404,4
HM363403,4
HM363402,4
HM363401,4
HM363400,4
HM568442,4
GU054367,4
GU054365,4
FN401059,4
FN401057,4
FN401052,4
FN401050,4
FN401047,4
FN401033,4
FN401032,4
FN401029,4
FN401025,4
FN401024,4
FN401022,4
FN401021,4
FN401017,4
FN401007,4
FN400998,4
FN400995,4
FN400983,4
FN400975,4
FN400973,4
FN400970,4
FN400967,4
FN401066,4
FN400965,4
FN401069,4
FN401077,4
FN401157,4
FN401154,4
FN401150,4
FN401149,4
FN401147,4
FN401146,4
FN401142,4
FN401132,4
FN401123,4
FN401120,4
FN401108,4
FN401100,4
FN401098,4
FN401095,4
FN401092,4
FN401090,4
FN401089,4
FN401088,4
FN401087,4
FN401086,4
FN401080,4
FN401072,4
FN400964,4
FN400963,4
FN400962,4
FJ872325,4
FJ872324,4
FJ872323,4
FJ872322,4
FJ872321,4
FJ872320,4
FJ872319,4
FJ872318,4
FJ872317,4
FJ872316,4
FJ872315,4
FJ872314,4
FJ872313,4
FJ872312,4
FJ872311,4
FJ872310,4
FJ872309,4
FJ872308,4
FJ872307,4
FJ872306,4
FJ872305,4
FJ872326,4
FJ872327,4
FJ890454,4
FJ890455,4
FN400961,4
FN400955,4
FN400952,4
FN398086,4
FJ948050,4
FJ890494,4
FJ890493,4
FN401158,4
FJ890490,4
FJ890489,4
FJ890488,4
FJ890487,4
FJ890461,4
FJ890460,4
FJ890459,4
FJ890457,4
FJ890456,4
FN401172,4
FN401175,4
FN401177,4
GU054338,4
GU049363,4
GU049362,4
GU049361,4
GU049360,4
GU049359,4
GU049358,4
GU049357,4
GU049356,4
GU049355,4
GU049354,4
GU049353,4
GQ985379,4
GQ985378,4
GQ985377,4
GQ985376,4
GQ985375,4
GQ985374,4
GQ985373,4
GQ985372,4
GQ985371,4
GU054339,4
GU054340,4
GU054341,4
GU054342,4
GU054364,4
GU054363,4
GU054362,4
GU054361,4
GU054360,4
GU054359,4
GU054358,4
GU054357,4
GU054356,4
GU054355,4
GQ985370,4
GU054354,4
GU054352,4
GU054351,4
GU054350,4
GU054349,4
GU054348,4
GU054347,4
GU054346,4
GU054345,4
GU054344,4
GU054343,4
GU054353,4
GU054366,4
GQ985369,4
GQ985367,4
GQ985340,4
GQ985339,4
GQ985338,4
GQ985337,4
GQ985336,4
GQ985335,4
GQ985334,4
GQ985333,4
GQ985332,4
GQ985331,4
GQ985330,4
GQ418389,4
GQ418285,4
GQ379230,4
FR850676,4
FR850668,4
FR850666,4
FN401193,4
FN401186,4
FN401185,4
FN401182,4
GQ985341,4
GQ985342,4
GQ985343,4
GQ985344,4
GQ985366,4
GQ985365,4
GQ985364,4
GQ985363,4
GQ985362,4
GQ985361,4
GQ985360,4
GQ985359,4
GQ985358,4
GQ985357,4
GQ985368,4
GQ985356,4
GQ985354,4
GQ985353,4
GQ985352,4
GQ985351,4
GQ985350,4
GQ985349,4
GQ985348,4
GQ985347,4
GQ985346,4
GQ985345,4
GQ985355,4
EF694493,4
MT893913,4
MT893912,4
MT893911,4
MT893910,4
MT893909,4
MT893908,4
MT893907,4
MT893906,4
MT893905,4
MT893904,4
MT893903,4
MT893902,4
MT893901,4
MT893900,4
MT893899,4
MT554099,4
MT542110,4
MT542107,4
MT542106,4
MT542105,4
MT542098,4
MT893914,4
MT893915,4
MT893917,4
MW205245,4
MW205243,4
MT897557,4
MT897556,4
MT897555,4
MT897554,4
MT897553,4
MT897552,4
MT897551,4
MT897550,4
MT897549,4
MT897548,4
MT897546,4
MT893924,4
MT893923,4
MT893922,4
MT893921,4
MT893920,4
MT893919,4
MT893918,4
MT893916,4
MT506503,4
MT503198,4
MT113082,4
MT113081,4
MT113080,4
MT113079,4
MT113078,4
MT113077,4
MT113076,4
MT113075,4
MT113074,4
MT113073,4
MN977333,4
MN977332,4
MN977331,4
MN977330,4
MN977329,4
MN977328,4
MN977326,4
MN895160,4
MN895159,4
MN895156,4
MN895151,4
MT113083,4
MT113084,4
MT151039,4
MT151049,4
MT503197,4
MT503196,4
MT503189,4
MT497541,4
MT482277,4
MT240929,4
MT240928,4
MT240927,4
MT240926,4
MT240925,4
MW205246,4
MT240924,4
MT151259,4
MT151239,4
MT151219,4
MT151209,4
MT151179,4
MT151159,4
MT151139,4
MT151129,4
MT151119,4
MT151059,4
MT151279,4
MW205249,4
MW205251,4
MW205412,4
MW205411,4
MW205410,4
MW205409,4
MW205408,4
MW205407,4
MW205406,4
MW205405,4
MW205404,4
MW205403,4
MW205402,4
MW205401,4
MW205400,4
MW205399,4
MW205398,4
MW205397,4
MW205396,4
MW205395,4
MW205394,4
MW205393,4
MW205392,4
MW205413,4
MW205391,4
MW205414,4
MW221798,4
MW715689,4
MW675800,4
MW675799,4
MW675798,4
MW675797,4
MW629118,4
MW531222,4
MW330425,4
MW330424,4
MW330423,4
MW330417,4
MW330416,4
MW323110,4
MW323073,4
MW221818,4
MW221817,4
MW221809,4
MW221800,4
MW221799,4
MW221786,4
MW205390,4
MW205389,4
MW205388,4
MW205291,4
MW205290,4
MW205289,4
MW205283,4
MW205280,4
MW205276,4
MW205275,4
MW205274,4
MW205273,4
MW205272,4
MW205268,4
MW205267,4
MW205266,4
MW205265,4
MW205261,4
MW205260,4
MW205259,4
MW205258,4
MW205257,4
MW205256,4
MW205253,4
MW205294,4
MW205295,4
MW205296,4
MW205299,4
MW205387,4
MW205386,4
MW205385,4
MW205384,4
MW205383,4
MW205382,4
MW205381,4
MW205380,4
MW205379,4
MW205378,4
MW205377,4
MW205360,4
MW205315,4
MW205310,4
MW205307,4
MW205306,4
MW205305,4
MW205304,4
MW205303,4
MW205302,4
MW205301,4
MW205376,4
MN895149,4
MN895146,4
MN895145,4
MN316969,4
MN316968,4
MN316967,4
MN316966,4
MN316965,4
MN316964,4
MN316963,4
MN316962,4
MN316961,4
MN316960,4
MN316959,4
MN316958,4
MN316957,4
MN316956,4
MN316955,4
MN316954,4
MN316953,4
MN316952,4
MN316951,4
MN316950,4
MN316949,4
MN316970,4
MN316948,4
MN316971,4
MN316973,4
MN316994,4
MN316993,4
MN316992,4
MN316991,4
MN316990,4
MN316989,4
MN316988,4
MN316987,4
MN316986,4
MN316985,4
MN316984,4
MN316983,4
MN316982,4
MN316980,4
MN316977,4
MN316975,4
MN316974,4
MN316972,4
MN316947,4
MN316946,4
MN316945,4
MK962430,4
MK962429,4
MK962428,4
MK962427,4
MK962426,4
MK962425,4
MK962424,4
MK962419,4
MK962418,4
MK962417,4
MK962415,4
MK962413,4
MK962412,4
MK962411,4
MK962410,4
MK962409,4
MK962408,4
MK962407,4
MK962406,4
MK962405,4
MK962400,4
MK962431,4
MK962432,4
MK962434,4
MK962435,4
MN316943,4
MN316942,4
MN316941,4
MN147393,4
MN147392,4
MN316995,4
MN068035,4
MN068033,4
MN068032,4
MN068031,4
MN026691,4
MK984714,4
MK984706,4
MK962441,4
MK962438,4
MK962437,4
MK962436,4
MN068034,4
MN316996,4
MN316997,4
MN316998,4
MN697791,4
MN697746,4
MN596345,4
MN596344,4
MN596342,4
MN596340,4
MN596339,4
MN596337,4
MN596336,4
MN596334,4
MN596332,4
MN596327,4
MN697812,4
MN697840,4
MN697852,4
MN697853,4
MN895144,4
MN895143,4
MN895140,4
MN895128,4
MN895116,4
MN895111,4
MN895095,4
MN895094,4
MN596326,4
MN895091,4
MN895090,4
MN895089,4
MN895086,4
MN782310,4
MN782309,4
MW927610,4
MN317019,4
MN317018,4
MN317017,4
MN317016,4
MN317015,4
MN317014,4
MN317013,4
MN317012,4
MN317011,4
MN317010,4
MN317009,4
MN317008,4
MN317007,4
MN317006,4
MN317005,4
MN317004,4
MN317003,4
MN317002,4
MN317001,4
MN317000,4
MN316999,4
MN317021,4
MN317023,4
MN596322,4
MN596321,4
MN596320,4
MN596319,4
MN596318,4
MN596317,4
MN596316,4
MN596315,4
MN596314,4
MN596313,4
MN596312,4
MN596310,4
MN596309,4
MN596308,4
MN596307,4
MN596306,4
MN317028,4
MN317027,4
MN317026,4
MN317025,4
MN317024,4
MN596311,4
MK962399,4
MW927622,4
MW927632,4
ON630898,4
ON630897,4
ON630896,4
ON630895,4
ON630894,4
ON630893,4
ON630892,4
ON630891,4
ON630890,4
ON630889,4
ON630888,4
ON630887,4
ON630886,4
ON630885,4
ON630884,4
ON630883,4
ON630882,4
ON630881,4
ON630880,4
ON630879,4
ON630878,4
ON630899,4
ON630877,4
ON630900,4
ON951661,4
OQ343093,4
OQ343091,4
OQ343090,4
OQ343084,4
OQ343079,4
OQ343070,4
OQ343060,4
OQ296089,4
OQ296082,4
OQ296072,4
OQ029380,4
OQ029379,4
OP555745,4
OP555744,4
OP555743,4
OP555742,4
OP555741,4
OP555740,4
OP555739,4
ON951663,4
ON951662,4
ON951660,4
ON630876,4
ON630875,4
ON630874,4
OM884446,4
OM884445,4
OM884444,4
OM884443,4
OM884442,4
OM884441,4
OM884440,4
OM884439,4
OM884438,4
OM884437,4
OM884436,4
OM884435,4
OM884434,4
OM884433,4
OM884432,4
OM884431,4
OM884430,4
OM884429,4
OM884428,4
OM884427,4
OM884426,4
OM884447,4
OM884448,4
OM884449,4
OM884450,4
ON630873,4
ON630872,4
ON630871,4
ON630870,4
ON623878,4
ON506819,4
ON506818,4
ON506817,4
ON506808,4
ON506801,4
OQ343097,4
ON506799,4
ON506793,4
ON506781,4
ON506778,4
ON506759,4
ON506757,4
ON506754,4
ON123720,4
ON123713,4
ON093995,4
ON093989,4
ON506796,4
OM884425,4
OQ343107,4
OQ343116,4
X78866,4
X78865,4
X58953,4
X58952,4
U94724,4
U81284,4
U51774,4
U51760,4
U51749,4
U50858,4
U50857,4
U50856,4
U50855,4
U50854,4
U50853,4
U50852,4
U50851,4
U50766,4
U33436,4
U33432,4
U31256,4
Y11604,4
U31255,4
Z29465,4
Z29467,4
AB444480,4
Z74576,4
Z74556,4
Z74553,4
Z74536,4
Z70494,4
Z70482,4
Z70456,4
Z70440,4
Z70418,4
Z70393,4
Z35558,4
Z35549,4
Z35547,4
Z35536,4
Z35534,4
Z35503,4
Z35502,4
Z29469,4
Z29468,4
Z29466,4
U31254,4
U10240,4
U10239,4
OR265497,4
OR265495,4
OQ343336,4
OQ343306,4
OQ343303,4
OQ343283,4
OQ343277,4
OQ343276,4
OQ343239,4
OQ343232,4
OQ343223,4
OQ343202,4
OQ343149,4
OQ343142,4
OQ343121,4
U10238,4
U10237,4
U10236,4
U10235,4
U10192,4
U05025,4
U05024,4
U05023,4
S73421,4
S73404,4
OQ343114,4
S73403,4
OR265511,4
OR265509,4
OM884424,4
OM884423,4
OK001616,4
OK001615,4
OK001614,4
OK001613,4
OK001612,4
OK001611,4
OK001610,4
OK001608,4
OK001607,4
OK001606,4
OK001605,4
OK001604,4
OK001603,4
OK001602,4
OK001601,4
OK001600,4
OK001599,4
OK001598,4
OK001597,4
OK001596,4
OK001595,4
OK001617,4
OK001618,4
OK001620,4
OK001643,4
OK001642,4
OK001641,4
OK001640,4
OK001639,4
OK001638,4
OK001637,4
OK001636,4
OK001635,4
OK001634,4
OK001633,4
OK001632,4
OK001631,4
OK001629,4
OK001628,4
OK001627,4
OK001625,4
OK001624,4
OK001623,4
OK001622,4
OK001621,4
OK001619,4
MZ418148,4
MZ327752,4
MZ322083,4
MZ131602,4
MZ131601,4
MZ131600,4
MZ131599,4
MZ131598,4
MZ131597,4
MZ131596,4
MZ131595,4
MZ131594,4
MZ131593,4
MZ131592,4
MZ131591,4
MZ131590,4
MZ131589,4
MW927698,4
MW927697,4
MW927694,4
MW927687,4
MW927664,4
MW927648,4
MW927641,4
MZ131603,4
MZ131604,4
MZ131605,4
MZ131606,4
MZ131628,4
MZ131627,4
MZ131626,4
MZ131625,4
MZ131624,4
MZ131623,4
MZ131622,4
MZ131621,4
MZ131620,4
MZ131619,4
OK001644,4
MZ131618,4
MZ131616,4
MZ131615,4
MZ131614,4
MZ131613,4
MZ131612,4
MZ131611,4
MZ131610,4
MZ131609,4
MZ131608,4
MZ131607,4
MZ131617,4
OK001645,4
OK180963,4
OK180964,4
OM884390,4
OM884389,4
OM884388,4
OM884387,4
OM884386,4
OM884385,4
OM884384,4
OM884383,4
OM884382,4
OM884381,4
OM884379,4
OM884378,4
OM884377,4
OM884376,4
OM884375,4
OM884374,4
OM884373,4
OM884372,4
OM884371,4
OM884370,4
OM884368,4
OM884391,4
OM884393,4
OM884394,4
OM884395,4
OM884421,4
OM884420,4
OM884419,4
OM884418,4
OM884417,4
OM884415,4
OM884414,4
OM884412,4
OM884411,4
OM884410,4
OM884367,4
OM884409,4
OM884406,4
OM884405,4
OM884404,4
OM884403,4
OM884402,4
OM884399,4
OM884398,4
OM884397,4
OM884396,4
OM884408,4
MW927623,4
OM884366,4
OM884364,4
OM884334,4
OM884333,4
OM884332,4
OM884330,4
OM884329,4
OM884328,4
OM884327,4
OM884326,4
OM884325,4
OM884324,4
OM884323,4
OM884322,4
OM884321,4
OM884320,4
OM884319,4
OM884318,4
OM884317,4
OK180968,4
OK180967,4
OK180966,4
OK180965,4
OM884335,4
OM884336,4
OM884337,4
OM884338,4
OM884363,4
OM884362,4
OM884361,4
OM884360,4
OM884359,4
OM884357,4
OM884356,4
OM884355,4
OM884354,4
OM884353,4
OM884365,4
OM884352,4
OM884350,4
OM884349,4
OM884347,4
OM884346,4
OM884345,4
OM884344,4
OM884343,4
OM884342,4
OM884341,4
OM884339,4
OM884351,4
MK962398,4
MK962397,4
MK962396,4
MH378157,4
MH378156,4
MH378155,4
MH378154,4
MH378153,4
MH378152,4
MH378151,4
MH378150,4
MH378149,4
MH378148,4
MH378146,4
MH378145,4
MH378144,4
MH378143,4
MH378142,4
MH378141,4
MH378140,4
MH378139,4
MH378138,4
MH378137,4
MH378158,4
MH378136,4
MH380035,4
MH380037,4
MH477312,4
MH477311,4
MH477310,4
MH477309,4
MH477308,4
MH477307,4
MH477306,4
MH477305,4
MH477304,4
MH477303,4
MH477302,4
MH477301,4
MH380048,4
MH380047,4
MH380046,4
MH380044,4
MH380043,4
MH380042,4
MH380041,4
MH380039,4
MH380038,4
MH380036,4
MH378135,4
MH378134,4
MH378133,4
MG983354,4
MG983350,4
MG983343,4
MG983339,4
MG983338,4
MG983328,4
MG983310,4
MG983306,4
MG983305,4
MG983304,4
MG983300,4
MG983294,4
MG983292,4
MG983284,4
MG983280,4
MG983273,4
MG983271,4
MG983269,4
MG983264,4
MG983256,4
MG983240,4
MG983369,4
MG983372,4
MG983374,4
MG983379,4
MH378132,4
MH378131,4
MH378130,4
MH378129,4
MH378128,4
MH378127,4
MH119606,4
MG983474,4
MG983468,4
MG983463,4
MH477313,4
MG983460,4
MG983425,4
MG983410,4
MG983409,4
MG983408,4
MG983401,4
MG983400,4
MG983394,4
MG983386,4
MG983382,4
MG983381,4
MG983438,4
MG983238,4
MH477314,4
MH477316,4
MH607649,4
MH477426,4
MH477424,4
MH477414,4
MH477413,4
MH477412,4
MH477411,4
MH477410,4
MH477409,4
MH477408,4
MH477407,4
MH477406,4
MH477405,4
MH477404,4
MH477403,4
MH477402,4
MH477401,4
MH477400,4
MH477399,4
MH477398,4
MH477397,4
MH607650,4
MH477396,4
MH607651,4
MH607653,4
MH607674,4
MH607673,4
MH607672,4
MH607671,4
MH607670,4
MH607669,4
MH607668,4
MH607667,4
MH607666,4
MH607665,4
MH607664,4
MH607663,4
MH607662,4
MH607661,4
MH607660,4
MH607659,4
MH607658,4
MH607657,4
MH607656,4
MH607655,4
MH607654,4
MH607652,4
MH477395,4
MH477394,4
MH477393,4
MH477340,4
MH477339,4
MH477337,4
MH477336,4
MH477335,4
MH477334,4
MH477333,4
MH477331,4
MH477329,4
MH477328,4
MH477327,4
MH477326,4
MH477325,4
MH477324,4
MH477323,4
MH477322,4
MH477321,4
MH477320,4
MH477319,4
MH477318,4
MH477317,4
MH477342,4
MH477343,4
MH477369,4
MH477370,4
MH477392,4
MH477391,4
MH477390,4
MH477389,4
MH477388,4
MH477387,4
MH477386,4
MH477385,4
MH477384,4
MH477383,4
MH477315,4
MH477382,4
MH477380,4
MH477379,4
MH477378,4
MH477377,4
MH477376,4
MH477375,4
MH477374,4
MH477373,4
MH477372,4
MH477371,4
MH477381,4
MG983229,4
MG983222,4
MG776222,4
L29600,4
L29599,4
L29598,4
L29597,4
L29596,4
L29595,4
L29594,4
L29592,4
L29591,4
L29590,4
L29589,4
L29587,4
L28058,4
L23470,4
L23469,4
L16678,4
L16677,4
L16656,4
L16653,4
L29601,4
L16652,4
L29602,4
L29604,4
L29625,4
L29624,4
L29623,4
L29622,4
L29621,4
L29620,4
L29619,4
L29618,4
L29617,4
L29616,4
L29614,4
L29613,4
L29612,4
L29611,4
L29610,4
L29609,4
L29607,4
L29606,4
L29605,4
L29603,4
L08164,4
L08163,4
L08162,4
KY440034,4
L08161,4
L08155,4
L08154,4
L08153,4
L08152,4
L08151,4
L08150,4
L08149,4
L08148,4
L29626,4
L08146,4
L08144,4
L08142,4
L08141,4
L08138,4
KY440039,4
L29627,4
L29628,4
L29629,4
MG000210,4
MG000209,4
MG000208,4
MG000207,4
MG000206,4
MG000205,4
MG000204,4
MG000203,4
MG000202,4
MG000201,4
MG000200,4
MG000199,4
MG000198,4
MG000197,4
MG000196,4
MG000195,4
MG000194,4
MG000193,4
MG000192,4
MG000191,4
MG000190,4
MG000211,4
MG000212,4
MG000213,4
MG000214,4
MG764159,4
MG000235,4
MG000234,4
MG000233,4
MG000232,4
MG000231,4
MG000230,4
MG000229,4
MG000228,4
MG000227,4
MG000189,4
MG000226,4
MG000224,4
MG000223,4
MG000222,4
MG000221,4
MG000220,4
MG000219,4
MG000218,4
MG000217,4
MG000216,4
MG000215,4
MG000225,4
MH607675,4
MG000188,4
MG000186,4
LC368356,4
L78841,4
L44603,4
L44597,4
L39318,4
L39316,4
L39315,4
L39314,4
L39310,4
L39303,4
L39284,4
L39282,4
L38376,4
L38370,4
L38338,4
L38332,4
L38323,4
L36440,4
L36439,4
L36438,4
L36437,4
LC368357,4
LC368414,4
LN845864,4
M84822,4
MG000185,4
MG000184,4
MG000183,4
MG000182,4
MG000181,4
MG000180,4
MG000179,4
MG000178,4
MG000177,4
MG000176,4
MG000187,4
MG000175,4
MG000173,4
MG000172,4
MG000171,4
MG000170,4
M84862,4
M84848,4
M84845,4
M84829,4
M84828,4
MG000174,4
MH607676,4
MH607677,4
MH607678,4
MK950032,4
MK950031,4
MK950030,4
MK950029,4
MK950028,4
MK950027,4
MK950026,4
MK950025,4
MK950024,4
MK950023,4
MK950022,4
MK950021,4
MK950020,4
MK950019,4
MK950018,4
MK950017,4
MK950016,4
MK950015,4
MK950014,4
MK950013,4
MK950012,4
MK950033,4
MK950011,4
MK950034,4
MK950036,4
MK950057,4
MK950056,4
MK950055,4
MK950054,4
MK950053,4
MK950052,4
MK950051,4
MK950050,4
MK950049,4
MK950047,4
MK950046,4
MK950045,4
MK950044,4
MK950043,4
MK950042,4
MK950041,4
MK950040,4
MK950039,4
MK950038,4
MK950037,4
MK950035,4
MK950010,4
MK950009,4
MK950008,4
MK170232,4
MK170224,4
MK170221,4
MK170218,4
MK170210,4
MK170208,4
MK118745,4
MK118737,4
MK093754,4
MH885777,4
MH885776,4
MH885775,4
MH885774,4
MH885773,4
MH885772,4
MH885771,4
MH885770,4
MH885769,4
MK185637,4
MK185638,4
MK185639,4
MK185640,4
MK950007,4
MK950006,4
MK950005,4
MK950004,4
MK950003,4
MK950002,4
MK950001,4
MK950000,4
MK816411,4
MK799639,4
MK950058,4
MK616424,4
MK612038,4
MK612037,4
MK392630,4
MK392629,4
MK185646,4
MK185645,4
MK185644,4
MK185643,4
MK185642,4
MK185641,4
MK612039,4
MK950059,4
MK950133,4
MK950132,4
MK950131,4
MK950130,4
MK950129,4
MK950128,4
MK950127,4
MK950126,4
MK950125,4
MK950123,4
MK950122,4
MK950121,4
MK950120,4
MK950119,4
MK950118,4
MK950117,4
MK950116,4
MK950115,4
MK950114,4
MK950113,4
MK950135,4
MK950136,4
MK950137,4
MK962395,4
MK962393,4
MK962392,4
MK962391,4
MK962390,4
MK962389,4
MK962388,4
MK962387,4
MK962386,4
MK962385,4
MK950112,4
MK950149,4
MK950147,4
MK950146,4
MK950145,4
MK950144,4
MK950143,4
MK950139,4
MK950138,4
MK950148,4
MH885768,4
MK950111,4
MK950109,4
MK950082,4
MK950081,4
MK950079,4
MK950078,4
MK950077,4
MK950076,4
MK950075,4
MK950074,4
MK950072,4
MK950071,4
MK950070,4
MK950069,4
MK950068,4
MK950067,4
MK950066,4
MK950065,4
MK950064,4
MK950063,4
MK950062,4
MK950083,4
MK950084,4
MK950085,4
MK950086,4
MK950108,4
MK950107,4
MK950106,4
MK950105,4
MK950104,4
MK950103,4
MK950102,4
MK950100,4
MK950099,4
MK950110,4
MK950094,4
MK950093,4
MK950091,4
MK950090,4
MK950089,4
MK950088,4
MK950087,4
MK950097,4
MH885767,4
MH885710,4
MH607750,4
MH607749,4
MH607748,4
MH607747,4
MH607746,4
MH607745,4
MH607744,4
MH607743,4
MH607742,4
MH607741,4
MH607740,4
MH607739,4
MH607738,4
MH607737,4
MH607736,4
MH607735,4
MH607734,4
MH607733,4
MH607732,4
MH607731,4
MH607730,4
MH607751,4
MH607729,4
MH607752,4
MH607754,4
MH607775,4
MH607774,4
MH607773,4
MH607772,4
MH607771,4
MH607770,4
MH607769,4
MH607768,4
MH607767,4
MH607766,4
MH607765,4
MH607764,4
MH607763,4
MH607762,4
MH607761,4
MH607760,4
MH607759,4
MH607758,4
MH607757,4
MH607756,4
MH607755,4
MH607753,4
MH607727,4
MH607726,4
MH607699,4
MH607698,4
MH607697,4
MH607696,4
MH607695,4
MH607694,4
MH607693,4
MH607692,4
MH607691,4
MH607690,4
MH607689,4
MH607688,4
MH607687,4
MH607685,4
MH607684,4
MH607683,4
MH607682,4
MH607681,4
MH607680,4
MH607679,4
MH607700,4
MH607701,4
MH607702,4
MH607703,4
MH607725,4
MH607724,4
MH607723,4
MH607722,4
MH607721,4
MH607720,4
MH607719,4
MH607718,4
MH607717,4
MH607716,4
MH607776,4
MH607715,4
MH607713,4
MH607712,4
MH607711,4
MH607710,4
MH607709,4
MH607708,4
MH607707,4
MH607706,4
MH607705,4
MH607714,4
MH607777,4
MH607778,4
MH607779,4
MH742367,4
MH742366,4
MH742365,4
MH742364,4
MH742363,4
MH742362,4
MH742361,4
MH742360,4
MH607843,4
MH607842,4
MH607841,4
MH607840,4
MH607839,4
MH607838,4
MH607837,4
MH607836,4
MH607835,4
MH607834,4
MH607833,4
MH607832,4
MH607831,4
MH742368,4
MH742369,4
MH742370,4
MH742371,4
MH885709,4
MH885708,4
MH885707,4
MH885696,4
MH885692,4
MH885691,4
MH885690,4
MH607830,4
MH885687,4
MH885685,4
MH885684,4
MH885683,4
MH885682,4
MH885681,4
MH885679,4
MH743151,4
MH743149,4
MH885686,4
MH885766,4
MH607829,4
MH607827,4
MH607800,4
MH607799,4
MH607798,4
MH607797,4
MH607796,4
MH607795,4
MH607794,4
MH607793,4
MH607792,4
MH607791,4
MH607790,4
MH607789,4
MH607788,4
MH607787,4
MH607786,4
MH607785,4
MH607784,4
MH607783,4
MH607782,4
MH607781,4
MH607780,4
MH607801,4
MH607802,4
MH607803,4
MH607804,4
MH607826,4
MH607825,4
MH607824,4
MH607823,4
MH607822,4
MH607821,4
MH607820,4
MH607819,4
MH607818,4
MH607817,4
MH607828,4
MH607816,4
MH607814,4
MH607813,4
MH607812,4
MH607811,4
MH607810,4
MH607809,4
MH607808,4
MH607807,4
MH607806,4
MH607805,4
MH607815,4
EF694492,4
HM363394,4
EF694490,4
AY743068,4
AY743067,4
AY743066,4
AY743065,4
AY743064,4
AY743063,4
AY743062,4
AY743061,4
AY743060,4
AY743059,4
AY743058,4
AY743057,4
AY743056,4
AY743055,4
AY743054,4
AY743053,4
AY743052,4
AY743051,4
AY743050,4
AY743049,4
AY743048,4
AY743069,4
AY743047,4
AY743070,4
AY743072,4
AY743093,4
AY743092,4
AY743091,4
AY743090,4
AY743089,4
AY743088,4
AY743087,4
AY743086,4
AY743085,4
AY743084,4
AY743083,4
AY743082,4
AY743081,4
AY743080,4
AY743079,4
AY743078,4
AY743077,4
AY743076,4
AY743075,4
AY743074,4
AY743073,4
AY743071,4
AY743046,4
AY743045,4
AY743044,4
AY743016,4
AY743015,4
AY743014,4
AY743013,4
AY743012,4
AY743009,4
AY743008,4
AY743007,4
AY743006,4
AY743005,4
AY743004,4
AY743003,4
AY743002,4
AY743001,4
AY743000,4
AY742999,4
AY742998,4
AY742997,4
AY742996,4
AY742995,4
AY742994,4
AY743017,4
AY743018,4
AY743019,4
AY743020,4
AY743043,4
AY743042,4
AY743041,4
AY743040,4
AY743039,4
AY743038,4
AY743037,4
AY743036,4
AY743035,4
AY743034,4
AY743094,4
AY743032,4
AY743030,4
AY743029,4
AY743028,4
AY743027,4
AY743026,4
AY743025,4
AY743024,4
AY743023,4
AY743022,4
AY743021,4
AY743031,4
AY742993,4
AY743095,4
AY743097,4
AY743169,4
AY743168,4
AY743167,4
AY743166,4
AY743165,4
AY743164,4
AY743163,4
AY743162,4
AY743161,4
AY743160,4
AY743159,4
AY743158,4
AY743157,4
AY743156,4
AY743155,4
AY743154,4
AY743153,4
AY743152,4
AY743151,4
AY743150,4
AY743149,4
AY743170,4
AY743148,4
AY743171,4
AY743173,4
AY743194,4
AY743193,4
AY743192,4
AY743191,4
AY743190,4
AY743189,4
AY743188,4
AY743187,4
AY743186,4
AY743185,4
AY743184,4
AY743183,4
AY743182,4
AY743181,4
AY743180,4
AY743179,4
AY743178,4
AY743177,4
AY743176,4
AY743175,4
AY743174,4
AY743172,4
AY743147,4
AY743146,4
AY743145,4
AY743118,4
AY743117,4
AY743116,4
AY743115,4
AY743114,4
AY743113,4
AY743112,4
AY743111,4
AY743110,4
AY743109,4
AY743108,4
AY743107,4
AY743106,4
AY743105,4
AY743104,4
AY743103,4
AY743102,4
AY743101,4
AY743100,4
AY743099,4
AY743098,4
AY743119,4
AY743120,4
AY743121,4
AY743122,4
AY743144,4
AY743143,4
AY743142,4
AY743141,4
AY743140,4
AY743139,4
AY743138,4
AY743137,4
AY743136,4
AY743135,4
AY743096,4
AY743134,4
AY743132,4
AY743131,4
AY743130,4
AY743129,4
AY743128,4
AY743127,4
AY743126,4
AY743125,4
AY743124,4
AY743123,4
AY743133,4
AY742992,4
AY742990,4
AY742989,4
AY632217,4
AY632216,4
AY632215,4
AY632214,4
AY632213,4
AY632212,4
AY632211,4
AY632210,4
AY632209,4
AY632208,4
AY632207,4
AY632206,4
AY632205,4
AY632204,4
AY632203,4
AY632202,4
AY632201,4
AY632200,4
AY632199,4
AY632198,4
AY632197,4
AY632218,4
AY632196,4
AY632219,4
AY632221,4
AY653994,4
AY653993,4
AY653992,4
AY653991,4
AY632238,4
AY632237,4
AY632236,4
AY632235,4
AY632234,4
AY632233,4
AY632232,4
AY632231,4
AY632230,4
AY632229,4
AY632228,4
AY632227,4
AY632226,4
AY632225,4
AY632224,4
AY632223,4
EF694491,4
AY632220,4
AY632195,4
AY632194,4
AY632193,4
AY624965,4
AY624964,4
AY624963,4
AY624962,4
AY624961,4
AY624960,4
AY624959,4
AY624958,4
AY624957,4
AY624956,4
AY597257,4
AY577586,4
AY577585,4
AY577584,4
AY577583,4
AY577582,4
AY577581,4
AY577580,4
AY577579,4
AY577578,4
AY548737,4
AY624966,4
AY624967,4
AY624968,4
AY624969,4
AY632192,4
AY632191,4
AY632153,4
AY629530,4
AY624986,4
AY624985,4
AY624984,4
AY624983,4
AY624982,4
AY653995,4
AY624981,4
AY624979,4
AY624978,4
AY624977,4
AY624976,4
AY624975,4
AY624974,4
AY624973,4
AY624972,4
AY624971,4
AY624970,4
AY624980,4
AY653996,4
AY653997,4
AY653998,4
AY707634,4
AY707633,4
AY707632,4
AY707631,4
AY707630,4
AY707629,4
AY707628,4
AY707627,4
AY707626,4
AY707625,4
AY707624,4
AY707623,4
AY707000,4
AY706999,4
AY706997,4
AY706996,4
AY685052,4
AY685047,4
AY685045,4
AY707636,4
AY707637,4
AY742960,4
AY742962,4
AY742988,4
AY742987,4
AY742986,4
AY742984,4
AY742983,4
AY742982,4
AY742981,4
AY742980,4
AY742979,4
AY742978,4
AY685042,4
AY742977,4
AY742975,4
AY742974,4
AY742973,4
AY742972,4
AY742970,4
AY742969,4
AY742968,4
AY742967,4
AY742966,4
AY742965,4
AY742976,4
AY743195,4
AY685039,4
AY685032,4
AY673099,4
AY673098,4
AY673097,4
AY673096,4
AY673095,4
AY673094,4
AY673093,4
AY673092,4
AY673091,4
AY673090,4
AY673089,4
AY673088,4
AY673087,4
AY673086,4
AY673085,4
AY673084,4
AY673083,4
AY673082,4
AY673081,4
AY673080,4
AY661552,4
AY673100,4
AY673101,4
AY673102,4
AY673103,4
AY685031,4
AY685030,4
AY685028,4
AY685027,4
AY685025,4
AY685024,4
AY685023,4
AY685021,4
AY685020,4
AY685017,4
AY685038,4
AY685016,4
AY685013,4
AY685012,4
AY673111,4
AY673110,4
AY673109,4
AY673108,4
AY673107,4
AY673106,4
AY673105,4
AY673104,4
AY685014,4
AY548736,4
AY743196,4
AY743198,4
AY767536,4
AY767534,4
AY767529,4
AY767524,4
AY767523,4
AY767522,4
AY767519,4
AY767513,4
AY767509,4
AY767507,4
AY767506,4
AY767505,4
AY767504,4
AY767501,4
AY767500,4
AY767489,4
AY767486,4
AY767479,4
AY767478,4
AY767477,4
AY767464,4
AY767537,4
AY767463,4
AY767542,4
AY767554,4
AY767867,4
AY767833,4
AY767832,4
AY767815,4
AY767788,4
AY767753,4
AY767744,4
AY767740,4
AY767690,4
AY767665,4
AY767662,4
AY767661,4
AY767604,4
AY767603,4
AY767594,4
AY767582,4
AY767581,4
AY767576,4
AY767574,4
AY767569,4
AY767566,4
AY767548,4
AY767461,4
AY767456,4
AY767452,4
AY767280,4
AY767278,4
AY767277,4
AY767275,4
AY767274,4
AY767273,4
AY767272,4
AY767265,4
AY767253,4
AY767246,4
AY767243,4
AY767242,4
AY767235,4
AY767228,4
AY767227,4
AY767207,4
AY767191,4
AY767177,4
AY767165,4
AY767124,4
AY767115,4
AY767293,4
AY767309,4
AY767331,4
AY767337,4
AY767450,4
AY767446,4
AY767441,4
AY767431,4
AY767426,4
AY767421,4
AY767408,4
AY767407,4
AY767404,4
AY767402,4
AY767875,4
AY767397,4
AY767384,4
AY767378,4
AY767376,4
AY767374,4
AY767371,4
AY767369,4
AY767362,4
AY767351,4
AY767343,4
AY767341,4
AY767392,4
AY767107,4
AY767880,4
AY767893,4
AY838805,4
AY838804,4
AY787785,4
AY786498,4
AY786497,4
AY786496,4
AY786495,4
AY786494,4
AY786493,4
AY786492,4
AY786491,4
AY786490,4
AY786489,4
AY786488,4
AY786487,4
AY786486,4
AY786485,4
AY786484,4
AY786483,4
AY786482,4
AY786481,4
AY838806,4
AY786480,4
AY838807,4
AY838809,4
AY936015,4
AY936011,4
AY936006,4
AY936005,4
AY936001,4
AY935999,4
AY902787,4
AY902785,4
AY902783,4
AY902782,4
AY902780,4
AY838816,4
AY838815,4
AY838814,4
AY838813,4
AY838812,4
AY838811,4
AY838810,4
AY838808,4
AY786479,4
AY786478,4
AY786477,4
AY768131,4
AY768119,4
AY768091,4
AY768084,4
AY768077,4
AY768076,4
AY768075,4
AY768074,4
AY768072,4
AY768055,4
AY768046,4
AY768036,4
AY768019,4
AY768010,4
AY768000,4
AY767979,4
AY767953,4
AY767944,4
AY767943,4
AY767920,4
AY767919,4
AY768135,4
AY768144,4
AY768150,4
AY768161,4
AY786476,4
AY786475,4
AY768355,4
AY768344,4
AY768338,4
AY768321,4
AY768315,4
AY768288,4
AY768281,4
AY768280,4
AY767889,4
AY768276,4
AY768230,4
AY768220,4
AY768206,4
AY768204,4
AY768197,4
AY768192,4
AY768191,4
AY768175,4
AY768170,4
AY768163,4
AY768231,4
AY767105,4
AY767100,4
AY767097,4
AY766594,4
AY766592,4
AY766591,4
AY766590,4
AY766589,4
AY766588,4
AY766586,4
AY766585,4
AY766584,4
AY766583,4
AY766582,4
AY766581,4
AY766573,4
AY766572,4
AY766571,4
AY766570,4
AY766569,4
AY766563,4
AY766562,4
AY766558,4
AY766557,4
AY766595,4
AY766556,4
AY766597,4
AY766604,4
AY766666,4
AY766657,4
AY766655,4
AY766653,4
AY766649,4
AY766640,4
AY766639,4
AY766638,4
AY766636,4
AY766635,4
AY766634,4
AY766629,4
AY766626,4
AY766625,4
AY766623,4
AY766622,4
AY766620,4
AY766617,4
AY766616,4
AY766609,4
AY766607,4
AY766601,4
AY766554,4
AY766553,4
AY766551,4
AY766501,4
AY766500,4
AY766499,4
AY766498,4
AY743215,4
AY743214,4
AY743213,4
AY743212,4
AY743211,4
AY743210,4
AY743209,4
AY743208,4
AY743207,4
AY743206,4
AY743205,4
AY743204,4
AY743203,4
AY743202,4
AY743201,4
AY743200,4
AY743199,4
AY766502,4
AY766503,4
AY766504,4
AY766505,4
AY766550,4
AY766548,4
AY766542,4
AY766538,4
AY766537,4
AY766533,4
AY766532,4
AY766528,4
AY766670,4
AY766525,4
AY766515,4
AY766514,4
AY766513,4
AY766512,4
AY766511,4
AY766510,4
AY766509,4
AY766508,4
AY766507,4
AY766506,4
AY766523,4
AY766671,4
AY766676,4
AY766933,4
AY766931,4
AY766924,4
AY766922,4
AY766920,4
AY766919,4
AY766910,4
AY766903,4
AY766901,4
AY766900,4
AY766897,4
AY766893,4
AY766892,4
AY766891,4
AY766888,4
AY766885,4
AY766879,4
AY766874,4
AY766870,4
AY766868,4
AY766865,4
AY766934,4
AY766941,4
AY766949,4
AY766959,4
AY767079,4
AY767071,4
AY767070,4
AY767065,4
AY767046,4
AY767036,4
AY767029,4
AY767008,4
AY767004,4
AY767003,4
AY766858,4
AY767001,4
AY766996,4
AY766991,4
AY766989,4
AY766988,4
AY766981,4
AY766975,4
AY766973,4
AY766967,4
AY766964,4
AY766962,4
AY767000,4
AY743197,4
AY766857,4
AY766852,4
AY766738,4
AY766737,4
AY766728,4
AY766725,4
AY766723,4
AY766720,4
AY766718,4
AY766717,4
AY766713,4
AY766704,4
AY766702,4
AY766701,4
AY766696,4
AY766694,4
AY766691,4
AY766686,4
AY766683,4
AY766680,4
AY766679,4
AY766678,4
AY766677,4
AY766744,4
AY766749,4
AY766750,4
AY766755,4
AY766846,4
AY766843,4
AY766838,4
AY766834,4
AY766829,4
AY766828,4
AY766821,4
AY766818,4
AY766814,4
AY766812,4
AY766854,4
AY766810,4
AY766806,4
AY766805,4
AY766800,4
AY766798,4
AY766792,4
AY766782,4
AY766780,4
AY766775,4
AY766774,4
AY766757,4
AY766807,4
AY548735,4
AY548734,4
AY548733,4
AJ002819,4
AJ002818,4
AJ002817,4
AJ002816,4
AJ002762,4
AJ002761,4
AJ002760,4
AJ002759,4
AJ002758,4
AJ002757,4
AJ002756,4
AJ002755,4
AJ002754,4
AJ002753,4
AJ002752,4
AJ002751,4
AF527804,4
AF516057,4
AF516056,4
AF516055,4
AF516054,4
AJ002820,4
AF516053,4
AJ002821,4
AJ002823,4
AJ231464,4
AJ231463,4
AJ231462,4
AJ231461,4
AJ231460,4
AJ231458,4
AJ231457,4
AJ006325,4
AJ002833,4
AJ002832,4
AJ002831,4
AJ002830,4
AJ002829,4
AJ002828,4
AJ002827,4
AJ002826,4
AJ002825,4
AJ002824,4
AJ002822,4
AF515975,4
AF515974,4
AF515948,4
AF271883,4
AF271882,4
AF271881,4
AF271880,4
AF271879,4
AF271878,4
AF271877,4
AF271876,4
AF271875,4
AF271874,4
AF271873,4
AF271872,4
AF271871,4
AF271870,4
AF271869,4
AF271868,4
AF271867,4
AF271866,4
AF271865,4
AF271864,4
AF271863,4
AF271884,4
AF271885,4
AF271886,4
AF271887,4
AF515947,4
AF515946,4
AF515945,4
AF515944,4
AF515866,4
AF515865,4
AF488372,4
AF488371,4
AF463490,4
AF463489,4
AJ231465,4
AF462306,4
AF388477,4
AF308580,4
AF308579,4
AF308578,4
AF308577,4
AF308576,4
AF308575,4
AF308574,4
AF308573,4
AF271891,4
AF462305,4
AF271862,4
AJ231466,4
AJ231484,4
AJ581483,4
AJ401101,4
AJ401100,4
AJ401099,4
AJ401098,4
AJ401097,4
AJ401096,4
AJ401095,4
AJ401094,4
AJ291294,4
AJ291293,4
AJ291292,4
AJ291291,4
AJ291290,4
AJ291289,4
AJ291288,4
AJ291287,4
AJ291286,4
AJ291285,4
AJ291284,4
AJ291283,4
AJ581484,4
AJ291282,4
AJ581485,4
AJ581487,4
AJ581508,4
AJ581507,4
AJ581506,4
AJ581505,4
AJ581504,4
AJ581503,4
AJ581502,4
AJ581501,4
AJ581500,4
AJ581499,4
AJ581498,4
AJ581497,4
AJ581496,4
AJ581495,4
AJ581494,4
AJ581493,4
AJ581492,4
AJ581491,4
AJ581490,4
AJ581489,4
AJ581488,4
AJ581486,4
AJ291278,4
AJ291277,4
AJ291275,4
AJ250220,4
AJ250219,4
AJ250218,4
AJ250217,4
AJ250216,4
AJ250215,4
AJ250214,4
AJ250213,4
AJ250212,4
AJ250211,4
AJ250210,4
AJ250209,4
AJ250208,4
AJ250207,4
AJ250206,4
AJ250205,4
AJ250204,4
AJ231488,4
AJ231487,4
AJ231486,4
AJ231485,4
AJ250221,4
AJ250222,4
AJ250223,4
AJ291245,4
AJ291274,4
AJ291272,4
AJ291271,4
AJ291270,4
AJ291269,4
AJ291268,4
AJ291267,4
AJ291266,4
AJ291265,4
AJ291264,4
AJ231483,4
AJ291263,4
AJ291261,4
AJ291259,4
AJ291258,4
AJ291255,4
AJ291254,4
AJ291253,4
AJ291252,4
AJ291251,4
AJ291250,4
AJ291249,4
AJ291262,4
AF271861,4
AF271860,4
AF271859,4
AB726015,4
AB726014,4
AB726013,4
AB726012,4
AB726011,4
AB726010,4
AB726009,4
AB726008,4
AB726007,4
AB726006,4
AB726005,4
AB726004,4
AB726003,4
AB726002,4
AB726001,4
AB726000,4
AB725999,4
AB725998,4
AB725997,4
AB725996,4
AB725995,4
AB726016,4
AB725994,4
AB726017,4
AB726019,4
AB726040,4
AB726039,4
AB726038,4
AB726037,4
AB726036,4
AB726035,4
AB726034,4
AB726033,4
AB726032,4
AB726031,4
AB726030,4
AB726029,4
AB726028,4
AB726027,4
AB726026,4
AB726025,4
AB726024,4
AB726023,4
AB726022,4
AB726021,4
AB726020,4
AB726018,4
AB725993,4
AB725992,4
AB725991,4
AB550019,4
AB550018,4
AB550017,4
AB550016,4
AB550015,4
AB550014,4
AB550013,4
AB548325,4
AB548321,4
AB548319,4
AB548318,4
AB548316,4
AB444559,4
AB444558,4
AB444482,4
AB550020,4
AB550022,4
AB725990,4
AB725989,4
AB725988,4
AB725987,4
AB726041,4
AB550035,4
AB550029,4
AB550034,4
AB726042,4
AB726043,4
AF271832,4
AF271831,4
AF271830,4
AF271829,4
AF271828,4
AF271827,4
AF271826,4
AF271825,4
AF271816,4
AF271815,4
AF271814,4
AF271813,4
AF271812,4
AF271811,4
AF271810,4
AF271809,4
AF271808,4
AF271807,4
AF271806,4
AF271805,4
AF271804,4
AF271833,4
AF271834,4
AF271835,4
AF271836,4
AF271858,4
AF271857,4
AF271856,4
AF271855,4
AF271854,4
AF271853,4
AF271852,4
AF271851,4
AF271850,4
AF271849,4
AF271803,4
AF271848,4
AF271846,4
AF271845,4
AF271844,4
AF271843,4
AF271842,4
AF271841,4
AF271840,4
AF271839,4
AF271838,4
AF271837,4
AF271847,4
AJ581509,4
AF271802,4
AF271800,4
AB726065,4
AB726064,4
AB726063,4
AB726062,4
AB726061,4
AB726060,4
AB726059,4
AB726058,4
AB726057,4
AB726056,4
AB726055,4
AB726054,4
AB726053,4
AB726052,4
AB726051,4
AB726050,4
AB726049,4
AB726048,4
AB726047,4
AB726046,4
AB726045,4
AB726066,4
AB795432,4
AF021898,4
AF021899,4
AF245287,4
AF233727,4
AF233726,4
AF233706,4
AF233697,4
AF217314,4
AF158611,4
AF158607,4
AF134756,4
AF271801,4
AF134746,4
AF134738,4
AF057155,4
AF057154,4
AF046826,4
AF046825,4
AF046824,4
AF046823,4
AF029298,4
AF029296,4
AF021900,4
AF134744,4
AJ581510,4
AM114101,4
AM177500,4
AY548586,4
AY548585,4
AY548584,4
AY548583,4
AY548582,4
AY548581,4
AY548580,4
AY548579,4
AY548578,4
AY548577,4
AY548576,4
AY548575,4
AY548574,4
AY548573,4
AY548572,4
AY548571,4
AY548570,4
AY548569,4
AY548568,4
AY548567,4
AY548566,4
AY548587,4
AY548565,4
AY548588,4
AY548591,4
AY548612,4
AY548611,4
AY548610,4
AY548609,4
AY548608,4
AY548607,4
AY548606,4
AY548605,4
AY548604,4
AY548603,4
AY548602,4
AY548601,4
AY548600,4
AY548599,4
AY548598,4
AY548597,4
AY548596,4
AY548595,4
AY548594,4
AY548593,4
AY548592,4
AY548589,4
AY548564,4
AY548563,4
AY548562,4
AY506669,4
AY434157,4
AY434156,4
AY434151,4
AY434150,4
AY434149,4
AY434148,4
AY434147,4
AY434146,4
AY434136,4
AY434135,4
AY434134,4
AY434127,4
AY434126,4
AY434125,4
AY434109,4
AY434108,4
AY434107,4
AY434105,4
AY265448,4
AY265446,4
AY523466,4
AY545673,4
AY545675,4
AY548537,4
AY548561,4
AY548560,4
AY548559,4
AY548558,4
AY548557,4
AY548556,4
AY548555,4
AY548554,4
AY548552,4
AY548551,4
AY548613,4
AY548550,4
AY548548,4
AY548547,4
AY548546,4
AY548545,4
AY548544,4
AY548543,4
AY548542,4
AY548541,4
AY548540,4
AY548539,4
AY548549,4
AY548614,4
AY548615,4
AY548616,4
AY548699,4
AY548698,4
AY548695,4
AY548694,4
AY548693,4
AY548692,4
AY548691,4
AY548690,4
AY548688,4
AY548683,4
AY548682,4
AY548681,4
AY548680,4
AY548679,4
AY548678,4
AY548677,4
AY548675,4
AY548701,4
AY548702,4
AY548732,4
AY548731,4
AY548730,4
AY548729,4
AY548728,4
AY548725,4
AY548724,4
AY548723,4
AY548722,4
AY548721,4
AY548674,4
AY548720,4
AY548717,4
AY548716,4
AY548715,4
AY548714,4
AY548712,4
AY548711,4
AY548708,4
AY548706,4
AY548704,4
AY548718,4
AY265445,4
AY548673,4
AY548641,4
AY548640,4
AY548637,4
AY548636,4
AY548635,4
AY548634,4
AY548633,4
AY548632,4
AY548631,4
AY548629,4
AY548627,4
AY548626,4
AY548625,4
AY548624,4
AY548623,4
AY548622,4
AY548621,4
AY548620,4
AY548618,4
AY548617,4
AY548642,4
AY548643,4
AY548644,4
AY548645,4
AY548668,4
AY548666,4
AY548665,4
AY548664,4
AY548663,4
AY548662,4
AY548661,4
AY548660,4
AY548659,4
AY548672,4
AY548658,4
AY548655,4
AY548654,4
AY548653,4
AY548652,4
AY548651,4
AY548650,4
AY548649,4
AY548648,4
AY548647,4
AY548646,4
AY548657,4
AY936019,4
AY265441,4
AY265438,4
AM885102,4
AM885039,4
AM885038,4
AM885037,4
AM885036,4
AM885033,4
AM885032,4
AM885030,4
AM885029,4
AM885027,4
AM885026,4
AM885025,4
AM885024,4
AM885023,4
AM885103,4
AM885019,4
AM885104,4
AM885127,4
AM885125,4
AM885124,4
AM885123,4
AM885122,4
AM885120,4
AM885119,4
AM885118,4
AM885116,4
AM885114,4
AM885113,4
AM885112,4
AM885111,4
AM885108,4
AM885107,4
AM885017,4
AM885016,4
AM502685,4
AM502684,4
AM502683,4
AM502682,4
AM502680,4
AM502679,4
AM502678,4
AM502677,4
AM502675,4
AM502674,4
AM422831,4
AM177508,4
AM177507,4
AM177506,4
AM177505,4
AM177504,4
AM177503,4
AM177502,4
AM177501,4
AM502686,4
AM502688,4
AM502702,4
AM885382,4
AM502699,4
AM502698,4
AM502697,4
AM502696,4
AM502695,4
AM502694,4
AM502693,4
AM502691,4
AM502690,4
AM885384,4
AM885385,4
AY257075,4
AY257072,4
AY257070,4
AY256820,4
AY256818,4
AY256817,4
AY256816,4
AY256815,4
AY256814,4
AY256813,4
AY256812,4
AY256811,4
AY256810,4
AY256809,4
AY256808,4
AY256807,4
AY256798,4
AY190487,4
AY190402,4
AY190370,4
AY190363,4
AY257078,4
AY257082,4
AY257085,4
AY257089,4
AY265435,4
AY265434,4
AY265430,4
AY265429,4
AY265428,4
AY265425,4
AY265424,4
AY265421,4
AY257467,4
AY257442,4
AY190329,4
AY257441,4
AY257439,4
AY257438,4
AY257424,4
AY257423,4
AY257422,4
AY257103,4
AY257101,4
AY257098,4
AY257097,4
AY257093,4
AY257440,4
AY265440,4
AY172639,4
AY131414,4
AM885406,4
AM885405,4
AM885404,4
AM885403,4
AM885401,4
AM885400,4
AM885397,4
AM885396,4
AM885395,4
AM885394,4
AM885391,4
AM885390,4
AM885388,4
AM885386,4
AM888292,4
AM888293,4
AM888294,4
AM888295,4
AY131409,4
AY131398,4
AY131394,4
AY131393,4
AY131385,4
AY131384,4
AY131373,4
AY131369,4
AY131365,4
AY131364,4
AY131415,4
AY131351,4
AY070212,4
AM888304,4
AM888303,4
AM888302,4
AM888301,4
AM888300,4
AM888299,4
AM888298,4
AM888297,4
AM888296,4
AY131347,4
AY936020,4
AY632222,4
AY936027,4
DQ507034,4
DQ507033,4
DQ507031,4
DQ507030,4
DQ507029,4
DQ507027,4
DQ507026,4
DQ507025,4
DQ507022,4
DQ507017,4
DQ507015,4
DQ507036,4
DQ507038,4
DQ507059,4
DQ507056,4
DQ507052,4
DQ507045,4
DQ507044,4
DQ507042,4
DQ507040,4
DQ507039,4
DQ507037,4
DQ507010,4
DQ506983,4
DQ506982,4
DQ506981,4
DQ506975,4
DQ506974,4
DQ506971,4
DQ506969,4
DQ506967,4
DQ506960,4
DQ506959,4
DQ506958,4
DQ506957,4
DQ506984,4
DQ507009,4
DQ507008,4
DQ507003,4
DQ507000,4
DQ506999,4
DQ506995,4
DQ506956,4
DQ911163,4
DQ911162,4
DQ898013,4
DQ898012,4
DQ898007,4
DQ898005,4
DQ898003,4
DQ898002,4
DQ897999,4
DQ897990,4
DQ897989,4
DQ897977,4
DQ516084,4
DQ516083,4
DQ508482,4
DQ911164,4
DQ508478,4
DQ911165,4
DQ911167,4
DQ911189,4
DQ911188,4
DQ911187,4
DQ911186,4
DQ911185,4
DQ911184,4
DQ911183,4
DQ911182,4
DQ911181,4
DQ911180,4
DQ911179,4
DQ911178,4
DQ911177,4
DQ911175,4
DQ911174,4
DQ911173,4
DQ911172,4
DQ911171,4
DQ911170,4
DQ911169,4
DQ911168,4
DQ911166,4
DQ508445,4
DQ507112,4
DQ507084,4
DQ507082,4
DQ507081,4
DQ507080,4
DQ507074,4
DQ507071,4
DQ507069,4
DQ507088,4
DQ507106,4
DQ507104,4
DQ507103,4
DQ507097,4
DQ507095,4
DQ507091,4
DQ507099,4
DQ506955,4
DQ506954,4
DQ506953,4
DQ506825,4
DQ506824,4
DQ506823,4
DQ506822,4
DQ506817,4
DQ506816,4
DQ506812,4
DQ506811,4
DQ506808,4
DQ506806,4
DQ506805,4
DQ506804,4
DQ506827,4
DQ506829,4
DQ506849,4
DQ506848,4
DQ506847,4
DQ506846,4
DQ506845,4
DQ506842,4
DQ506840,4
DQ506838,4
DQ506837,4
DQ506835,4
DQ506831,4
DQ506828,4
DQ506774,4
DQ506773,4
DQ506772,4
DQ506771,4
DQ506770,4
DQ506769,4
DQ506767,4
DQ506766,4
DQ506765,4
DQ506764,4
DQ506763,4
DQ506762,4
DQ506761,4
DQ506757,4
DQ506756,4
DQ506755,4
DQ506754,4
DQ506776,4
DQ506777,4
DQ506778,4
DQ506795,4
DQ506792,4
DQ506791,4
DQ506787,4
DQ506785,4
DQ506784,4
DQ506783,4
DQ506781,4
DQ506780,4
DQ506789,4
DQ506926,4
DQ506922,4
DQ506918,4
DQ506917,4
DQ506916,4
DQ506915,4
DQ506914,4
DQ506912,4
DQ506911,4
DQ506909,4
DQ506908,4
DQ506949,4
DQ506948,4
DQ506944,4
DQ506905,4
DQ506940,4
DQ506939,4
DQ506938,4
DQ506934,4
DQ506933,4
DQ506941,4
DQ911190,4
DQ506875,4
DQ506874,4
DQ506873,4
DQ506872,4
DQ506871,4
DQ506870,4
DQ506869,4
DQ506868,4
DQ506867,4
DQ506866,4
DQ506865,4
DQ506864,4
DQ506863,4
DQ506862,4
DQ506860,4
DQ506859,4
DQ506856,4
DQ506855,4
DQ506876,4
DQ506879,4
DQ506901,4
DQ506900,4
DQ506898,4
DQ506896,4
DQ506895,4
DQ506894,4
DQ506891,4
DQ506888,4
DQ506887,4
DQ506881,4
DQ506880,4
DQ506753,4
DQ911191,4
DQ911193,4
EF694360,4
EF694359,4
EF694358,4
EF694357,4
EF694356,4
EF694355,4
EF694354,4
EF694353,4
EF694352,4
EF694351,4
EF694350,4
EF694349,4
EF694348,4
EF694346,4
EF694345,4
EF694344,4
EF694343,4
EF694342,4
EF694341,4
EF694340,4
EF694338,4
EF694361,4
EF694337,4
EF694362,4
EF694364,4
EF694385,4
EF694384,4
EF694383,4
EF694382,4
EF694381,4
EF694380,4
EF694379,4
EF694378,4
EF694377,4
EF694376,4
EF694375,4
EF694374,4
EF694373,4
EF694372,4
EF694371,4
EF694370,4
EF694369,4
EF694368,4
EF694367,4
EF694366,4
EF694365,4
EF694363,4
EF694336,4
EF694335,4
EF694334,4
EF205220,4
EF154714,4
EF136867,4
EF116148,4
EF116147,4
EF116146,4
EF116145,4
EF116144,4
EF116143,4
EF116142,4
EF116141,4
EF116140,4
EF116139,4
EF116138,4
EF116137,4
EF116136,4
EF116135,4
EF116134,4
EF116133,4
EF116132,4
EF116131,4
EF205238,4
EF467646,4
EF467648,4
EF467649,4
EF694333,4
EF694332,4
EF694331,4
EF694330,4
EF694329,4
EF694328,4
EF694327,4
EF694326,4
EF694325,4
EF694324,4
EF694386,4
EF694323,4
EF694321,4
EF589161,4
EF589160,4
EF540353,4
EF540345,4
EF523599,4
EF467653,4
EF467652,4
EF467651,4
EF467650,4
EF694322,4
EF116130,4
EF694387,4
EF694389,4
EF694463,4
EF694462,4
EF694461,4
EF694460,4
EF694459,4
EF694458,4
EF694457,4
EF694456,4
EF694455,4
EF694454,4
EF694453,4
EF694451,4
EF694450,4
EF694449,4
EF694448,4
EF694447,4
EF694446,4
EF694445,4
EF694444,4
EF694443,4
EF694442,4
EF694464,4
EF694441,4
EF694465,4
EF694467,4
EF694489,4
EF694488,4
EF694487,4
EF694486,4
EF694485,4
EF694484,4
EF694483,4
EF694481,4
EF694480,4
EF694479,4
EF694478,4
EF694477,4
EF694476,4
EF694475,4
EF694474,4
EF694473,4
EF694472,4
EF694471,4
EF694470,4
EF694469,4
EF694468,4
EF694466,4
EF694440,4
EF694439,4
EF694438,4
EF694410,4
EF694409,4
AY936022,4
EF694407,4
EF694406,4
EF694405,4
EF694404,4
EF694403,4
EF694402,4
EF694401,4
EF694400,4
EF694399,4
EF694398,4
EF694397,4
EF694396,4
EF694395,4
EF694394,4
EF694393,4
EF694392,4
EF694391,4
EF694390,4
EF694411,4
EF694412,4
EF694413,4
EF694414,4
EF694437,4
EF694435,4
EF694434,4
EF694433,4
EF694432,4
EF694431,4
EF694430,4
EF694429,4
EF694428,4
EF694427,4
EF694388,4
EF694426,4
EF694424,4
EF694423,4
EF694422,4
EF694421,4
EF694420,4
EF694419,4
EF694418,4
EF694417,4
EF694416,4
EF694415,4
EF694425,4
EF116129,4
EF116128,4
EF116127,4
EF115669,4
EF115668,4
EF115667,4
EF115665,4
EF115664,4
EF115663,4
EF115662,4
EF115661,4
EF115660,4
EF115659,4
EF115658,4
EF115657,4
EF115656,4
EF115655,4
EF115654,4
DQ993170,4
DQ988079,4
DQ988078,4
DQ988077,4
DQ988076,4
EF115671,4
EF115673,4
EF115694,4
EF115693,4
EF115691,4
EF115690,4
EF115689,4
EF115688,4
EF115687,4
EF115686,4
EF115684,4
EF115683,4
EF115682,4
EF115679,4
EF115677,4
EF115674,4
DQ988075,4
DQ988074,4
DQ988073,4
DQ911214,4
DQ911213,4
DQ911212,4
DQ911211,4
DQ911210,4
DQ911209,4
DQ911208,4
DQ911207,4
DQ911206,4
DQ911205,4
DQ911204,4
DQ911203,4
DQ911202,4
DQ911201,4
DQ911200,4
DQ911199,4
DQ911198,4
DQ911197,4
DQ911196,4
DQ911195,4
DQ911194,4
DQ911215,4
DQ911216,4
DQ911217,4
DQ911218,4
DQ911580,4
DQ911240,4
DQ911239,4
DQ911238,4
DQ911237,4
DQ911236,4
DQ911235,4
DQ911234,4
DQ911233,4
DQ911231,4
DQ911230,4
DQ911228,4
DQ911227,4
DQ911226,4
DQ911225,4
DQ911224,4
DQ911223,4
DQ911222,4
DQ911221,4
DQ911220,4
DQ911219,4
DQ911229,4
EF115698,4
EF116100,4
EF116099,4
EF116098,4
EF116097,4
EF116096,4
EF116095,4
EF116094,4
EF116093,4
EF115925,4
EF115924,4
EF115923,4
EF115922,4
EF115921,4
EF115920,4
EF115919,4
EF115918,4
EF115917,4
EF115916,4
EF115915,4
EF115914,4
EF115913,4
EF116101,4
EF116102,4
EF116103,4
EF116104,4
EF116126,4
EF116125,4
EF116124,4
EF116123,4
EF116122,4
EF116121,4
EF116120,4
EF116119,4
EF116118,4
EF116117,4
EF115912,4
EF116116,4
EF116114,4
EF116113,4
EF116112,4
EF116111,4
EF116110,4
EF116109,4
EF116108,4
EF116107,4
EF116106,4
EF116105,4
EF116115,4
DQ911192,4
EF115911,4
EF115909,4
EF115882,4
EF115881,4
EF115880,4
EF115879,4
EF115878,4
EF115877,4
EF115876,4
EF115875,4
EF115874,4
EF115873,4
EF115872,4
EF115871,4
EF115870,4
EF115706,4
EF115702,4
EF115699,4
EF115883,4
EF115884,4
EF115885,4
EF115886,4
EF115908,4
EF115907,4
EF115906,4
EF115905,4
EF115904,4
EF115903,4
EF115902,4
EF115901,4
EF115900,4
EF115899,4
EF115910,4
EF115898,4
EF115896,4
EF115895,4
EF115894,4
EF115893,4
EF115892,4
EF115891,4
EF115890,4
EF115889,4
EF115888,4
EF115887,4
EF115897,4
DQ506752,4
EF694408,4
DQ506750,4
DQ504608,4
DQ504628,4
DQ504625,4
DQ504555,4
DQ504545,4
DQ504563,4
DQ504709,4
DQ504708,4
DQ504704,4
DQ504690,4
DQ504711,4
DQ504712,4
DQ504735,4
DQ504734,4
DQ504733,4
DQ504731,4
DQ504728,4
DQ504720,4
DQ504718,4
DQ504717,4
DQ504724,4
DQ504658,4
DQ504657,4
DQ504656,4
DQ504655,4
DQ504651,4
DQ504650,4
DQ504648,4
DQ504638,4
DQ504662,4
DQ504684,4
DQ504678,4
DQ504671,4
DQ504667,4
DQ504665,4
D86541,4
D86540,4
D86539,4
D86538,4
D86537,4
D86536,4
D86535,4
D86534,4
D86533,4
D49453,4
D49452,4
D45194,4
D45193,4
D43681,4
D43680,4
D43679,4
D43678,4
D43677,4
D43676,4
D43675,4
D31726,4
D86542,4
D31721,4
D86543,4
DQ114902,4
DQ238680,4
DQ238675,4
DQ238674,4
DQ238671,4
DQ238668,4
DQ238666,4
DQ178145,4
DQ157268,4
DQ157267,4
DQ157266,4
DQ157265,4
DQ157264,4
DQ157263,4
DQ157262,4
DQ157261,4
DQ157260,4
DQ157259,4
DQ124364,4
DQ114905,4
DQ114904,4
DQ114903,4
DQ114901,4
D16813,4
D16812,4
AY936108,4
AY936096,4
AY936095,4
AY936092,4
AY936082,4
AY936069,4
AY936066,4
AY936064,4
AY936062,4
AY936061,4
AY936058,4
AY936057,4
AY936054,4
AY936048,4
AY936043,4
AY936042,4
AY936041,4
AY936037,4
AY936035,4
AY936030,4
AY936111,4
AY936113,4
AY936114,4
AY936115,4
D16810,4
D16809,4
D16808,4
D13451,4
D13449,4
AY973864,4
AY973863,4
AY962105,4
AY948188,4
AY948187,4
DQ238700,4
AY944684,4
AY944651,4
AY944644,4
AY936132,4
AY936131,4
AY936126,4
AY936123,4
AY936122,4
AY936120,4
AY936118,4
AY936117,4
AY944677,4
DQ295833,4
DQ418782,4
DQ418783,4
DQ504505,4
DQ504504,4
DQ504499,4
DQ504498,4
DQ504495,4
DQ504493,4
DQ504490,4
DQ504527,4
DQ504519,4
DQ504515,4
DQ504454,4
DQ504449,4
DQ504445,4
DQ504443,4
DQ504442,4
DQ418789,4
DQ418788,4
DQ418787,4
DQ418786,4
DQ418785,4
DQ418784,4
DQ504456,4
DQ504472,4
DQ504471,4
DQ504468,4
DQ504467,4
DQ504466,4
DQ504465,4
DQ504464,4
DQ504737,4
AY973862,4
DQ506623,4
DQ506622,4
DQ506621,4
DQ506620,4
DQ506619,4
DQ506618,4
DQ506617,4
DQ506616,4
DQ506615,4
DQ506614,4
DQ506612,4
DQ506610,4
DQ506609,4
DQ506606,4
DQ506603,4
DQ506624,4
DQ506625,4
DQ506648,4
DQ506647,4
DQ506645,4
DQ506643,4
DQ506638,4
DQ506637,4
DQ506636,4
DQ506631,4
DQ506629,4
DQ506628,4
DQ506626,4
DQ506600,4
DQ506599,4
DQ506572,4
DQ506571,4
DQ506570,4
DQ506569,4
DQ506568,4
DQ506567,4
DQ506566,4
DQ506565,4
DQ506564,4
DQ506563,4
DQ506562,4
DQ506560,4
DQ506559,4
DQ506557,4
DQ506555,4
DQ506573,4
DQ506574,4
DQ506593,4
DQ506590,4
DQ506589,4
DQ506577,4
DQ506650,4
DQ506652,4
DQ506724,4
DQ506723,4
DQ506717,4
DQ506707,4
DQ506728,4
DQ506747,4
DQ506736,4
DQ506727,4
DQ506672,4
DQ506671,4
DQ506670,4
DQ506665,4
DQ506664,4
DQ506655,4
DQ506674,4
DQ506675,4
DQ506729,4
DQ504811,4
DQ504806,4
DQ504804,4
DQ504800,4
DQ504797,4
DQ504793,4
DQ504792,4
DQ504791,4
DQ504830,4
DQ504821,4
DQ504788,4
DQ504760,4
DQ504759,4
DQ504757,4
DQ504756,4
DQ504755,4
DQ504751,4
DQ504748,4
DQ504746,4
DQ504744,4
DQ504742,4
DQ504761,4
DQ504762,4
DQ504784,4
DQ504777,4
DQ504771,4
DQ504768,4
DQ504766,4
DQ504775,4
DQ506521,4
DQ506520,4
DQ506519,4
DQ506518,4
DQ506516,4
DQ506514,4
DQ506513,4
DQ506510,4
DQ506509,4
DQ506507,4
DQ506505,4
DQ506503,4
DQ506502,4
DQ506501,4
DQ506524,4
DQ504839,4
DQ506541,4
DQ506540,4
DQ506539,4
DQ506500,4
DQ506535,4
DQ506533,4
DQ506532,4
DQ506531,4
DQ506528,4
DQ506526,4
DQ506536,4
DQ506538,4
DQ506497,4
DQ506471,4
DQ506468,4
DQ506466,4
DQ506464,4
DQ506461,4
DQ506460,4
DQ506458,4
DQ505273,4
DQ506498,4
DQ506473,4
DQ506476,4
DQ506481,4
DQ504879,5
DQ504880,5
DQ504882,5
DQ504883,5
DQ504884,5
DQ504885,5
DQ504897,5
DQ504886,5
DQ504887,5
DQ504889,5
DQ504870,5
DQ504877,5
DQ504920,5
DQ504928,5
DQ504930,5
DQ504932,5
DQ504933,5
DQ504935,5
DQ504856,5
DQ504924,5
DQ504903,5
DQ504911,5
DQ504913,5
DQ504919,5
DQ333652,5
DQ333631,5
DQ333632,5
DQ333633,5
DQ333634,5
DQ333635,5
DQ333636,5
DQ333637,5
DQ333638,5
DQ333639,5
DQ333640,5
DQ333641,5
DQ333642,5
DQ333643,5
DQ333644,5
DQ333645,5
DQ333646,5
DQ333647,5
DQ333648,5
DQ333649,5
DQ333630,5
DQ333650,5
DQ333629,5
DQ333627,5
DQ164773,5
DQ164774,5
DQ164777,5
DQ333614,5
DQ333615,5
DQ333616,5
DQ333617,5
DQ333618,5
DQ333619,5
DQ333620,5
DQ333621,5
DQ333622,5
DQ333623,5
DQ333624,5
DQ333625,5
DQ333626,5
DQ333628,5
DQ333651,5
DQ333654,5
DQ333678,5
DQ333679,5
DQ333680,5
DQ333681,5
DQ333682,5
DQ333683,5
DQ333684,5
DQ333685,5
DQ333686,5
DQ333687,5
DQ333688,5
DQ333689,5
DQ333690,5
DQ504851,5
DQ333653,5
DQ333676,5
DQ333674,5
DQ333655,5
DQ333656,5
DQ333657,5
DQ333658,5
DQ333659,5
DQ333660,5
DQ333661,5
DQ333662,5
DQ333663,5
DQ333664,5
DQ333665,5
DQ333666,5
DQ333668,5
DQ333669,5
DQ333670,5
DQ333671,5
DQ333672,5
DQ333673,5
DQ333675,5
FN552878,5
FN552899,5
FN552900,5
FN552901,5
FN552902,5
FN552903,5
FN552904,5
FN552905,5
FN552906,5
FN552907,5
FN552908,5
FN552909,5
FN552910,5
FN552911,5
FN552912,5
FN552913,5
FN552914,5
FN552915,5
FN552916,5
FN552917,5
FN552898,5
FN552918,5
FN552897,5
FN552895,5
FJ872370,5
FN552876,5
FN552877,5
FN552879,5
FN552880,5
FN552881,5
FN552882,5
FN552883,5
FN552884,5
FN552885,5
FN552886,5
FN552887,5
FN552888,5
FN552889,5
FN552890,5
FN552891,5
FN552892,5
FN552893,5
FN552894,5
FN552896,5
FJ872369,5
FN552919,5
FN552921,5
FN552945,5
FN552946,5
FN552947,5
FN552948,5
FN552949,5
FN552950,5
FN552951,5
FN552952,5
FN552953,5
FN552954,5
FN552955,5
FN552956,5
FN552957,5
FN552958,5
FN552959,5
FN552960,5
FN552961,5
FN552962,5
FN552944,5
FN552920,5
FN552943,5
FN552941,5
FN552922,5
FN552923,5
FN552924,5
FN552925,5
FN552926,5
FN552927,5
FN552928,5
FN552929,5
FN552930,5
FN552931,5
FN552932,5
FN552933,5
FN552934,5
FN552935,5
FN552936,5
FN552937,5
FN552938,5
FN552939,5
FN552940,5
FN552942,5
FJ872368,5
FJ872366,5
DQ504982,5
DQ504986,5
DQ504987,5
DQ504988,5
DQ504989,5
DQ504955,5
DQ504956,5
DQ504959,5
DQ504967,5
FJ872367,5
DQ504990,5
DQ505016,5
DQ505018,5
EF026073,5
EF136859,5
EF523600,5
EU558516,5
EU558517,5
FJ872356,5
FJ872357,5
FJ872358,5
FJ872359,5
FJ872360,5
FJ872361,5
FJ872362,5
FJ872363,5
FJ872364,5
FJ872365,5
DQ504991,5
DQ505012,5
DQ504993,5
DQ504994,5
DQ504996,5
DQ504997,5
DQ504999,5
DQ505000,5
DQ505002,5
DQ505003,5
DQ505004,5
DQ505005,5
DQ505006,5
DQ505010,5
DQ505013,5
DQ164771,5
DQ164572,5
AY373491,5
AY597258,5
AY654000,5
AY766519,5
AY766803,5
AY767084,5
AY767182,5
AY767257,5
AY373490,5
AY768103,5
D16789,5
D16791,5
D16792,5
D16793,5
D16794,5
D16795,5
D50466,5
D50467,5
D14213,5
AY373489,5
AY373488,5
AY373487,5
AY373468,5
AY373469,5
AY373470,5
AY373471,5
AY373472,5
AY373473,5
AY373474,5
AY373475,5
AY373476,5
AY373477,5
AY373478,5
AY373479,5
AY373480,5
AY373481,5
AY373482,5
AY373483,5
AY373484,5
AY373485,5
AY373486,5
DQ164538,5
DQ164539,5
DQ164540,5
DQ164541,5
DQ164565,5
DQ164566,5
DQ164567,5
DQ164568,5
DQ164569,5
DQ164570,5
DQ164571,5
DQ164574,5
DQ164575,5
DQ164576,5
DQ164577,5
DQ164578,5
DQ164579,5
DQ164580,5
DQ164581,5
DQ164582,5
DQ164583,5
DQ164584,5
DQ164564,5
AY373467,5
DQ164563,5
DQ164561,5
DQ164542,5
DQ164543,5
DQ164544,5
DQ164545,5
DQ164546,5
DQ164547,5
DQ164548,5
DQ164549,5
DQ164550,5
DQ164551,5
DQ164552,5
DQ164553,5
DQ164554,5
DQ164555,5
DQ164556,5
DQ164557,5
DQ164558,5
DQ164559,5
DQ164560,5
DQ164562,5
AY373466,5
AY033769,5
AY033768,5
AF007520,5
AF064490,5
AF217315,5
AF515867,5
AF515868,5
AF515937,5
AF515942,5
AF515976,5
AF515977,5
AF516046,5
AF516051,5
AJ291281,5
AJ608776,5
AJ608777,5
AJ608778,5
AJ608779,5
AJ608780,5
AJ608781,5
AJ608782,5
AB204685,5
AJ608783,5
AB204684,5
AB204682,5
AB204665,5
FN552963,5
AB204664,5
AB204666,5
AB204667,5
AB204668,5
AB204669,5
AB204670,5
AB204671,5
AB204672,5
AB204673,5
AB204674,5
AB204675,5
AB204676,5
AB204677,5
AB204678,5
AB204679,5
AB204680,5
AB204681,5
AB204683,5
DQ164585,5
AJ608784,5
AJ626926,5
AM177445,5
AM177446,5
AM177447,5
AM177448,5
AM177449,5
AM177450,5
AM177451,5
AM177452,5
AM502704,5
AM502705,5
AM502706,5
AM502709,5
AM502711,5
AM502712,5
AY033767,5
AM177444,5
AJ608785,5
AM177443,5
AM177441,5
AJ626990,5
AJ626991,5
AJ626992,5
AJ626993,5
AJ626994,5
AJ626995,5
AJ626996,5
AJ626997,5
AJ626998,5
AJ880694,5
AJ880747,5
AM177433,5
AM177434,5
AM177435,5
AM177436,5
AM177437,5
AM177438,5
AM177439,5
AM177440,5
AM177442,5
DQ164586,5
DQ164587,5
DQ164588,5
DQ164704,5
DQ164705,5
DQ164706,5
DQ164707,5
DQ164708,5
DQ164709,5
DQ164710,5
DQ164711,5
DQ164712,5
DQ164713,5
DQ164714,5
DQ164715,5
DQ164716,5
DQ164717,5
DQ164718,5
DQ164719,5
DQ164720,5
DQ164721,5
DQ164722,5
DQ164703,5
DQ164723,5
DQ164702,5
DQ164700,5
DQ164681,5
DQ164682,5
DQ164683,5
DQ164684,5
DQ164685,5
DQ164686,5
DQ164687,5
DQ164688,5
DQ164689,5
DQ164690,5
DQ164691,5
DQ164692,5
DQ164693,5
DQ164694,5
DQ164695,5
DQ164696,5
DQ164698,5
DQ164699,5
DQ164701,5
DQ164724,5
DQ164726,5
DQ164750,5
DQ164752,5
DQ164756,5
DQ164763,5
DQ164725,5
DQ164746,5
DQ164727,5
DQ164728,5
DQ164729,5
DQ164730,5
DQ164731,5
DQ164732,5
DQ164733,5
DQ164734,5
DQ164735,5
DQ164736,5
DQ164737,5
DQ164738,5
DQ164739,5
DQ164740,5
DQ164741,5
DQ164742,5
DQ164743,5
DQ164744,5
DQ164745,5
DQ164747,5
DQ164679,5
DQ164677,5
DQ164612,5
DQ164613,5
DQ164614,5
DQ164615,5
DQ164616,5
DQ164617,5
DQ164618,5
DQ164619,5
DQ164620,5
DQ164621,5
DQ164622,5
DQ164623,5
DQ164624,5
DQ164625,5
DQ164626,5
DQ164627,5
DQ164628,5
DQ164629,5
DQ164630,5
DQ164611,5
DQ164631,5
DQ164610,5
DQ164608,5
DQ164589,5
DQ164590,5
DQ164591,5
DQ164592,5
DQ164593,5
DQ164594,5
DQ164595,5
DQ164596,5
DQ164597,5
DQ164598,5
DQ164599,5
DQ164600,5
DQ164601,5
DQ164602,5
DQ164603,5
DQ164604,5
DQ164605,5
DQ164606,5
DQ164607,5
DQ164609,5
DQ164678,5
DQ164632,5
DQ164634,5
DQ164658,5
DQ164659,5
DQ164660,5
DQ164661,5
DQ164662,5
DQ164663,5
DQ164664,5
DQ164665,5
DQ164666,5
DQ164667,5
DQ164668,5
DQ164669,5
DQ164670,5
DQ164671,5
DQ164672,5
DQ164674,5
DQ164675,5
DQ164676,5
DQ164657,5
DQ164633,5
DQ164656,5
DQ164654,5
DQ164635,5
DQ164636,5
DQ164637,5
DQ164638,5
DQ164639,5
DQ164640,5
DQ164641,5
DQ164642,5
DQ164643,5
DQ164645,5
DQ164646,5
DQ164647,5
DQ164648,5
DQ164649,5
DQ164650,5
DQ164651,5
DQ164652,5
DQ164653,5
DQ164655,5
FN552964,5
FN553368,5
FN552966,5
HQ385866,5
HQ385868,5
HQ385869,5
HQ385870,5
HQ385871,5
HQ385872,5
HQ385888,5
HQ385890,5
HQ385864,5
HQ385892,5
HQ385895,5
HQ385896,5
HQ385897,5
HQ385900,5
HQ385903,5
HQ385906,5
HQ385907,5
HQ385910,5
HQ385894,5
HQ385863,5
HQ385862,5
HQ385861,5
FN553427,5
FN553428,5
FN553429,5
FN553430,5
FN553431,5
FN553432,5
GU085487,5
GU945429,5
GU945432,5
GU945459,5
HM107696,5
HM566118,5
HM566121,5
HQ385855,5
HQ385856,5
HQ385857,5
HQ385858,5
HQ385859,5
HQ385860,5
HQ385913,5
HQ385914,5
HQ393952,5
HQ396468,5
HQ396513,5
HQ396515,5
HQ396518,5
HQ623404,5
HQ623405,5
HQ623406,5
HQ623407,5
HQ623408,5
HQ623409,5
HQ623410,5
HQ623411,5
HQ623412,5
HQ623413,5
HQ623414,5
HQ623415,5
HQ623416,5
HQ623417,5
HQ623418,5
HQ623419,5
HQ396511,5
FN553426,5
HQ396508,5
HQ396503,5
HQ396469,5
HQ396474,5
HQ396476,5
HQ396477,5
HQ396479,5
HQ396480,5
HQ396481,5
HQ396482,5
HQ396483,5
HQ396485,5
HQ396488,5
HQ396489,5
HQ396491,5
HQ396497,5
HQ396498,5
HQ396502,5
FN553425,5
FN553424,5
FN553423,5
FN553357,5
FN553358,5
FN553359,5
FN553360,5
FN553361,5
FN553362,5
FN553363,5
FN553364,5
FN553365,5
FN553366,5
FN553367,5
FN553369,5
FN553370,5
FN553371,5
FN553372,5
FN553373,5
FN553374,5
FN553375,5
FN553376,5
FN553356,5
FN553377,5
FN553355,5
FN553353,5
FN553334,5
FN553335,5
FN553336,5
FN553337,5
FN553338,5
FN553339,5
FN553340,5
FN553341,5
FN553342,5
FN553343,5
FN553344,5
FN553345,5
FN553346,5
FN553347,5
FN553348,5
FN553349,5
FN553350,5
FN553351,5
FN553352,5
FN553354,5
HQ623420,5
FN553378,5
FN553380,5
FN553404,5
FN553405,5
FN553406,5
FN553407,5
FN553408,5
FN553409,5
FN553410,5
FN553411,5
FN553412,5
FN553413,5
FN553414,5
FN553415,5
FN553416,5
FN553417,5
FN553418,5
FN553419,5
FN553420,5
FN553421,5
FN553422,5
FN553403,5
FN553379,5
FN553402,5
FN553400,5
FN553381,5
FN553382,5
FN553383,5
FN553384,5
FN553385,5
FN553386,5
FN553387,5
FN553388,5
FN553389,5
FN553390,5
FN553391,5
FN553392,5
FN553393,5
FN553394,5
FN553395,5
FN553396,5
FN553397,5
FN553398,5
FN553399,5
FN553401,5
FN553333,5
HQ623421,5
HQ623423,5
LC538249,5
LC538260,5
LC538261,5
M84826,5
M84852,5
M84858,5
M84860,5
MK392625,5
LC538248,5
MK392626,5
MK392628,5
MT151229,5
MT482281,5
MT503192,5
MT523043,5
MW205270,5
NC_009826,5
MK392627,5
LC538247,5
LC538240,5
LC538239,5
L29584,5
L29585,5
L39280,5
L39281,5
L39289,5
L39291,5
L39293,5
L39295,5
LC484047,5
LC484050,5
LC484051,5
LC484052,5
LC484053,5
LC484056,5
LC484057,5
LC484058,5
LC538238,5
OK180969,5
ON228285,5
ON228286,5
ON228287,5
U10215,5
U10216,5
U10217,5
U10218,5
U10219,5
U10220,5
U10221,5
U31257,5
U31274,5
U33430,5
U33434,5
U51767,5
X78867,5
Z29470,5
Z29471,5
Z29472,5
AB204663,5
Z29473,5
U10214,5
L29583,5
U05026,5
ON228288,5
ON228289,5
ON228290,5
ON228291,5
ON228292,5
ON228293,5
ON228294,5
ON228295,5
ON228296,5
ON228297,5
ON228298,5
ON228299,5
ON228300,5
ON228301,5
ON228302,5
S71496,5
L29582,5
L29581,5
L29580,5
JX571013,5
JX571014,5
JX571015,5
JX571016,5
JX571017,5
JX571018,5
JX571019,5
JX571020,5
JX571021,5
JX571022,5
JX571023,5
JX571024,5
JX571025,5
JX571026,5
JX571027,5
JX571028,5
JX571029,5
JX571030,5
JX571031,5
JX571012,5
JX571032,5
JX571011,5
JQ318557,5
HQ623424,5
HQ623425,5
HQ623426,5
JN116564,5
JN116565,5
JN116566,5
JN116572,5
JN116573,5
JN116574,5
JN116575,5
JN116576,5
JQ318156,5
JQ318272,5
JQ318342,5
JQ318387,5
JQ318453,5
JQ318516,5
JX571010,5
HQ623422,5
JX571033,5
JX571035,5
KC767846,5
KC844046,5
KF373567,5
KT748878,5
L16642,5
L16643,5
L16644,5
L16645,5
L16669,5
L16670,5
L23471,5
L23472,5
L23473,5
L23474,5
L28057,5
L29574,5
L29577,5
L29578,5
L29579,5
KC767845,5
JX571034,5
KC767844,5
KC767842,5
JX571036,5
JX571037,5
JX571038,5
JX677087,5
JX677480,5
KC767829,5
KC767830,5
KC767831,5
KC767832,5
KC767833,5
KC767834,5
KC767835,5
KC767836,5
KC767837,5
KC767838,5
KC767839,5
KC767840,5
KC767841,5
KC767843,5
FN553332,5
FN553331,5
FN553330,5
FN553082,5
FN553083,5
FN553084,5
FN553085,5
FN553086,5
FN553087,5
FN553088,5
FN553089,5
FN553081,5
FN553090,5
FN553092,5
FN553093,5
FN553094,5
FN553095,5
FN553096,5
FN553097,5
FN553098,5
FN553099,5
FN553091,5
FN553080,5
FN553079,5
FN553078,5
FN553059,5
FN553060,5
FN553061,5
FN553062,5
FN553063,5
FN553064,5
FN553065,5
FN553066,5
FN553067,5
FN553068,5
FN553069,5
FN553070,5
FN553071,5
FN553072,5
FN553073,5
FN553074,5
FN553075,5
FN553076,5
FN553077,5
FN553100,5
FN553101,5
FN553102,5
FN553103,5
FN553127,5
FN553128,5
FN553129,5
FN553130,5
FN553131,5
FN553132,5
FN553133,5
FN553134,5
FN553135,5
FN553136,5
FN553137,5
FN553138,5
FN553139,5
FN553140,5
FN553141,5
FN553142,5
FN553143,5
FN553144,5
FN553145,5
FN553126,5
FN553058,5
FN553125,5
FN553123,5
FN553104,5
FN553105,5
FN553106,5
FN553107,5
FN553108,5
FN553109,5
FN553110,5
FN553111,5
FN553112,5
FN553113,5
FN553114,5
FN553115,5
FN553116,5
FN553117,5
FN553118,5
FN553119,5
FN553120,5
FN553121,5
FN553122,5
FN553124,5
FN553057,5
FN553056,5
FN553055,5
FN552990,5
FN552991,5
FN552992,5
FN552993,5
FN552994,5
FN552995,5
FN552996,5
FN552997,5
FN552998,5
FN552999,5
FN553000,5
FN553001,5
FN553002,5
FN553003,5
FN553004,5
FN553005,5
FN553006,5
FN553007,5
FN553008,5
FN552989,5
FN553009,5
FN552988,5
FN552986,5
FN552967,5
FN552968,5
FN552969,5
FN552970,5
FN552971,5
FN552972,5
FN552973,5
FN552974,5
FN552975,5
FN552976,5
FN552977,5
FN552978,5
FN552979,5
FN552980,5
FN552981,5
FN552982,5
FN552983,5
FN552984,5
FN552985,5
FN552987,5
FN553146,5
FN553010,5
FN553012,5
FN553036,5
FN553037,5
FN553038,5
FN553039,5
FN553040,5
FN553041,5
FN553042,5
FN553043,5
FN553044,5
FN553045,5
FN553046,5
FN553047,5
FN553048,5
FN553049,5
FN553050,5
FN553051,5
FN553052,5
FN553053,5
FN553054,5
FN553035,5
FN553011,5
FN553034,5
FN553032,5
FN553013,5
FN553014,5
FN553015,5
FN553016,5
FN553017,5
FN553018,5
FN553019,5
FN553020,5
FN553021,5
FN553022,5
FN553023,5
FN553024,5
FN553025,5
FN553026,5
FN553027,5
FN553028,5
FN553029,5
FN553030,5
FN553031,5
FN553033,5
FN553147,5
FN553148,5
FN553149,5
FN553265,5
FN553266,5
FN553267,5
FN553268,5
FN553269,5
FN553270,5
FN553271,5
FN553272,5
FN553273,5
FN553274,5
FN553275,5
FN553276,5
FN553277,5
FN553278,5
FN553279,5
FN553280,5
FN553281,5
FN553282,5
FN553283,5
FN553264,5
FN553284,5
FN553263,5
FN553261,5
FN553242,5
FN553243,5
FN553244,5
FN553245,5
FN553246,5
FN553247,5
FN553248,5
FN553249,5
FN553250,5
FN553251,5
FN553252,5
FN553253,5
FN553254,5
FN553255,5
FN553256,5
FN553257,5
FN553258,5
FN553259,5
FN553260,5
FN553262,5
FN553241,5
FN553285,5
FN553287,5
FN553311,5
FN553312,5
FN553313,5
FN553314,5
FN553315,5
FN553316,5
FN553317,5
FN553318,5
FN553319,5
FN553320,5
FN553321,5
FN553322,5
FN553323,5
FN553324,5
FN553325,5
FN553326,5
FN553327,5
FN553328,5
FN553329,5
FN553310,5
FN553286,5
FN553309,5
FN553307,5
FN553288,5
FN553289,5
FN553290,5
FN553291,5
FN553292,5
FN553293,5
FN553294,5
FN553295,5
FN553296,5
FN553297,5
FN553298,5
FN553299,5
FN553300,5
FN553301,5
FN553302,5
FN553303,5
FN553304,5
FN553305,5
FN553306,5
FN553308,5
FN552965,5
FN553240,5
FN553238,5
FN553173,5
FN553174,5
FN553175,5
FN553176,5
FN553177,5
FN553178,5
FN553179,5
FN553180,5
FN553181,5
FN553182,5
FN553183,5
FN553184,5
FN553185,5
FN553186,5
FN553187,5
FN553188,5
FN553189,5
FN553190,5
FN553191,5
FN553172,5
FN553192,5
FN553171,5
FN553169,5
FN553150,5
FN553151,5
FN553152,5
FN553153,5
FN553154,5
FN553155,5
FN553156,5
FN553157,5
FN553158,5
FN553159,5
FN553160,5
FN553161,5
FN553162,5
FN553163,5
FN553164,5
FN553165,5
FN553166,5
FN553167,5
FN553168,5
FN553170,5
FN553239,5
FN553193,5
FN553195,5
FN553219,5
FN553220,5
FN553221,5
FN553222,5
FN553223,5
FN553224,5
FN553225,5
FN553226,5
FN553227,5
FN553228,5
FN553229,5
FN553230,5
FN553231,5
FN553232,5
FN553233,5
FN553234,5
FN553235,5
FN553236,5
FN553237,5
FN553218,5
FN553194,5
FN553217,5
FN553215,5
FN553196,5
FN553197,5
FN553198,5
FN553199,5
FN553200,5
FN553201,5
FN553202,5
FN553203,5
FN553204,5
FN553205,5
FN553206,5
FN553207,5
FN553208,5
FN553209,5
FN553210,5
FN553211,5
FN553212,5
FN553213,5
FN553214,5
FN553216,5
AB204662,5
Z29474,5
EU420974,6
MN451624,6
MN451623,6
MN451622,6
MN451620,6
MN451616,6
MN451613,6
MN451609,6
MN451596,6
MN451595,6
MN451593,6
MN451592,6
MN451591,6
MN451588,6
MN451585,6
MN451584,6
MN451582,6
MN451579,6
MN451625,6
MN451626,6
MN451627,6
MN451631,6
MN698169,6
MN698168,6
MN698166,6
MN698164,6
MN698163,6
MN698159,6
MN698158,6
MN698153,6
MN698152,6
MN698148,6
MN698144,6
MN451641,6
MN451639,6
MN451637,6
MN451635,6
MN451633,6
MN451632,6
MN451578,6
MN451576,6
MN451572,6
MN451571,6
MN451521,6
MN451519,6
MN451517,6
MN451515,6
MN451512,6
MN451511,6
MN451507,6
MN451505,6
MN451504,6
MN451502,6
MN451501,6
MN451495,6
MN451494,6
MN451491,6
MN451489,6
MN451487,6
MN451522,6
MN698171,6
MN451523,6
MN451528,6
MN451565,6
MN451557,6
MN451556,6
MN451555,6
MN451554,6
MN451551,6
MN451549,6
MN451548,6
MN451547,6
MN451546,6
MN451543,6
MN451539,6
MN451537,6
MN451534,6
MN451531,6
MN451530,6
MN451524,6
MN698172,6
MN698173,6
MN698174,6
MT032304,6
MT032303,6
MT032302,6
MT032301,6
MT032300,6
MT032299,6
MT032298,6
MT032297,6
MT032296,6
MT032295,6
MT032294,6
MT032293,6
MT032292,6
MT032291,6
MT032290,6
MT032289,6
MT032288,6
MT032305,6
MT032287,6
MT428199,6
MT428208,6
MT428275,6
MT428274,6
MT428273,6
MT428272,6
MT428271,6
MT428270,6
MT428262,6
MT428259,6
MT428257,6
MT428256,6
MT428255,6
MT428236,6
MT428233,6
MT428212,6
MT428211,6
MT428209,6
MT428207,6
MT032286,6
MT032285,6
MT032284,6
MN698234,6
MN698233,6
MN698231,6
MN698230,6
MN698226,6
MN698223,6
MN698221,6
MN698211,6
MN698204,6
MN698202,6
MN698201,6
MN698195,6
MN698187,6
MN698185,6
MN698182,6
MN698180,6
MN698175,6
MN698235,6
MN698236,6
MN807683,6
MT032265,6
MT032283,6
MT032282,6
MT032281,6
MT032280,6
MT032279,6
MT032278,6
MT032277,6
MT032276,6
MN451486,6
MT032275,6
MT032273,6
MT032272,6
MT032271,6
MT032270,6
MT032269,6
MT032268,6
MT032267,6
MT032266,6
MT032274,6
MN451482,6
MN451480,6
MN451479,6
MK439359,6
MK439358,6
MK439357,6
MK439356,6
MK439355,6
MK439354,6
MK439353,6
MK439352,6
MK439351,6
MK439350,6
MK439349,6
MK439348,6
MK439347,6
MK439346,6
MK439345,6
MK439344,6
MK439343,6
MK439360,6
MK439342,6
MK439361,6
MK439363,6
MK439380,6
MK439379,6
MK439378,6
MK439377,6
MK439376,6
MK439375,6
MK439374,6
MK439373,6
MK439372,6
MK439371,6
MK439370,6
MK439369,6
MK439368,6
MK439367,6
MK439366,6
MK439365,6
MK439364,6
MK439362,6
MK468936,6
MK439341,6
MK439339,6
MK439313,6
MK439312,6
MK439311,6
MK439310,6
MK439309,6
MK439308,6
MK439307,6
MK439306,6
MK439305,6
MK439304,6
MK439303,6
MK439301,6
MK439300,6
MK439299,6
MK439298,6
MK439297,6
MK439296,6
MK439314,6
MK439340,6
MK439315,6
MK439318,6
MK439337,6
MK439336,6
MK439335,6
MK439334,6
MK439333,6
MK439332,6
MK439330,6
MK439329,6
MK439328,6
MK439327,6
MK439325,6
MK439324,6
MK439323,6
MK439322,6
MK439321,6
MK439320,6
MK439319,6
MK439316,6
MK468937,6
MK468938,6
MK468939,6
MN451424,6
MN451420,6
MN451418,6
MN451416,6
MN451413,6
MN451406,6
MN451396,6
MN240359,6
MN153168,6
MN153167,6
MN153166,6
MN153165,6
MN153164,6
MN153163,6
MN153150,6
MK468984,6
MK468983,6
MN451427,6
MK468982,6
MN451429,6
MN451432,6
MN451478,6
MN451475,6
MN451473,6
MN451471,6
MN451470,6
MN451466,6
MN451462,6
MN451452,6
MN451451,6
MN451449,6
MN451446,6
MN451445,6
MN451442,6
MN451441,6
MN451438,6
MN451436,6
MN451431,6
MK468981,6
MK468980,6
MK468979,6
MK468956,6
MK468955,6
MK468954,6
MK468953,6
MK468952,6
MK468951,6
MK468950,6
MK468949,6
MK468948,6
MK468947,6
MK468946,6
MK468945,6
MK468944,6
MK468943,6
MK468942,6
MK468941,6
MK468940,6
MK468957,6
MK468958,6
MK468959,6
MK468960,6
MK468978,6
MK468977,6
MK468976,6
MK468975,6
MK468974,6
MK468973,6
MK468972,6
MK468971,6
MT428296,6
MK468970,6
MK468968,6
MK468967,6
MK468966,6
MK468965,6
MK468964,6
MK468963,6
MK468962,6
MK468961,6
MK468969,6
MT428299,6
MT428318,6
MT428319,6
EU420970,6
EU420971,6
EU420972,6
Y12083,6
U90839,6
U90838,6
U90837,6
U90836,6
U77130,6
U52811,6
U52810,6
U33435,6
U33431,6
U31276,6
U31275,6
U31265,6
EU420969,6
U31264,6
EU420968,6
EU420966,6
EU246940,6
EU408326,6
EU408327,6
EU408328,6
EU408329,6
EU408330,6
EU408331,6
EU408332,6
EU420957,6
EU420958,6
EU420959,6
EU420960,6
EU420961,6
EU420962,6
EU420963,6
EU420964,6
EU420965,6
EU420967,6
EU246939,6
U31263,6
U31261,6
OR210800,6
OR210783,6
OR210776,6
OR210766,6
OR210759,6
OR210755,6
OR210747,6
OR210742,6
OR210741,6
OR210704,6
OR210689,6
OR210685,6
OR210678,6
OR210677,6
OR210663,6
OR210649,6
OR210635,6
OR210802,6
U31262,6
OR210805,6
OR210832,6
U31260,6
U31259,6
U31258,6
U23750,6
U23397,6
U23386,6
U13010,6
U10198,6
OR210919,6
OR210888,6
OR210878,6
OR210866,6
OR210864,6
OR210863,6
OR210850,6
OR210846,6
OR210836,6
OR210819,6
EU246938,6
EU246937,6
EU246936,6
EU081357,6
EU081358,6
EU081359,6
EU081376,6
EU081386,6
EU081392,6
EU081396,6
EU081398,6
EU081399,6
EU081406,6
EU081422,6
EU081426,6
EU081427,6
EU081428,6
EU081431,6
EU081433,6
EU081435,6
EU081356,6
EU081438,6
EU081355,6
EU081353,6
EU081336,6
EU081337,6
EU081338,6
EU081339,6
EU081340,6
EU081341,6
EU081342,6
EU081343,6
EU081344,6
EU081346,6
EU081347,6
EU081349,6
EU081350,6
EU081351,6
EU081352,6
EU081354,6
EU081443,6
EU081453,6
EU119977,6
EU119978,6
EU119979,6
EU119980,6
EU119981,6
EU119982,6
EU119983,6
EU127994,6
EU127995,6
EU158186,6
EU246930,6
EU246931,6
EU246932,6
EU246933,6
EU246934,6
EU246935,6
EU119976,6
EU119975,6
EU119974,6
EU119973,6
EU081463,6
EU081465,6
EU081466,6
EU081473,6
EU081489,6
EU081493,6
EU081494,6
EU081495,6
OR210624,6
EU081498,6
EU081502,6
EU081505,6
EU081506,6
EU119968,6
EU119969,6
EU119970,6
EU119971,6
EU119972,6
EU081500,6
MK439295,6
OR210607,6
OR210588,6
OM654294,6
NC_009827,6
MZ328155,6
MZ328154,6
MZ328153,6
MZ328152,6
MZ328151,6
MZ328150,6
MZ328149,6
MZ328148,6
MZ328147,6
MZ328146,6
MZ328145,6
MZ328144,6
MZ328143,6
MZ328141,6
OM654295,6
MZ328140,6
OM654296,6
OM654298,6
OQ385329,6
OQ385328,6
OQ385327,6
OQ385326,6
OQ385325,6
OQ385324,6
OQ385323,6
OQ385322,6
OQ385321,6
OQ385320,6
OQ385319,6
OQ385318,6
ON156334,6
ON125369,6
OM654301,6
OM654300,6
OM654299,6
OM654297,6
OQ385330,6
MZ328139,6
MZ328137,6
MW205417,6
MW205416,6
MW205415,6
MW205375,6
MW205374,6
MW205373,6
MW205372,6
MW205371,6
MW205281,6
MW205269,6
MW205264,6
MW205255,6
MW205252,6
MT542104,6
MT523036,6
MT428322,6
MT428320,6
MW205418,6
MZ328138,6
MW205419,6
MW205421,6
MZ328136,6
MZ328135,6
MZ328134,6
MZ328133,6
MZ328132,6
MZ328131,6
MZ328130,6
MZ328129,6
MW927700,6
MW927680,6
MW629116,6
MW323116,6
MW323078,6
MW205425,6
MW205424,6
MW205423,6
MW205422,6
MW205420,6
OQ385331,6
OQ385332,6
OQ385333,6
OQ656817,6
OQ656813,6
OQ621785,6
OQ621772,6
OQ385389,6
OQ385388,6
OQ385387,6
OQ385386,6
OQ385385,6
OQ385384,6
OQ385383,6
OQ385382,6
OQ385381,6
OQ385380,6
OQ385379,6
OQ385378,6
OQ385377,6
OQ656818,6
OQ385376,6
OQ656819,6
OQ731491,6
OR210581,6
OR210574,6
OR210556,6
OR210552,6
OR210544,6
OR210541,6
OR210535,6
OR210505,6
OR210481,6
OR210479,6
OR210458,6
OR210457,6
OR210454,6
OR210432,6
OR210427,6
OQ656822,6
OQ385375,6
OQ385374,6
OQ385373,6
OQ385350,6
OQ385349,6
OQ385348,6
OQ385347,6
OQ385346,6
OQ385345,6
OQ385344,6
OQ385343,6
OQ385341,6
OQ385340,6
OQ385339,6
OQ385338,6
OQ385337,6
OQ385336,6
OQ385334,6
OQ385351,6
OQ385352,6
OQ385353,6
OQ385354,6
OQ385372,6
OQ385371,6
OQ385370,6
OQ385369,6
OQ385368,6
OQ385366,6
OQ385365,6
OR210603,6
OQ385364,6
OQ385362,6
OQ385361,6
OQ385360,6
OQ385359,6
OQ385358,6
OQ385357,6
OQ385356,6
OQ385355,6
OQ385363,6
MK439294,6
MK439293,6
MK439292,6
MK438816,6
MK438815,6
MK438814,6
MK438813,6
MK438812,6
MK438811,6
MK438810,6
MK438809,6
MK438808,6
MK438807,6
MK438806,6
MK438805,6
MK438804,6
MK438803,6
MK438802,6
MK438801,6
MK438800,6
MK438817,6
MK438799,6
MK438818,6
MK438820,6
MK438841,6
MK438840,6
MK438839,6
MK438838,6
MK438837,6
MK438836,6
MK438834,6
MK438832,6
MK438830,6
MK438829,6
MK438827,6
MK438826,6
MK438825,6
MK438824,6
MK438823,6
MK438822,6
MK438821,6
MK438819,6
MK438842,6
MK438798,6
MK438796,6
MK438774,6
MK438773,6
MK438772,6
MK438771,6
MK438770,6
MK438769,6
MK438768,6
MK438767,6
MK438766,6
MK438765,6
MK438764,6
MK438763,6
MK438762,6
MK438761,6
MK438760,6
MK438759,6
MK438757,6
MK438775,6
MK438797,6
MK438776,6
MK438778,6
MK438795,6
MK438794,6
MK438793,6
MK438792,6
MK438791,6
MK438790,6
MK438789,6
MK438788,6
MK438787,6
MK438786,6
MK438785,6
MK438784,6
MK438783,6
MK438782,6
MK438781,6
MK438780,6
MK438779,6
MK438777,6
MK438843,6
MK438844,6
MK438845,6
MK438909,6
MK438908,6
MK438907,6
MK438906,6
MK438905,6
MK438904,6
MK438903,6
MK438901,6
MK438900,6
MK438899,6
MK438898,6
MK438897,6
MK438896,6
MK438895,6
MK438894,6
MK438893,6
MK438892,6
MK438910,6
MK438891,6
MK438911,6
MK438913,6
MK438932,6
MK438931,6
MK438930,6
MK438929,6
MK438928,6
MK438927,6
MK438924,6
MK438923,6
MK438922,6
MK438921,6
MK438920,6
MK438919,6
MK438918,6
MK438917,6
MK438916,6
MK438915,6
MK438914,6
MK438912,6
MK438890,6
MK438889,6
MK438888,6
MK438864,6
MK438863,6
MK438861,6
MK438860,6
MK438859,6
MK438858,6
MK438857,6
MK438856,6
MK438855,6
MK438854,6
MK438853,6
MK438852,6
MK438851,6
MK438850,6
MK438848,6
MK438847,6
MK438846,6
MK438865,6
MK438866,6
MK438867,6
MK438868,6
MK438887,6
MK438886,6
MK438885,6
MK438884,6
MK438883,6
MK438882,6
MK438880,6
MK438879,6
MK438756,6
MK438878,6
MK438876,6
MK438875,6
MK438874,6
MK438873,6
MK438872,6
MK438871,6
MK438870,6
MK438869,6
MK438877,6
MK438933,6
MK438755,6
MK438753,6
MK438644,6
MK438643,6
MK438642,6
MK438641,6
MK438640,6
MK438639,6
MK438638,6
MK438637,6
MK438636,6
MK438635,6
MK438634,6
MK438633,6
MK438632,6
MK438631,6
MK438630,6
MK438629,6
MK438628,6
MK438645,6
MK438627,6
MK438646,6
MK438648,6
MK438665,6
MK438664,6
MK438663,6
MK438662,6
MK438661,6
MK438660,6
MK438659,6
MK438658,6
MK438657,6
MK438656,6
MK438655,6
MK438654,6
MK438653,6
MK438652,6
MK438651,6
MK438650,6
MK438649,6
MK438647,6
MK438666,6
MK438626,6
MK438624,6
MK438602,6
MK438601,6
MK438600,6
MK438598,6
MK438597,6
MK438596,6
MK438595,6
MK438594,6
MK438593,6
MK438592,6
MK438591,6
MK438590,6
MK438589,6
MK438588,6
MK438587,6
MK438586,6
MK438585,6
MK438603,6
MK438625,6
MK438604,6
MK438606,6
MK438623,6
MK438622,6
MK438621,6
MK438620,6
MK438619,6
MK438618,6
MK438617,6
MK438616,6
MK438615,6
MK438614,6
MK438613,6
MK438612,6
MK438611,6
MK438610,6
MK438609,6
MK438608,6
MK438607,6
MK438605,6
MK438667,6
MK438668,6
MK438669,6
MK438730,6
MK438729,6
MK438728,6
MK438727,6
MK438726,6
MK438725,6
MK438724,6
MK438723,6
MK438722,6
MK438721,6
MK438720,6
MK438719,6
MK438718,6
MK438717,6
MK438716,6
MK438715,6
MK438714,6
MK438731,6
MK438713,6
MK438732,6
MK438734,6
MK438752,6
MK438751,6
MK438749,6
MK438748,6
MK438747,6
MK438746,6
MK438745,6
MK438744,6
MK438743,6
MK438742,6
MK438741,6
MK438740,6
MK438739,6
MK438738,6
MK438737,6
MK438736,6
MK438735,6
MK438733,6
MK438712,6
MK438711,6
MK438710,6
MK438686,6
MK438685,6
MK438684,6
MK438683,6
MK438682,6
MK438681,6
MK438680,6
MK438679,6
MK438678,6
MK438677,6
MK438676,6
MK438675,6
MK438674,6
MK438673,6
MK438672,6
MK438671,6
MK438670,6
MK438687,6
MK438688,6
MK438689,6
MK438690,6
MK438709,6
MK438708,6
MK438707,6
MK438706,6
MK438705,6
MK438704,6
MK438702,6
MK438701,6
MK438754,6
MK438700,6
MK438698,6
MK438697,6
MK438696,6
MK438695,6
MK438694,6
MK438693,6
MK438692,6
MK438691,6
MK438699,6
MK438934,6
MK438935,6
MK438936,6
MK439181,6
MK439180,6
MK439179,6
MK439178,6
MK439177,6
MK439176,6
MK439175,6
MK439174,6
MK439173,6
MK439172,6
MK439171,6
MK439170,6
MK439169,6
MK439168,6
MK439167,6
MK439166,6
MK439165,6
MK439182,6
MK439163,6
MK439183,6
MK439185,6
MK439202,6
MK439201,6
MK439200,6
MK439199,6
MK439198,6
MK439197,6
MK439196,6
MK439195,6
MK439194,6
MK439193,6
MK439192,6
MK439191,6
MK439190,6
MK439189,6
MK439188,6
MK439187,6
MK439186,6
MK439184,6
MK439203,6
MK439162,6
MK439160,6
MK439136,6
MK439135,6
MK439134,6
MK439133,6
MK439132,6
MK439131,6
MK439130,6
MK439129,6
MK439128,6
MK439127,6
MK439126,6
MK439125,6
MK439124,6
MK439123,6
MK439122,6
MK439121,6
MK439120,6
MK439137,6
MK439161,6
MK439138,6
MK439140,6
MK439159,6
MK439158,6
MK439157,6
MK439156,6
MK439155,6
MK439154,6
MK439152,6
MK439151,6
MK439150,6
MK439149,6
MK439147,6
MK439146,6
MK439145,6
MK439144,6
MK439143,6
MK439142,6
MK439141,6
MK439139,6
MK439204,6
MK439205,6
MK439206,6
MK439268,6
MK439267,6
MK439266,6
MK439265,6
MK439264,6
MK439262,6
MK439261,6
MK439260,6
MK439258,6
MK439257,6
MK439256,6
MK439255,6
MK439254,6
MK439253,6
MK439252,6
MK439251,6
MK439250,6
MK439269,6
MK439249,6
MK439270,6
MK439273,6
MK439291,6
MK439289,6
MK439288,6
MK439287,6
MK439286,6
MK439285,6
MK439284,6
MK439283,6
MK439282,6
MK439281,6
MK439280,6
MK439279,6
MK439278,6
MK439277,6
MK439276,6
MK439275,6
MK439274,6
MK439272,6
MK439248,6
MK439247,6
MK439246,6
MK439223,6
MK439222,6
MK439221,6
MK439220,6
MK439219,6
MK439218,6
MK439217,6
MK439216,6
MK439215,6
MK439214,6
MK439213,6
MK439212,6
MK439211,6
MK439210,6
MK439209,6
MK439208,6
MK439207,6
MK439224,6
MK439225,6
MK439226,6
MK439227,6
MK439245,6
MK439244,6
MK439243,6
MK439242,6
MK439241,6
MK439240,6
MK439239,6
MK439238,6
MK439119,6
MK439237,6
MK439235,6
MK439234,6
MK439233,6
MK439232,6
MK439231,6
MK439230,6
MK439229,6
MK439228,6
MK439236,6
MK439118,6
MK439117,6
MK439116,6
MK439000,6
MK438999,6
MK438998,6
MK438997,6
MK438996,6
MK438995,6
MK438994,6
MK438993,6
MK438992,6
MK438991,6
MK438990,6
MK438989,6
MK438988,6
MK438987,6
MK438986,6
MK438985,6
MK438984,6
MK439001,6
MK438983,6
MK439002,6
MK439004,6
MK439021,6
MK439020,6
MK439019,6
MK439018,6
MK439017,6
MK439016,6
MK439015,6
MK439014,6
MK439013,6
MK439012,6
MK439011,6
MK439010,6
MK439009,6
MK439008,6
MK439007,6
MK439006,6
MK439005,6
MK439003,6
MK438982,6
MK438981,6
MK438980,6
MK438954,6
MK438952,6
MK438951,6
MK438950,6
MK438949,6
MK438948,6
MK438947,6
MK438946,6
MK438944,6
MK438943,6
MK438942,6
MK438941,6
MK438940,6
MK438939,6
MK438938,6
MK438937,6
MK438955,6
MK438956,6
MK438957,6
MK438958,6
MK438979,6
MK438978,6
MK438977,6
MK438976,6
MK438974,6
MK438973,6
MK438972,6
MK438971,6
MK439022,6
MK438969,6
MK438967,6
MK438966,6
MK438965,6
MK438964,6
MK438963,6
MK438962,6
MK438960,6
MK438959,6
MK438968,6
EU081335,6
MK439023,6
MK439025,6
MK439092,6
MK439088,6
MK439087,6
MK439085,6
MK439084,6
MK439083,6
MK439082,6
MK439081,6
MK439079,6
MK439078,6
MK439077,6
MK439076,6
MK439075,6
MK439074,6
MK439073,6
MK439072,6
MK439071,6
MK439094,6
MK439069,6
MK439096,6
MK439098,6
MK439115,6
MK439114,6
MK439113,6
MK439112,6
MK439111,6
MK439110,6
MK439109,6
MK439108,6
MK439107,6
MK439106,6
MK439105,6
MK439104,6
MK439103,6
MK439102,6
MK439101,6
MK439100,6
MK439099,6
MK439097,6
MK439068,6
MK439067,6
MK439066,6
MK439042,6
MK439041,6
MK439040,6
MK439039,6
MK439038,6
MK439037,6
MK439036,6
MK439035,6
MK439034,6
MK439033,6
MK439032,6
MK439031,6
MK439030,6
MK439029,6
MK439028,6
MK439027,6
MK439026,6
MK439043,6
MK439044,6
MK439046,6
MK439047,6
MK439065,6
MK439064,6
MK439063,6
MK439062,6
MK439061,6
MK439060,6
MK439059,6
MK439058,6
MK439024,6
MK439057,6
MK439055,6
MK439054,6
MK439053,6
MK439052,6
MK439051,6
MK439050,6
MK439049,6
MK439048,6
MK439056,6
EU081334,6
EU081333,6
EU081332,6
AB523281,6
AB523289,6
AB523292,6
AB523299,6
AB523300,6
AB523301,6
AB523305,6
AB523312,6
AB523318,6
AB523319,6
AB523321,6
AB523326,6
AB523330,6
AB523332,6
AB523333,6
AB523334,6
AB523278,6
AB523339,6
AB523272,6
AB523269,6
AB523176,6
AB523177,6
AB523178,6
AB523179,6
AB523183,6
AB523188,6
AB523189,6
AB523190,6
AB523192,6
AB523196,6
AB523217,6
AB523239,6
AB523248,6
AB523257,6
AB523259,6
AB523262,6
AB523264,6
AB523270,6
AB523174,6
AB523341,6
AB523345,6
AJ511002,6
AJ511005,6
AJ511006,6
AJ511007,6
AJ511008,6
AJ511009,6
AJ511010,6
AJ511011,6
AJ511012,6
AJ511013,6
AJ511014,6
AJ511015,6
AM502713,6
AB523344,6
AJ511000,6
AF484976,6
AF484977,6
AF484979,6
AF484980,6
AF528325,6
AF528326,6
AJ510988,6
AJ510989,6
AJ510990,6
AJ510991,6
AJ510993,6
AJ510994,6
AJ510995,6
AJ510996,6
AJ510997,6
AJ510999,6
AB523169,6
AB523168,6
AB523167,6
AB523051,6
AB523054,6
AB523055,6
AB523056,6
AB523067,6
AB523069,6
AB523070,6
AB523071,6
AB523072,6
AB523073,6
AB523075,6
AB523077,6
AB523080,6
AB523081,6
AB523088,6
AB523090,6
AB523050,6
AB523091,6
AB523046,6
AB523043,6
AB523001,6
AB523002,6
AB523008,6
AB523011,6
AB523015,6
AB523017,6
AB523018,6
AB523019,6
AB523022,6
AB523026,6
AB523027,6
AB523029,6
AB523030,6
AB523032,6
AB523034,6
AB523036,6
AB523044,6
AB523095,6
AB523099,6
AB523100,6
AB523138,6
AB523139,6
AB523142,6
AB523144,6
AB523145,6
AB523146,6
AB523147,6
AB523150,6
AB523151,6
AB523158,6
AB523159,6
AB523161,6
AB523163,6
AB523165,6
AB523137,6
AB523136,6
AB523135,6
AB523134,6
AB523101,6
AB523105,6
AB523106,6
AB523107,6
AB523112,6
AB523113,6
AB523117,6
AB523118,6
AM502714,6
AB523119,6
AB523125,6
AB523126,6
AB523127,6
AB523128,6
AB523131,6
AB523132,6
AB523133,6
AB523123,6
AB522999,6
AY089754,6
AY089756,6
AY835089,6
AY835090,6
AY835091,6
AY835092,6
AY835093,6
AY835094,6
AY835095,6
AY835096,6
AY835097,6
AY835098,6
AY835099,6
AY835100,6
AY835102,6
AY835103,6
AY835199,6
AY835318,6
AY835319,6
AY835088,6
AY835320,6
AY835087,6
AY834952,6
AY767714,6
AY767999,6
AY834937,6
AY834938,6
AY834939,6
AY834940,6
AY834941,6
AY834942,6
AY834943,6
AY834944,6
AY834945,6
AY834946,6
AY834947,6
AY834948,6
AY834949,6
AY834950,6
AY834951,6
AY834953,6
AY767511,6
AY835321,6
AY835323,6
AY878484,6
AY878485,6
AY878486,6
AY878487,6
AY878488,6
AY878489,6
AY878490,6
AY878491,6
AY878492,6
AY878493,6
AY878494,6
AY878495,6
AY878496,6
AY878497,6
AY878499,6
AY878500,6
AY871231,6
AY835322,6
AY871230,6
AY871221,6
AY835324,6
AY835325,6
AY835326,6
AY835327,6
AY835328,6
AY835329,6
AY835330,6
AY835331,6
AY835332,6
AY835333,6
AY835334,6
AY859526,6
AY862539,6
AY862540,6
AY862542,6
AY871219,6
AY871225,6
AY767261,6
AY765252,6
AY765251,6
AY735101,6
AY735102,6
AY739344,6
AY739415,6
AY739416,6
AY739417,6
AY739418,6
AY739419,6
AY739420,6
AY739421,6
AY739422,6
AY739423,6
AY739424,6
AY739425,6
AY739426,6
AY739427,6
AY739428,6
AY734481,6
AY739429,6
AY734480,6
AY734478,6
AY089757,6
AY089758,6
AY089759,6
AY089763,6
AY190347,6
AY190377,6
AY231583,6
AY434110,6
AY434111,6
AY732110,6
AY732189,6
AY732191,6
AY732192,6
AY732194,6
AY732195,6
AY732198,6
AY732206,6
AY734479,6
AY739430,6
AY739431,6
AY739432,6
AY754631,6
AY754632,6
AY754633,6
AY754637,6
AY754638,6
AY754639,6
AY765240,6
AY765241,6
AY765243,6
AY765245,6
AY765247,6
AY765248,6
AY765249,6
AY765250,6
AY754630,6
AY754629,6
AY754627,6
AY739433,6
AY739434,6
AY739435,6
AY739436,6
AY739437,6
AY739438,6
AY739439,6
AY754610,6
AY089755,6
AY754611,6
AY754613,6
AY754614,6
AY754615,6
AY754616,6
AY754617,6
AY754618,6
AY754625,6
AY754626,6
AY754612,6
AB522997,6
AB522994,6
AB522992,6
AB281418,6
AB281420,6
AB284191,6
AB284193,6
AB284194,6
AB284196,6
AB284200,6
AB284201,6
AB284202,6
AB284204,6
AB284206,6
AB284208,6
AB284209,6
AB284211,6
AB284212,6
AB284214,6
AB284215,6
AB281417,6
AB284216,6
AB281416,6
AB281413,6
AB269346,6
AB269347,6
AB269348,6
AB269349,6
AB269353,6
AB281382,6
AB281383,6
AB281386,6
AB281387,6
AB281388,6
AB281397,6
AB281399,6
AB281403,6
AB281405,6
AB281408,6
AB281409,6
AB281411,6
AB281415,6
AB269344,6
AB284217,6
AB284221,6
AB287340,6
AB287341,6
AB287342,6
AB287343,6
AB287345,6
AB290940,6
AB290943,6
AB290947,6
AB290950,6
AB290963,6
AB290964,6
AB290965,6
AB290966,6
AB290967,6
AB290969,6
AB290970,6
AB290974,6
AB287337,6
AB284219,6
AB284257,6
AB284255,6
AB284222,6
AB284223,6
AB284224,6
AB284226,6
AB284227,6
AB284230,6
AB284232,6
AB284233,6
AB284234,6
AB284235,6
AB284237,6
AB284238,6
AB284241,6
AB284246,6
AB284247,6
AB284248,6
AB284253,6
AB284256,6
AB269340,6
AB269335,6
AB269334,6
AB103153,6
AB103154,6
AB103155,6
AB103156,6
AB103157,6
AB162864,6
AB162865,6
AB162866,6
AB162867,6
AB162868,6
AB162869,6
AB162870,6
AB162871,6
AB162872,6
AB162873,6
AB162874,6
AB162875,6
AB103152,6
AB162876,6
AB103151,6
AB103149,6
AB027608,6
AB027609,6
AB027610,6
AB103135,6
AB103136,6
AB103137,6
AB103138,6
AB103139,6
AB103140,6
AB103141,6
AB103142,6
AB103143,6
AB103144,6
AB103145,6
AB103146,6
AB103147,6
AB103148,6
AB103150,6
AB162883,6
AB162884,6
AB162885,6
AB204700,6
AB204701,6
AB204703,6
AB204704,6
AB204705,6
AB204706,6
AB204707,6
AB204708,6
AB254860,6
AB254861,6
AB254862,6
AB254863,6
AB269330,6
AB269331,6
AB269332,6
AB269333,6
AB204699,6
AB204698,6
AB204697,6
AB204696,6
AB162886,6
AB162887,6
AB162888,6
AB162889,6
AB162890,6
AB162891,6
AB162892,6
AB162893,6
AB290978,6
AB204686,6
AB204688,6
AB204689,6
AB204690,6
AB204691,6
AB204692,6
AB204693,6
AB204687,6
AB290979,6
AB290980,6
AB290982,6
AB301847,6
AB301848,6
AB301849,6
AB301850,6
AB301851,6
AB301852,6
AB301853,6
AB301854,6
AB301855,6
AB301856,6
AB306327,6
AB306328,6
AB306336,6
AB306341,6
AB306342,6
AB306344,6
AB306346,6
AB301846,6
AB306347,6
AB301845,6
AB301843,6
AB301826,6
AB301827,6
AB301828,6
AB301829,6
AB301830,6
AB301831,6
AB301832,6
AB301833,6
AB301834,6
AB301835,6
AB301836,6
AB301837,6
AB301838,6
AB301839,6
AB301840,6
AB301841,6
AB301842,6
AB301844,6
AB306348,6
AB306349,6
AB306353,6
AB306391,6
AB306396,6
AB306397,6
AB306400,6
AB306403,6
AB306405,6
AB522973,6
AB522974,6
AB522975,6
AB522980,6
AB522983,6
AB522988,6
AB522989,6
AB522990,6
AB522991,6
AB306390,6
AB306389,6
AB306387,6
AB306386,6
AB306354,6
AB306358,6
AB306359,6
AB306361,6
AB306362,6
AB306363,6
AB306364,6
AB306366,6
AB301825,6
AB306368,6
AB306371,6
AB306375,6
AB306378,6
AB306379,6
AB306380,6
AB306381,6
AB306383,6
AB306384,6
AB306370,6
AY878501,6
AB301824,6
AB301822,6
AB291023,6
AB291025,6
AB291026,6
AB291027,6
AB291029,6
AB291030,6
AB291033,6
AB291034,6
AB291035,6
AB291037,6
AB291038,6
AB291039,6
AB291040,6
AB291046,6
AB291047,6
AB291050,6
AB291051,6
AB291022,6
AB291052,6
AB291021,6
AB291017,6
AB290984,6
AB290985,6
AB290986,6
AB290988,6
AB290990,6
AB290991,6
AB290992,6
AB290993,6
AB290995,6
AB290996,6
AB290997,6
AB290999,6
AB291000,6
AB291007,6
AB291009,6
AB291011,6
AB291013,6
AB291018,6
AB291053,6
AB291055,6
AB301805,6
AB301806,6
AB301807,6
AB301808,6
AB301809,6
AB301810,6
AB301811,6
AB301812,6
AB301813,6
AB301814,6
AB301815,6
AB301816,6
AB301817,6
AB301818,6
AB301819,6
AB301820,6
AB301821,6
AB301804,6
AB301803,6
AB301802,6
AB301801,6
AB301783,6
AB301784,6
AB301785,6
AB301786,6
AB301787,6
AB301788,6
AB301789,6
AB301790,6
AB301823,6
AB301791,6
AB301793,6
AB301794,6
AB301795,6
AB301796,6
AB301797,6
AB301798,6
AB301799,6
AB301800,6
AB301792,6
MK438584,6
AY878502,6
AY878504,6
DQ859971,6
EF115707,6
EF115708,6
EF115709,6
EF115710,6
EF115713,6
EF115714,6
EF115715,6
EF115716,6
EF115717,6
EF115718,6
EF115719,6
EF115721,6
EF115722,6
DQ859963,6
EF115723,6
DQ859957,6
DQ859955,6
DQ835770,6
DQ859930,6
DQ859931,6
DQ859932,6
DQ859937,6
DQ859938,6
DQ859940,6
DQ859941,6
DQ859942,6
DQ859944,6
DQ859946,6
DQ859948,6
DQ859949,6
DQ859950,6
DQ859952,6
DQ859953,6
DQ859954,6
DQ859956,6
DQ835769,6
EF115726,6
EF115748,6
EF115749,6
EF115751,6
EF115752,6
EF115753,6
EF115755,6
EF115756,6
EF115757,6
EF115926,6
EF115927,6
EF115928,6
EF115929,6
EF115930,6
EF115931,6
EF115932,6
EF115747,6
EF115725,6
EF115744,6
EF115729,6
EF115730,6
EF115732,6
EF115734,6
EF115735,6
EF115737,6
EF115740,6
EF115742,6
EF115745,6
DQ835768,6
DQ835767,6
DQ835766,6
DQ835706,6
DQ835707,6
DQ835715,6
DQ835717,6
DQ835719,6
DQ835720,6
DQ835721,6
DQ835722,6
DQ835705,6
DQ835723,6
DQ835685,6
DQ835686,6
DQ835687,6
DQ835688,6
DQ835689,6
DQ835690,6
DQ835691,6
DQ835692,6
DQ835694,6
DQ835695,6
DQ835697,6
DQ835698,6
DQ835699,6
DQ835703,6
DQ835724,6
DQ835725,6
DQ835726,6
DQ835749,6
DQ835751,6
DQ835754,6
DQ835757,6
DQ835758,6
DQ835759,6
DQ835760,6
DQ835761,6
DQ835762,6
DQ835763,6
DQ835764,6
DQ835765,6
DQ835727,6
DQ835728,6
DQ835729,6
DQ835730,6
DQ835731,6
DQ835733,6
DQ835734,6
EF115933,6
DQ835737,6
DQ835738,6
DQ835741,6
DQ835742,6
DQ835684,6
EF115934,6
EF115936,6
EF185935,6
EF185936,6
EF185937,6
EF185938,6
EF185939,6
EF185940,6
EF185943,6
EF185947,6
EF185950,6
EF185952,6
EF185953,6
EF185954,6
EF185956,6
EF185957,6
EF185958,6
EF185961,6
EF185965,6
EF185931,6
EF185967,6
EF185930,6
EF185926,6
EF116193,6
EF116194,6
EF116195,6
EF116196,6
EF116197,6
EF116198,6
EF116199,6
EF116200,6
EF175791,6
EF175792,6
EF175814,6
EF175815,6
EF175837,6
EF175838,6
EF185923,6
EF185924,6
EF185925,6
EF185927,6
EF116192,6
EF185971,6
EF632069,6
EF632070,6
EF632071,6
EU081306,6
EU081307,6
EU081309,6
EU081310,6
EU081311,6
EU081322,6
EU081323,6
EU081324,6
EU081325,6
EU081326,6
EU081329,6
EU081331,6
EF543244,6
EF185969,6
EF543243,6
EF543224,6
EF185973,6
EF185982,6
EF185988,6
EF420130,6
EF420131,6
EF420132,6
EF420133,6
EF420134,6
EF424625,6
EF424626,6
EF424627,6
EF424628,6
EF424629,6
EF523601,6
EF543222,6
EF543225,6
EF116191,6
EF116190,6
EF116189,6
EF115958,6
EF115959,6
EF115960,6
EF115961,6
EF115962,6
EF115963,6
EF115964,6
EF115965,6
EF115966,6
EF115967,6
EF115968,6
EF115969,6
EF115970,6
EF115971,6
EF115972,6
EF115973,6
EF115974,6
EF115957,6
EF115975,6
EF115956,6
EF115954,6
EF115937,6
EF115938,6
EF115939,6
EF115940,6
EF115941,6
EF115942,6
EF115943,6
EF115944,6
EF115945,6
EF115946,6
EF115947,6
EF115948,6
EF115949,6
EF115950,6
EF115951,6
EF115952,6
EF115953,6
EF115955,6
EF115976,6
EF115977,6
EF116149,6
EF116172,6
EF116173,6
EF116174,6
EF116175,6
EF116176,6
EF116177,6
EF116178,6
EF116179,6
EF116180,6
EF116181,6
EF116182,6
EF116183,6
EF116184,6
EF116185,6
EF116186,6
EF116187,6
EF116188,6
EF116171,6
EF116170,6
EF116169,6
EF116168,6
EF116150,6
EF116151,6
EF116152,6
EF116153,6
EF116154,6
EF116155,6
EF116156,6
EF116157,6
EF115935,6
EF116158,6
EF116160,6
EF116161,6
EF116162,6
EF116163,6
EF116164,6
EF116165,6
EF116166,6
EF116167,6
EF116159,6
DQ835681,6
D28838,6
D28839,6
D28840,6
D28841,6
D28842,6
D28843,6
D28846,6
D28847,6
D28849,6
D28850,6
D28852,6
D28853,6
D28854,6
D28855,6
D28856,6
D30797,6
D28837,6
D31971,6
D28835,6
D28833,6
D28541,6
D28542,6
D28543,6
D28544,6
D28545,6
D28546,6
D28547,6
D28820,6
D28821,6
D28824,6
D28825,6
D28827,6
D28828,6
D28830,6
D28834,6
D17494,6
D37841,6
D37843,6
D37868,6
D37869,6
D38078,6
D38079,6
D49457,6
D49458,6
D49748,6
D49751,6
D49758,6
D49763,6
D49766,6
D49779,6
D63822,6
D63943,6
D63944,6
D63945,6
D63946,6
D37867,6
D37842,6
D37866,6
D37864,6
D37844,6
D37845,6
D37846,6
D37847,6
D37848,6
D37849,6
D37850,6
D37851,6
D37855,6
D37856,6
D37857,6
D37858,6
D37859,6
D37860,6
D37861,6
D37862,6
D37863,6
D37865,6
D17493,6
D17492,6
D17491,6
AY878526,6
AY878527,6
AY878528,6
AY878529,6
AY878530,6
AY878531,6
AY878532,6
AY878533,6
AY878534,6
AY878535,6
AY878650,6
AY878651,6
AY878652,6
AY887973,6
AY887974,6
AY887975,6
AY878525,6
AY887976,6
AY878524,6
AY878522,6
AY878505,6
AY878506,6
AY878507,6
AY878508,6
AY878509,6
AY878510,6
AY878511,6
AY878512,6
AY878513,6
AY878514,6
AY878515,6
AY878516,6
AY878517,6
AY878519,6
AY878520,6
AY878521,6
AY878523,6
AY887977,6
AY887978,6
AY887979,6
AY973866,6
D14180,6
D14193,6
D14194,6
D17474,6
D17475,6
D17478,6
D17479,6
D17480,6
D17481,6
D17482,6
D17483,6
D17484,6
D17485,6
D17487,6
D17488,6
D17490,6
AY973865,6
AY921163,6
AY894549,6
AY887980,6
AY887981,6
AY887982,6
AY894524,6
AY894525,6
AY894532,6
AY894534,6
D63947,6
AY894535,6
AY894537,6
AY894541,6
AY894543,6
AY894544,6
AY894545,6
AY894546,6
AY894547,6
D84263,6
D84264,6
DQ480517,6
DQ480518,6
DQ480519,6
DQ480520,6
DQ480521,6
DQ480522,6
DQ480523,6
DQ480524,6
DQ525424,6
DQ525425,6
DQ525426,6
DQ525427,6
DQ525428,6
DQ525429,6
DQ525430,6
DQ525431,6
DQ525432,6
DQ480516,6
DQ525433,6
DQ480515,6
DQ480513,6
DQ155551,6
DQ155552,6
DQ155554,6
DQ155557,6
DQ155559,6
DQ155560,6
DQ155566,6
DQ179116,6
DQ179117,6
DQ278891,6
DQ278892,6
DQ278893,6
DQ278894,6
DQ314805,6
DQ314806,6
DQ323546,6
DQ480512,6
DQ480514,6
DQ525434,6
DQ640338,6
DQ640339,6
DQ663601,6
DQ663604,6
DQ663607,6
DQ666243,6
DQ666250,6
DQ666253,6
DQ666260,6
DQ666264,6
DQ666265,6
DQ666268,6
DQ777779,6
DQ777780,6
DQ777797,6
DQ777798,6
DQ777799,6
DQ835679,6
DQ663600,6
DQ663599,6
DQ663598,6
DQ640386,6
DQ640340,6
DQ640341,6
DQ640342,6
DQ640343,6
DQ640344,6
DQ640345,6
DQ640346,6
DQ640360,6
DQ155549,6
DQ640361,6
DQ640365,6
DQ640366,6
DQ640367,6
DQ640368,6
DQ640369,6
DQ640370,6
DQ640371,6
DQ640372,6
DQ640364,6
AY878503,6
DQ155548,6
DQ155542,6
D88471,6
D88472,6
D88473,6
D88474,6
D88475,6
D88476,6
D88477,6
D88478,6
DQ155444,6
DQ155445,6
DQ155446,6
DQ155450,6
DQ155451,6
DQ155452,6
DQ155453,6
DQ155456,6
DQ155457,6
D88470,6
DQ155459,6
D88469,6
D88467,6
D84265,6
D87352,6
D87353,6
D87354,6
D87355,6
D87356,6
D87357,6
D87358,6
D87359,6
D87360,6
D87361,6
D87362,6
D87363,6
D87364,6
D87365,6
D88465,6
D88466,6
D88468,6
DQ155461,6
DQ155463,6
DQ155465,6
DQ155509,6
DQ155510,6
DQ155511,6
DQ155514,6
DQ155515,6
DQ155517,6
DQ155519,6
DQ155521,6
DQ155523,6
DQ155525,6
DQ155526,6
DQ155527,6
DQ155530,6
DQ155532,6
DQ155533,6
DQ155537,6
DQ155541,6
DQ155508,6
DQ155504,6
DQ155503,6
DQ155502,6
DQ155467,6
DQ155468,6
DQ155469,6
DQ155472,6
DQ155474,6
DQ155475,6
DQ155476,6
DQ155479,6
DQ155545,6
DQ155483,6
DQ155487,6
DQ155490,6
DQ155491,6
DQ155493,6
DQ155494,6
DQ155496,6
DQ155501,6
DQ155484,6
MK438583,6
MK438582,6
MK438581,6
JF721006,6
JF721005,6
JF721004,6
JF721003,6
JF721002,6
JF721001,6
JF721000,6
JF720999,6
JF720998,6
JF720997,6
JF720996,6
JF720995,6
JF720994,6
JF720993,6
JF720992,6
JF720991,6
JF720990,6
JF721007,6
JF720989,6
JF721008,6
JF721010,6
JF721027,6
JF721026,6
JF721025,6
JF721024,6
JF721023,6
JF721022,6
JF721021,6
JF721020,6
JF721019,6
JF721018,6
JF721017,6
JF721016,6
JF721015,6
JF721014,6
JF721013,6
JF721012,6
JF721011,6
JF721009,6
JF721028,6
JF720988,6
JF720986,6
JF720964,6
JF720963,6
JF720962,6
JF720961,6
JF720960,6
JF720959,6
JF720958,6
HQ912955,6
HQ912954,6
HQ639936,6
HQ450380,6
HQ318927,6
HQ318926,6
HQ318925,6
HQ318924,6
HQ318923,6
HQ318922,6
JF720965,6
JF720987,6
JF720966,6
JF720968,6
JF720985,6
JF720984,6
JF720983,6
JF720982,6
JF720981,6
JF720980,6
JF720979,6
JF720978,6
JF720977,6
JF720976,6
JF720975,6
JF720974,6
JF720973,6
JF720972,6
JF720971,6
JF720970,6
JF720969,6
JF720967,6
JF721029,6
JF721030,6
JF721031,6
JF721091,6
JF721090,6
JF721089,6
JF721088,6
JF721087,6
JF721086,6
JF721085,6
JF721084,6
JF721083,6
JF721082,6
JF721081,6
JF721080,6
JF721079,6
JF721078,6
JF721077,6
JF721076,6
JF721075,6
JF721092,6
JF721074,6
JF721093,6
JF721095,6
JF721112,6
JF721111,6
JF721110,6
JF721109,6
JF721108,6
JF721107,6
JF721106,6
JF721105,6
JF721104,6
JF721103,6
JF721102,6
JF721101,6
JF721100,6
JF721099,6
JF721098,6
JF721097,6
JF721096,6
JF721094,6
JF721073,6
JF721072,6
JF721071,6
JF721048,6
JF721047,6
JF721046,6
JF721045,6
JF721044,6
JF721043,6
JF721042,6
JF721041,6
JF721040,6
JF721039,6
JF721038,6
JF721037,6
JF721036,6
JF721035,6
JF721034,6
JF721033,6
JF721032,6
JF721049,6
JF721050,6
JF721051,6
JF721052,6
JF721070,6
JF721069,6
JF721068,6
JF721067,6
JF721066,6
JF721065,6
JF721064,6
JF721063,6
HQ318921,6
JF721062,6
JF721060,6
JF721059,6
JF721058,6
JF721057,6
JF721056,6
JF721055,6
JF721054,6
JF721053,6
JF721061,6
JF721113,6
HQ318920,6
HQ318918,6
HM009229,6
HM009228,6
HM009227,6
HM009226,6
HM009225,6
HM009224,6
HM009223,6
HM009222,6
HM009221,6
HM009220,6
HM009219,6
HM009218,6
HM009217,6
HM009216,6
HM009215,6
HM009214,6
HM009213,6
HM009212,6
HM009231,6
HM009233,6
HM009250,6
HM009249,6
HM009248,6
HM009247,6
HM009246,6
HM009245,6
HM009244,6
HM009243,6
HM009242,6
HM009241,6
HM009240,6
HM009239,6
HM009238,6
HM009237,6
HM009236,6
HM009234,6
HM009232,6
HM009251,6
HM009211,6
HM009209,6
HM009187,6
HM009186,6
HM009185,6
HM009184,6
HM009183,6
HM009182,6
HM009181,6
HM009180,6
HM009179,6
HM009178,6
HM009177,6
HM009176,6
HM009175,6
HM009174,6
HM009173,6
HM009172,6
HM009171,6
HM009188,6
HM009210,6
HM009189,6
HM009191,6
HM009208,6
HM009207,6
HM009206,6
HM009205,6
HM009204,6
HM009203,6
HM009202,6
HM009201,6
HM009200,6
HM009199,6
HM009198,6
HM009197,6
HM009196,6
HM009195,6
HM009194,6
HM009193,6
HM009192,6
HM009252,6
HM009253,6
HM009254,6
HM042093,6
HM042092,6
HM042091,6
HM042090,6
HM042089,6
HM042088,6
HM042087,6
HM042086,6
HM042085,6
HM042037,6
HM042036,6
HM042035,6
HM042034,6
HM042033,6
HM042032,6
HM042031,6
HM042030,6
HM042094,6
HM042029,6
HM042095,6
HQ229077,6
HQ318917,6
HQ318916,6
HQ318915,6
HQ318914,6
HQ318856,6
HQ318854,6
HQ318844,6
HQ318828,6
HQ318827,6
HQ318826,6
HQ229450,6
HQ229446,6
HQ229361,6
HQ229167,6
HQ229163,6
HQ229162,6
HQ229137,6
HM042096,6
HM042028,6
HM042027,6
HM042026,6
HM009271,6
HM009270,6
HM009269,6
HM009268,6
HM009267,6
HM009266,6
HM009265,6
HM009264,6
HM009263,6
HM009262,6
HM009261,6
HM009260,6
HM009259,6
HM009258,6
HM009257,6
HM009256,6
HM009255,6
HM009272,6
HM009273,6
HM009274,6
HM009275,6
HM042025,6
HM031218,6
HM031217,6
HM031216,6
HM031215,6
HM009308,6
HM009307,6
HQ318919,6
HM009285,6
HM009283,6
HM009282,6
HM009281,6
HM009280,6
HM009279,6
HM009278,6
HM009277,6
HM009276,6
HM009284,6
JF721114,6
JF721115,6
JF721116,6
JQ318339,6
JQ318336,6
JQ318335,6
JQ318333,6
JQ318329,6
JQ318327,6
JQ318316,6
JQ318310,6
JQ318304,6
JQ318300,6
JQ318296,6
JQ318273,6
JQ318265,6
JQ318261,6
JQ318245,6
JQ318241,6
JQ318232,6
JQ318345,6
JQ318228,6
JQ318356,6
JQ318369,6
JQ318519,6
JQ318512,6
JQ318511,6
JQ318498,6
JQ318492,6
JQ318486,6
JQ318482,6
JQ318477,6
JQ318454,6
JQ318446,6
JQ318442,6
JQ318428,6
JQ318424,6
JQ318415,6
JQ318411,6
JQ318401,6
JQ318377,6
JQ318360,6
JQ318530,6
JQ318185,6
JQ303571,6
JQ303570,6
JQ303569,6
JQ303568,6
JQ303567,6
JQ303566,6
JQ303565,6
JQ303564,6
JQ303563,6
JQ303562,6
JQ303561,6
JQ303560,6
JQ303559,6
JQ303558,6
JQ303557,6
JQ303556,6
JQ303555,6
JQ318193,6
JQ318058,6
JQ318159,6
JQ318147,6
JQ318143,6
JQ318141,6
JQ318130,6
JQ318124,6
JQ318118,6
JQ318114,6
JQ318109,6
JQ318078,6
JQ318054,6
JQ318534,6
JQ318542,6
JQ318548,6
JX676882,6
JX676879,6
JX676876,6
JX676867,6
JX676865,6
JX676860,6
JX676857,6
JX676853,6
JX676833,6
JX676827,6
JX676822,6
JX676819,6
JX676799,6
JX676797,6
JX676796,6
JX676790,6
JX676784,6
JX676889,6
JX676776,6
JX676890,6
JX676893,6
JX677002,6
JX676998,6
JX676992,6
JX676975,6
JX676968,6
JX676965,6
JX676962,6
JX676952,6
JX676948,6
JX676946,6
JX676937,6
JX676936,6
JX676927,6
JX676917,6
JX676913,6
JX676911,6
JX676898,6
JX676892,6
JX676774,6
JX183556,6
JX183555,6
JX183328,6
JX183327,6
JX183326,6
JX183325,6
JX183324,6
JX183323,6
JX183322,6
JX183321,6
JX183320,6
JX183304,6
JX183303,6
JX183301,6
JX183294,6
JX183293,6
JX183290,6
JQ341409,6
JQ318569,6
JX183329,6
JX183330,6
JX183331,6
JX183332,6
JX183379,6
JX183378,6
JX183377,6
JX183376,6
JX183375,6
JX183374,6
JX183373,6
JX183372,6
JQ303554,6
JX183371,6
JX183354,6
JX183353,6
JX183352,6
JX183350,6
JX183344,6
JX183342,6
JX183337,6
JX183333,6
JX183370,6
JQ303553,6
JQ303552,6
JQ303551,6
JF721176,6
JF721175,6
JF721174,6
JF721173,6
JF721172,6
JF721171,6
JF721170,6
JF721169,6
JF721168,6
JF721167,6
JF721166,6
JF721165,6
JF721164,6
JF721163,6
JF721162,6
JF721161,6
JF721160,6
JF721177,6
JF721159,6
JF721178,6
JF721180,6
JF721197,6
JF721196,6
JF721195,6
JF721194,6
JF721193,6
JF721192,6
JF721191,6
JF721190,6
JF721189,6
JF721188,6
JF721187,6
JF721186,6
JF721185,6
JF721184,6
JF721183,6
JF721182,6
JF721181,6
JF721179,6
JF721158,6
JF721157,6
JF721156,6
JF721133,6
JF721132,6
JF721131,6
JF721130,6
JF721129,6
JF721128,6
JF721127,6
JF721126,6
JF721125,6
JF721124,6
JF721123,6
JF721122,6
JF721121,6
JF721120,6
JF721119,6
JF721118,6
JF721117,6
JF721134,6
JF721135,6
JF721136,6
JF721137,6
JF721155,6
JF721154,6
JF721153,6
JF721152,6
JF721151,6
JF721150,6
JF721149,6
JF721148,6
JF721198,6
JF721147,6
JF721145,6
JF721144,6
JF721143,6
JF721142,6
JF721141,6
JF721140,6
JF721139,6
JF721138,6
JF721146,6
HM009170,6
JF721199,6
JF721201,6
JQ303437,6
JQ303433,6
JQ303430,6
JQ303428,6
JQ303425,6
JQ303386,6
JQ303385,6
JQ303384,6
JQ303382,6
JQ303381,6
JQ303380,6
JQ303379,6
JQ303375,6
JQ303372,6
JQ303447,6
JQ303550,6
JQ303549,6
JQ303548,6
JQ303547,6
JQ303540,6
JQ303539,6
JQ303508,6
JQ303495,6
JQ303482,6
JQ303479,6
JQ303476,6
JQ303473,6
JQ303471,6
JQ303469,6
JQ303467,6
JQ303460,6
JQ303453,6
JQ303442,6
JQ303368,6
JQ303362,6
JQ303358,6
JN573014,6
JN573004,6
JN572998,6
JN572995,6
JN572991,6
JN572989,6
JN572982,6
JN572976,6
JN572971,6
JN572967,6
JN572965,6
JN572962,6
JN572960,6
JN572950,6
JN572940,6
JN214674,6
JN214673,6
JN573015,6
JN573029,6
JN573033,6
JN573034,6
JQ303357,6
JQ303355,6
JQ303354,6
JN977076,6
JN573096,6
JN573088,6
JN573085,6
JN573083,6
JF721200,6
JN573081,6
JN573059,6
JN573053,6
JN573048,6
JN573046,6
JN573043,6
JN573041,6
JN573038,6
JN573076,6
JX677007,6
HM009169,6
HM009167,6
FJ768783,6
FJ768782,6
FJ768781,6
FJ768780,6
FJ768779,6
FJ768778,6
FJ768777,6
FJ768776,6
FJ768775,6
FJ768774,6
FJ768773,6
FJ768772,6
FJ687151,6
FJ687150,6
FJ687149,6
FJ687148,6
FJ687147,6
FJ768784,6
FJ687146,6
FJ768785,6
FJ768787,6
FJ768841,6
FJ768840,6
FJ768799,6
FJ768798,6
FJ768797,6
FJ768796,6
FJ768795,6
FJ768794,6
FJ768793,6
FJ768792,6
FJ768791,6
FJ768789,6
FJ768788,6
FJ768786,6
FJ768842,6
FJ687145,6
FJ687143,6
FJ469274,6
FJ469273,6
FJ469272,6
FJ469271,6
FJ469270,6
FJ469269,6
FJ469266,6
FJ469265,6
FJ469263,6
FJ469262,6
FJ469261,6
FJ469260,6
FJ469259,6
FJ469258,6
FJ469275,6
FJ687144,6
FJ515139,6
FJ687125,6
FJ687142,6
FJ687141,6
FJ687140,6
FJ687139,6
FJ687138,6
FJ687137,6
FJ687136,6
FJ687135,6
FJ687134,6
FJ687133,6
FJ687132,6
FJ687131,6
FJ687130,6
FJ687129,6
FJ687128,6
FJ687127,6
FJ687126,6
FJ515147,6
FJ768843,6
FJ768845,6
FJ859227,6
FJ859226,6
FJ859225,6
FJ859224,6
FJ859223,6
FJ859222,6
FJ859221,6
FJ859220,6
FJ859219,6
FJ859218,6
FJ859217,6
FJ859216,6
FJ859215,6
FJ859214,6
FJ859213,6
FJ859212,6
FJ859211,6
FJ859228,6
FJ859210,6
FJ859229,6
FJ859231,6
FJ859248,6
FJ859247,6
FJ859246,6
FJ859245,6
FJ859244,6
FJ859243,6
FJ859242,6
FJ859241,6
FJ859240,6
FJ859239,6
FJ859238,6
FJ859237,6
FJ859236,6
FJ859235,6
FJ859234,6
FJ859233,6
FJ859232,6
FJ859230,6
FJ859209,6
FJ859208,6
FJ859207,6
FJ768862,6
FJ768861,6
FJ768860,6
FJ768859,6
FJ768858,6
FJ768857,6
FJ768856,6
FJ768854,6
FJ768853,6
FJ768852,6
FJ768851,6
FJ768850,6
FJ768849,6
FJ768848,6
FJ768846,6
FJ768863,6
FJ768864,6
FJ768865,6
FJ768866,6
FJ859206,6
FJ859205,6
FJ859204,6
FJ859203,6
FJ859202,6
FJ859201,6
FJ859200,6
FJ859199,6
FJ469257,6
FJ859198,6
FJ859196,6
FJ859195,6
FJ859194,6
FJ859193,6
FJ768906,6
FJ768869,6
FJ768868,6
FJ768867,6
FJ859197,6
FJ859249,6
FJ469256,6
FJ469254,6
FJ462986,6
FJ462984,6
FJ462974,6
FJ462966,6
FJ462965,6
FJ462963,6
FJ462962,6
FJ462960,6
FJ462949,6
FJ462944,6
FJ462941,6
FJ462928,6
FJ462922,6
FJ462911,6
FJ462906,6
FJ462901,6
FJ462879,6
FJ462989,6
FJ462857,6
FJ462990,6
FJ462992,6
FJ469168,6
FJ469167,6
FJ469166,6
FJ469165,6
FJ469164,6
FJ469163,6
FJ463030,6
FJ463029,6
FJ463028,6
FJ463015,6
FJ463014,6
FJ463013,6
FJ463009,6
FJ463006,6
FJ463005,6
FJ463002,6
FJ462994,6
FJ462991,6
FJ469169,6
FJ462853,6
FJ462841,6
EU798761,6
EU798760,6
EU643836,6
EU643834,6
EU420986,6
EU420985,6
EU420984,6
EU420983,6
EU420982,6
EU420981,6
EU420980,6
EU420979,6
EU420978,6
EU420977,6
EU420976,6
EU420975,6
FJ189508,6
FJ462852,6
FJ189509,6
FJ210661,6
FJ462839,6
FJ462835,6
FJ462832,6
FJ462831,6
FJ462822,6
FJ462814,6
FJ462812,6
FJ462807,6
FJ435090,6
FJ210669,6
FJ210668,6
FJ210667,6
FJ210666,6
FJ210665,6
FJ210664,6
FJ210663,6
FJ210662,6
FJ189511,6
FJ469170,6
FJ469171,6
FJ469172,6
FJ469232,6
FJ469231,6
FJ469230,6
FJ469229,6
FJ469228,6
FJ469227,6
FJ469225,6
FJ469224,6
FJ469223,6
FJ469222,6
FJ469217,6
FJ469216,6
FJ469233,6
FJ469215,6
FJ469234,6
FJ469236,6
FJ469253,6
FJ469251,6
FJ469250,6
FJ469249,6
FJ469248,6
FJ469247,6
FJ469246,6
FJ469245,6
FJ469244,6
FJ469243,6
FJ469242,6
FJ469241,6
FJ469240,6
FJ469238,6
FJ469237,6
FJ469235,6
FJ469214,6
FJ469213,6
FJ469212,6
FJ469189,6
FJ469188,6
FJ469187,6
FJ469186,6
FJ469185,6
FJ469184,6
FJ469183,6
FJ469182,6
FJ469181,6
FJ469180,6
FJ469179,6
FJ469178,6
FJ469177,6
FJ469176,6
FJ469175,6
FJ469174,6
FJ469173,6
FJ469190,6
FJ469191,6
FJ469192,6
FJ469193,6
FJ469211,6
FJ469210,6
FJ469209,6
FJ469208,6
FJ469207,6
FJ469206,6
FJ469205,6
FJ469204,6
FJ469255,6
FJ469203,6
FJ469201,6
FJ469200,6
FJ469199,6
FJ469198,6
FJ469197,6
FJ469196,6
FJ469195,6
FJ469194,6
FJ469202,6
FJ859250,6
FJ859251,6
FJ859252,6
GQ206002,6
GQ206001,6
GQ206000,6
GQ205999,6
GQ205998,6
GQ205997,6
GQ205996,6
GQ205995,6
GQ205994,6
GQ205993,6
GQ205992,6
GQ205991,6
GQ205990,6
GQ205989,6
GQ205988,6
GQ205987,6
GQ205986,6
GQ206003,6
GQ205985,6
GQ206004,6
GQ206006,6
GQ285045,6
GQ285044,6
GQ285043,6
GQ285042,6
GQ285041,6
GQ206139,6
GQ206138,6
GQ206137,6
GQ206136,6
GQ206083,6
GQ206061,6
GQ206048,6
GQ206011,6
GQ206010,6
GQ206009,6
GQ206008,6
GQ206007,6
GQ206005,6
GU049364,6
GQ205984,6
GQ205982,6
GQ205960,6
GQ205959,6
GQ205958,6
GQ205957,6
GQ205956,6
GQ205955,6
GQ205954,6
GQ205953,6
GQ205952,6
GQ205951,6
GQ205950,6
GQ205949,6
GQ205948,6
GQ205947,6
GQ205946,6
GQ205945,6
GQ205944,6
GQ205961,6
GQ205983,6
GQ205962,6
GQ205964,6
GQ205981,6
GQ205980,6
GQ205978,6
GQ205977,6
GQ205976,6
GQ205975,6
GQ205974,6
GQ205973,6
GQ205972,6
GQ205971,6
GQ205970,6
GQ205969,6
GQ205968,6
GQ205967,6
GQ205966,6
GQ205965,6
GQ205963,6
GU049365,6
GU049366,6
GU049367,6
HM009145,6
HM009144,6
HM009143,6
GU945460,6
GU945453,6
GU945452,6
GU945433,6
GU945430,6
GU186961,6
GU186960,6
GU186958,6
GU186957,6
GU186955,6
GU186950,6
GU186949,6
GU186948,6
GU186947,6
HM009146,6
GU186940,6
HM009147,6
HM009149,6
HM009166,6
HM009165,6
HM009164,6
HM009162,6
HM009161,6
HM009160,6
HM009159,6
HM009158,6
HM009157,6
HM009156,6
HM009155,6
HM009154,6
HM009153,6
HM009152,6
HM009151,6
HM009150,6
HM009148,6
GU186937,6
GU186935,6
GU186934,6
GU049385,6
GU049384,6
GU049383,6
GU049382,6
GU049381,6
GU049380,6
GU049378,6
GU049377,6
GU049376,6
GU049375,6
GU049374,6
GU049373,6
GU049372,6
GU049371,6
GU049370,6
GU049369,6
GU049368,6
GU049386,6
GU049387,6
GU049388,6
GU049389,6
GU186933,6
GU186931,6
GU186928,6
GU186926,6
GU186925,6
GU085488,6
GU049401,6
GU049400,6
GQ205943,6
GU049399,6
GU049397,6
GU049396,6
GU049395,6
GU049394,6
GU049393,6
GU049392,6
GU049391,6
GU049390,6
GU049398,6
GQ205942,6
GQ205941,6
GQ205940,6
FJ859312,6
FJ859311,6
FJ859310,6
FJ859309,6
FJ859308,6
FJ859307,6
FJ859306,6
FJ859305,6
FJ859304,6
FJ859303,6
FJ859302,6
FJ859301,6
FJ859300,6
FJ859299,6
FJ859298,6
FJ859297,6
FJ859296,6
FJ859313,6
FJ859295,6
FJ859314,6
FJ859316,6
FJ859333,6
FJ859332,6
FJ859331,6
FJ859330,6
FJ859329,6
FJ859328,6
FJ859327,6
FJ859326,6
FJ859325,6
FJ859324,6
FJ859323,6
FJ859322,6
FJ859321,6
FJ859320,6
FJ859319,6
FJ859318,6
FJ859317,6
FJ859315,6
FJ859294,6
FJ859293,6
FJ859292,6
FJ859269,6
FJ859268,6
FJ859267,6
FJ859266,6
FJ859265,6
FJ859264,6
FJ859263,6
FJ859262,6
FJ859261,6
FJ859260,6
FJ859259,6
FJ859258,6
FJ859257,6
FJ859256,6
FJ859255,6
FJ859254,6
FJ859253,6
FJ859270,6
FJ859271,6
FJ859272,6
FJ859273,6
FJ859291,6
FJ859290,6
FJ859289,6
FJ859288,6
FJ859287,6
FJ859286,6
FJ859285,6
FJ859284,6
FJ859334,6
FJ859283,6
FJ859281,6
FJ859280,6
FJ859279,6
FJ859278,6
FJ859277,6
FJ859276,6
FJ859275,6
FJ859274,6
FJ859282,6
HM009168,6
GQ205856,6
GQ205858,6
GQ205918,6
GQ205917,6
GQ205916,6
GQ205915,6
GQ205914,6
GQ205913,6
GQ205912,6
GQ205911,6
GQ205910,6
GQ205909,6
GQ205908,6
GQ205907,6
GQ205906,6
GQ205905,6
GQ205904,6
GQ205903,6
GQ205902,6
GQ205919,6
GQ205901,6
GQ205920,6
GQ205922,6
GQ205939,6
GQ205938,6
GQ205937,6
GQ205936,6
GQ205935,6
GQ205934,6
GQ205933,6
GQ205932,6
GQ205931,6
GQ205930,6
GQ205929,6
GQ205928,6
GQ205927,6
GQ205926,6
GQ205925,6
GQ205924,6
GQ205923,6
GQ205921,6
GQ205900,6
GQ205899,6
GQ205898,6
GQ205875,6
GQ205874,6
GQ205873,6
GQ205872,6
GQ205871,6
GQ205870,6
GQ205869,6
GQ205868,6
GQ205867,6
GQ205866,6
GQ205865,6
GQ205864,6
GQ205863,6
GQ205862,6
GQ205861,6
GQ205860,6
GQ205859,6
GQ205876,6
GQ205877,6
GQ205878,6
GQ205879,6
GQ205897,6
GQ205896,6
GQ205895,6
GQ205894,6
GQ205893,6
GQ205892,6
GQ205891,6
GQ205890,6
GQ205857,6
GQ205889,6
GQ205887,6
GQ205886,6
GQ205885,6
GQ205884,6
GQ205883,6
GQ205882,6
GQ205881,6
GQ205880,6
GQ205888,6
JX677008,6
JX677021,6
JX677022,6
MK438114,6
MK438113,6
MK438112,6
MK438111,6
MK438110,6
MK438109,6
MK438108,6
MK438107,6
MK438106,6
MK438105,6
MK438104,6
MK438103,6
MK438102,6
MK438101,6
MK438100,6
MK438099,6
MK438098,6
MK438115,6
MK438097,6
MK438116,6
MK438118,6
MK438136,6
MK438135,6
MK438134,6
MK438133,6
MK438132,6
MK438131,6
MK438130,6
MK438128,6
MK438127,6
MK438126,6
MK438125,6
MK438124,6
MK438123,6
MK438122,6
MK438121,6
MK438120,6
MK438119,6
MK438117,6
MK438137,6
MK438096,6
MK438094,6
MK438067,6
MK438066,6
MK438065,6
MK438064,6
MK438063,6
MK438062,6
MK438061,6
MK438060,6
MK438059,6
MK438057,6
MK438056,6
MK438055,6
MK438054,6
MK438053,6
MK438052,6
MK438051,6
MK438050,6
MK438068,6
MK438095,6
MK438070,6
MK438072,6
MK438092,6
MK438091,6
MK438089,6
MK438087,6
MK438086,6
MK438085,6
MK438083,6
MK438082,6
MK438081,6
MK438080,6
MK438079,6
MK438078,6
MK438077,6
MK438076,6
MK438075,6
MK438074,6
MK438073,6
MK438071,6
MK438138,6
MK438139,6
MK438140,6
MK438205,6
MK438204,6
MK438203,6
MK438202,6
MK438201,6
MK438200,6
MK438199,6
MK438198,6
MK438197,6
MK438196,6
MK438195,6
MK438194,6
MK438193,6
MK438192,6
MK438191,6
MK438190,6
MK438188,6
MK438206,6
MK438187,6
MK438207,6
MK438209,6
MK438228,6
MK438227,6
MK438226,6
MK438225,6
MK438224,6
MK438223,6
MK438222,6
MK438221,6
MK438219,6
MK438218,6
MK438217,6
MK438216,6
MK438215,6
MK438214,6
MK438213,6
MK438212,6
MK438210,6
MK438208,6
MK438186,6
MK438185,6
MK438184,6
MK438157,6
MK438156,6
MK438155,6
MK438154,6
MK438153,6
MK438152,6
MK438151,6
MK438150,6
MK438149,6
MK438148,6
MK438147,6
MK438146,6
MK438145,6
MK438144,6
MK438143,6
MK438142,6
MK438141,6
MK438158,6
MK438159,6
MK438160,6
MK438162,6
MK438183,6
MK438182,6
MK438181,6
MK438180,6
MK438177,6
MK438176,6
MK438175,6
MK438174,6
MK438049,6
MK438173,6
MK438171,6
MK438170,6
MK438169,6
MK438168,6
MK438167,6
MK438166,6
MK438164,6
MK438163,6
MK438172,6
MK438229,6
MK438048,6
MK438046,6
MK328021,6
MK328020,6
MK328019,6
MK328014,6
MK328013,6
MK328012,6
MK328010,6
MK328009,6
MK328007,6
MK328006,6
MK328005,6
MK328003,6
MK328002,6
MK328001,6
MK327999,6
MK327998,6
MK327997,6
MK328022,6
MK327996,6
MK328023,6
MK437939,6
MK437956,6
MK437955,6
MK437954,6
MK437953,6
MK437952,6
MK437951,6
MK437950,6
MK437949,6
MK437948,6
MK437947,6
MK437946,6
MK437945,6
MK437944,6
MK437943,6
MK437942,6
MK437941,6
MK437940,6
MK328026,6
MK437957,6
MK327993,6
MK327991,6
MK270400,6
MK270399,6
MK255999,6
MK255998,6
MK255997,6
MK255996,6
MK255995,6
MK255994,6
MK255993,6
MK255992,6
MK255991,6
MK255990,6
MK255989,6
MK255988,6
MK255987,6
MK255986,6
MK255985,6
MK270401,6
MK327992,6
MK270402,6
MK270404,6
MK327990,6
MK327989,6
MK327988,6
MK327987,6
MK327986,6
MK327985,6
MK327984,6
MK327981,6
MK270413,6
MK270412,6
MK270411,6
MK270410,6
MK270409,6
MK270408,6
MK270407,6
MK270406,6
MK270405,6
MK270403,6
MK437958,6
MK437959,6
MK437960,6
MK438023,6
MK438022,6
MK438021,6
MK438019,6
MK438018,6
MK438017,6
MK438016,6
MK438015,6
MK438014,6
MK438013,6
MK438011,6
MK438010,6
MK438009,6
MK438008,6
MK438007,6
MK438006,6
MK438005,6
MK438025,6
MK438004,6
MK438026,6
MK438028,6
MK438045,6
MK438044,6
MK438043,6
MK438042,6
MK438041,6
MK438040,6
MK438039,6
MK438038,6
MK438037,6
MK438036,6
MK438035,6
MK438034,6
MK438033,6
MK438032,6
MK438031,6
MK438030,6
MK438029,6
MK438027,6
MK438003,6
MK438002,6
MK438001,6
MK437978,6
MK437977,6
MK437976,6
MK437975,6
MK437974,6
MK437973,6
MK437972,6
MK437971,6
MK437969,6
MK437968,6
MK437967,6
MK437966,6
MK437965,6
MK437964,6
MK437963,6
MK437962,6
MK437961,6
MK437979,6
MK437980,6
MK437981,6
MK437982,6
MK438000,6
MK437999,6
MK437998,6
MK437997,6
MK437996,6
MK437995,6
MK437994,6
MK437993,6
MK438047,6
MK437992,6
MK437990,6
MK437989,6
MK437988,6
MK437987,6
MK437986,6
MK437985,6
MK437984,6
MK437983,6
MK437991,6
MK438230,6
MK438231,6
MK438232,6
MK438472,6
MK438471,6
MK438470,6
MK438469,6
MK438468,6
MK438467,6
MK438466,6
MK438465,6
MK438464,6
MK438463,6
MK438461,6
MK438460,6
MK438459,6
MK438458,6
MK438457,6
MK438456,6
MK438455,6
MK438473,6
MK438454,6
MK438474,6
MK438476,6
MK438493,6
MK438492,6
MK438491,6
MK438490,6
MK438489,6
MK438488,6
MK438487,6
MK438486,6
MK438485,6
MK438484,6
MK438483,6
MK438482,6
MK438481,6
MK438480,6
MK438479,6
MK438478,6
MK438477,6
MK438475,6
MK438494,6
MK438453,6
MK438450,6
MK438426,6
MK438425,6
MK438424,6
MK438423,6
MK438422,6
MK438421,6
MK438420,6
MK438418,6
MK438417,6
MK438416,6
MK438415,6
MK438414,6
MK438413,6
MK438411,6
MK438410,6
MK438409,6
MK438408,6
MK438427,6
MK438451,6
MK438428,6
MK438430,6
MK438448,6
MK438447,6
MK438445,6
MK438444,6
MK438443,6
MK438442,6
MK438441,6
MK438440,6
MK438439,6
MK438438,6
MK438437,6
MK438436,6
MK438435,6
MK438434,6
MK438433,6
MK438432,6
MK438431,6
MK438429,6
MK438495,6
MK438496,6
MK438497,6
MK438558,6
MK438557,6
MK438556,6
MK438555,6
MK438554,6
MK438553,6
MK438552,6
MK438551,6
MK438550,6
MK438549,6
MK438548,6
MK438547,6
MK438546,6
MK438545,6
MK438544,6
MK438543,6
MK438542,6
MK438559,6
MK438541,6
MK438560,6
MK438563,6
MK438580,6
MK438579,6
MK438578,6
MK438577,6
MK438576,6
MK438575,6
MK438574,6
MK438573,6
MK438572,6
MK438571,6
MK438570,6
MK438569,6
MK438568,6
MK438567,6
MK438566,6
MK438565,6
MK438564,6
MK438561,6
MK438540,6
MK438539,6
MK438538,6
MK438514,6
MK438513,6
MK438512,6
MK438511,6
MK438510,6
MK438509,6
MK438508,6
MK438507,6
MK438506,6
MK438505,6
MK438504,6
MK438503,6
MK438502,6
MK438501,6
MK438500,6
MK438499,6
MK438498,6
MK438516,6
MK438517,6
MK438518,6
MK438519,6
MK438537,6
MK438536,6
MK438535,6
MK438534,6
MK438533,6
MK438532,6
MK438531,6
MK438530,6
MK438407,6
MK438529,6
MK438527,6
MK438526,6
MK438525,6
MK438524,6
MK438523,6
MK438522,6
MK438521,6
MK438520,6
MK438528,6
MK438406,6
MK438405,6
MK438404,6
MK438292,6
MK438291,6
MK438290,6
MK438289,6
MK438288,6
MK438287,6
MK438286,6
MK438285,6
MK438284,6
MK438283,6
MK438282,6
MK438281,6
MK438280,6
MK438279,6
MK438278,6
MK438277,6
MK438276,6
MK438293,6
MK438275,6
MK438294,6
MK438296,6
MK438316,6
MK438315,6
MK438314,6
MK438313,6
MK438312,6
MK438311,6
MK438310,6
MK438308,6
MK438306,6
MK438305,6
MK438304,6
MK438303,6
MK438302,6
MK438301,6
MK438300,6
MK438299,6
MK438297,6
MK438295,6
MK438274,6
MK438273,6
MK438272,6
MK438249,6
MK438248,6
MK438247,6
MK438246,6
MK438245,6
MK438244,6
MK438243,6
MK438242,6
MK438241,6
MK438240,6
MK438239,6
MK438238,6
MK438237,6
MK438236,6
MK438235,6
MK438234,6
MK438233,6
MK438250,6
MK438251,6
MK438252,6
MK438253,6
MK438271,6
MK438270,6
MK438269,6
MK438268,6
MK438267,6
MK438266,6
MK438265,6
MK438264,6
MK438317,6
MK438263,6
MK438261,6
MK438260,6
MK438259,6
MK438258,6
MK438257,6
MK438256,6
MK438255,6
MK438254,6
MK438262,6
MK255984,6
MK438318,6
MK438320,6
MK438382,6
MK438381,6
MK438380,6
MK438379,6
MK438378,6
MK438376,6
MK438375,6
MK438374,6
MK438373,6
MK438372,6
MK438371,6
MK438370,6
MK438369,6
MK438368,6
MK438367,6
MK438366,6
MK438365,6
MK438383,6
MK438364,6
MK438384,6
MK438386,6
MK438403,6
MK438402,6
MK438401,6
MK438400,6
MK438399,6
MK438398,6
MK438397,6
MK438396,6
MK438395,6
MK438394,6
MK438393,6
MK438392,6
MK438391,6
MK438390,6
MK438389,6
MK438388,6
MK438387,6
MK438385,6
MK438363,6
MK438362,6
MK438361,6
MK438337,6
MK438336,6
MK438335,6
MK438334,6
MK438333,6
MK438332,6
MK438331,6
MK438330,6
MK438329,6
MK438328,6
MK438327,6
MK438326,6
MK438325,6
MK438324,6
MK438323,6
MK438322,6
MK438321,6
MK438338,6
MK438339,6
MK438340,6
MK438341,6
MK438360,6
MK438359,6
MK438358,6
MK438357,6
MK438356,6
MK438355,6
MK438354,6
MK438353,6
MK438319,6
MK438352,6
MK438350,6
MK438349,6
MK438348,6
MK438346,6
MK438345,6
MK438344,6
MK438343,6
MK438342,6
MK438351,6
MK255983,6
MK255982,6
MK255981,6
L50548,6
L50547,6
L50546,6
L50545,6
L50544,6
L50542,6
L50541,6
L50540,6
L50539,6
L50538,6
L50537,6
L50536,6
L50535,6
L49485,6
L49484,6
L49483,6
L49482,6
L50549,6
L49481,6
L50550,6
L50552,6
MH191412,6
MH191411,6
MH191409,6
MH191408,6
MH191407,6
MH155319,6
M84827,6
LC435028,6
LC435027,6
LC435024,6
LC435023,6
LC435021,6
LC368435,6
LC368423,6
LC368409,6
L50556,6
L50554,6
L50551,6
L49480,6
L49478,6
KM589452,6
KM589451,6
KM589450,6
KM589449,6
KM589448,6
KM589447,6
KM589446,6
KM589445,6
KM589444,6
KM589443,6
KM589442,6
KM589441,6
KM589440,6
KM589439,6
KM589438,6
KM589437,6
KM589436,6
L08156,6
L49479,6
L08157,6
L08159,6
L49477,6
L49476,6
L49475,6
L49474,6
L49473,6
L38382,6
L38381,6
L38380,6
L38379,6
L38369,6
L38354,6
L38341,6
L38340,6
L38339,6
L38331,6
L23475,6
L16634,6
L08158,6
MH191417,6
MH191418,6
MH191419,6
MH191569,6
MH191567,6
MH191563,6
MH191559,6
MH191558,6
MH191557,6
MH191556,6
MH191553,6
MH191552,6
MH191549,6
MH191548,6
MH191547,6
MH191544,6
MH191543,6
MH191541,6
MH191540,6
MH191537,6
MH191570,6
MH191536,6
MH191579,6
MH191583,6
MH191658,6
MH191656,6
MH191655,6
MH191654,6
MH191653,6
MH191648,6
MH191647,6
MH191645,6
MH191637,6
MH191636,6
MH191633,6
MH191608,6
MH191599,6
MH191598,6
MH191595,6
MH191591,6
MH191534,6
MH191533,6
MH191528,6
MH191465,6
MH191461,6
MH191460,6
MH191459,6
MH191457,6
MH191455,6
MH191453,6
MH191450,6
MH191449,6
MH191445,6
MH191441,6
MH191437,6
MH191436,6
MH191432,6
MH191430,6
MH191428,6
MH191426,6
MH191468,6
MH191469,6
MH191473,6
MH191476,6
MH191526,6
MH191525,6
MH191523,6
MH191519,6
MH191512,6
MH191508,6
KM589435,6
MH191497,6
MH191493,6
MH191492,6
MH191477,6
MH191496,6
KF437717,6
JX677355,6
JX677345,6
JX677341,6
JX677339,6
JX677330,6
JX677329,6
JX677320,6
JX677310,6
JX677306,6
JX677304,6
JX677291,6
JX677286,6
JX677285,6
JX677283,6
JX677282,6
JX677275,6
JX677272,6
JX677358,6
JX677269,6
JX677361,6
JX677385,6
JX677454,6
JX677453,6
JX677450,6
JX677444,6
JX677438,6
JX677435,6
JX677430,6
JX677429,6
JX677427,6
JX677426,6
JX677416,6
JX677415,6
JX677414,6
JX677401,6
JX677400,6
JX677395,6
JX677391,6
JX677368,6
JX677260,6
JX677258,6
JX677253,6
JX677111,6
JX677106,6
JX677095,6
JX677091,6
JX677071,6
JX677065,6
JX677061,6
JX677060,6
JX677057,6
JX677051,6
JX677045,6
JX677042,6
JX677037,6
JX677036,6
JX677033,6
JX677023,6
JX677116,6
JX677127,6
JX677128,6
JX677130,6
JX677250,6
JX677246,6
JX677226,6
JX677220,6
JX677215,6
JX677212,6
JX677192,6
JX677190,6
JX677458,6
JX677189,6
JX677177,6
JX677169,6
JX677167,6
JX677164,6
JX677155,6
JX677153,6
JX677143,6
JX677140,6
JX677183,6
MH191660,6
JX677464,6
JX677488,6
KC441482,6
KC441481,6
KC441480,6
KC441479,6
KC441478,6
KC441477,6
KC348407,6
KC348406,6
KC348405,6
KC348404,6
KC348403,6
KC348402,6
KC348401,6
KC348399,6
KC348398,6
KC285336,6
KC441483,6
KC191671,6
KC441484,6
KC441486,6
KF437714,6
KF218586,6
KF181660,6
KF181659,6
KC844038,6
KC844037,6
KC441485,6
JX977860,6
JX944467,6
JX944466,6
JX944443,6
JX944442,6
JX944441,6
JX944440,6
JX944439,6
JX677557,6
JX677548,6
JX677546,6
JX677536,6
JX677533,6
JX677523,6
JX677521,6
JX677520,6
JX677509,6
JX677504,6
JX677499,6
JX944444,6
JX944445,6
JX944446,6
JX944447,6
JX944465,6
JX944464,6
JX944462,6
JX944461,6
JX944460,6
JX944458,6
JX677484,6
JX944457,6
JX944455,6
JX944454,6
JX944453,6
JX944452,6
JX944456,6
EU420973,6
MH191662,6
MH191665,6
MH458971,6
MH458970,6
MH458961,6
MH458959,6
MH458958,6
MH458955,6
MH458954,6
MH458953,6
MH192324,6
MH192322,6
MH192315,6
MH192309,6
MH192308,6
MH192295,6
MH192292,6
MH192291,6
MH458974,6
MH192289,6
MH458978,6
MH458980,6
MH703679,6
MH703678,6
MH703677,6
MH703676,6
MH703675,6
MH703673,6
MH703672,6
MH703671,6
MH703670,6
MH703669,6
MH703668,6
MH458998,6
MH458995,6
MH458993,6
MH458986,6
MH458984,6
MH458983,6
MH458979,6
MH703680,6
MH192287,6
MH192283,6
MH192188,6
MH192187,6
MH192185,6
MH192181,6
MH192177,6
MH192176,6
MH192175,6
MH192174,6
MH192171,6
MH192170,6
MH192166,6
MH192165,6
MH192162,6
MH192160,6
MH192159,6
MH192156,6
MH192197,6
MH192285,6
MH192199,6
MH192208,6
MH192281,6
MH192279,6
MH192276,6
MH192275,6
MH192274,6
MH192269,6
MH192268,6
MH192266,6
MH192258,6
MH192257,6
MH192253,6
MH192249,6
MH192226,6
MH192217,6
MH192216,6
MH192213,6
MH192209,6
MH192201,6
MH703681,6
MH703682,6
MH703683,6
MK255959,6
MK255958,6
MK255957,6
MK255956,6
MK255955,6
MK255954,6
MK255953,6
MK255952,6
MH714596,6
MH714595,6
MH714594,6
MH714593,6
MH714592,6
MH714591,6
MH714590,6
MH714589,6
MH714588,6
MK255960,6
MH714587,6
MK255961,6
MK255963,6
MK255980,6
MK255979,6
MK255978,6
MK255977,6
MK255976,6
MK255975,6
MK255974,6
MK255973,6
MK255972,6
MK255971,6
MK255970,6
MK255969,6
MK255968,6
MK255967,6
MK255966,6
MK255965,6
MK255964,6
MK255962,6
MH714586,6
MH714585,6
MH714584,6
MH703701,6
MH703700,6
MH703699,6
MH703698,6
MH703697,6
MH703696,6
MH703695,6
MH703694,6
MH703693,6
MH703692,6
MH703691,6
MH703690,6
MH703689,6
MH703688,6
MH703687,6
MH703686,6
MH703684,6
MH703702,6
MH703703,6
MH714561,6
MH714562,6
MH714583,6
MH714582,6
MH714581,6
MH714580,6
MH714579,6
MH714577,6
MH714576,6
MH714575,6
MH192155,6
MH714574,6
MH714572,6
MH714571,6
MH714569,6
MH714568,6
MH714566,6
MH714565,6
MH714564,6
MH714563,6
MH714573,6
MH192153,6
MH192147,6
MH191842,6
MH191840,6
MH191836,6
MH191829,6
MH191825,6
MH191823,6
MH191817,6
MH191814,6
MH191813,6
MH191808,6
MH191807,6
MH191804,6
MH191801,6
MH191798,6
MH191796,6
MH191793,6
MH191792,6
MH191843,6
MH191791,6
MH191845,6
MH191851,6
MH191884,6
MH191880,6
MH191876,6
MH191875,6
MH191874,6
MH191873,6
MH191870,6
MH191869,6
MH191866,6
MH191865,6
MH191864,6
MH191861,6
MH191860,6
MH191858,6
MH191857,6
MH191854,6
MH191853,6
MH191850,6
MH191788,6
MH191785,6
MH191784,6
MH191727,6
MH191725,6
MH191724,6
MH191723,6
MH191707,6
MH191705,6
MH191703,6
MH191702,6
MH191696,6
MH191691,6
MH191678,6
MH191675,6
MH191671,6
MH191669,6
MH191728,6
MH191729,6
MH191733,6
MH191734,6
MH191781,6
MH191777,6
MH191776,6
MH191775,6
MH191773,6
MH191771,6
MH191769,6
MH191766,6
MH191886,6
MH191765,6
MH191757,6
MH191753,6
MH191752,6
MH191748,6
MH191746,6
MH191744,6
MH191742,6
MH191735,6
MH191761,6
MH191664,6
MH191887,6
MH191898,6
MH192080,6
MH192079,6
MH192078,6
MH192076,6
MH192072,6
MH192069,6
MH192068,6
MH192064,6
MH192060,6
MH192055,6
MH192051,6
MH192049,6
MH192047,6
MH192045,6
MH192038,6
MH192084,6
MH192087,6
MH192092,6
MH192145,6
MH192143,6
MH192139,6
MH192132,6
MH192128,6
MH192126,6
MH192120,6
MH192117,6
MH192112,6
MH192111,6
MH192108,6
MH192105,6
MH192102,6
MH192100,6
MH192097,6
MH192096,6
MH192095,6
MH192088,6
MH192032,6
MH192031,6
MH191967,6
MH191966,6
MH191965,6
MH191964,6
MH191960,6
MH191959,6
MH191957,6
MH191951,6
MH191948,6
MH191944,6
MH191924,6
MH191916,6
MH191915,6
MH191912,6
MH191908,6
MH191907,6
MH191900,6
MH191970,6
MH191972,6
MH191974,6
MH191975,6
MH192030,6
MH192026,6
MH192013,6
MH192012,6
MH192011,6
MH192009,6
MH191896,6
MH192008,6
MH191997,6
MH191988,6
MH191985,6
MH191984,6
MH191983,6
MH191981,6
MH191979,6
MH192002,6
AB291036,6
